titulo,url,resumo,data_publicacao,data_atualizacao,pagina,posicao,coletado_em
Integração TEC: mais de 37% dos órgãos e empresas não seguem regras da LGPD,https://g1.globo.com/mg/zona-da-mata/mg1-zona-da-mata/video/integracao-tec-mais-de-37-dos-orgaos-e-empresas-nao-seguem-regras-da-lgpd-14903650.ghtml,Falhas na proteção de dados podem facilitar golpes e outros crimes. Veja esse e outros destaques do quadro.,2026-08-26T13:27:11-03:00,2026-08-26T13:52:03-03:00,0,1,2026-09-17T20:47:13.441773-03:00
EmpregaTrans: capacitação gratuita para pessoas trans e travestis abre 30 vagas em Cuiabá; saiba como se inscrever,https://g1.globo.com/mt/mato-grosso/noticia/2026/09/15/empregatrans-capacitacao-gratuita-para-pessoas-trans-abre-30-vagas-em-cuiaba-saiba-como-se-inscrever.ghtml,"...a organização, os dados fornecidos na inscrição serão tratados de forma confidencial, conforme a Lei Geral de Proteção de Dados (LGPD...",2026-09-15T13:35:26.279000-03:00,2026-09-15T13:40:53.050000-03:00,0,3,2026-09-17T20:47:13.441773-03:00
Brigou no avião? Você poderá ficar até um ano proibido de voar; entenda nova regra da Anac que está em vigor,https://g1.globo.com/turismo-e-viagem/noticia/2026/09/15/brigou-no-aviao-voce-podera-ficar-ate-um-ano-proibido-de-voar-entenda-nova-regra-da-anac-que-esta-em-vigor.ghtml,"...sobre a proteção dos dados pessoais dos passageiros para garantir o cumprimento da Lei Geral de Proteção de Dados, conhecida como LGPD... — ...À BBC, afirmou que ""haverá mudanças nos contratos de transporte aéreo e, caso necessário, ajustes devido à LGPD""...",2026-09-15T00:00:00.640000-03:00,2026-09-15T00:00:01.276000-03:00,0,4,2026-09-17T20:47:13.441773-03:00
Por que o Brasil multou o TikTok e suspendeu lives do Discord? Entenda a diferença entre os casos,https://g1.globo.com/tecnologia/noticia/2026/08/25/por-que-a-anpd-multou-o-tiktok-e-suspendeu-lives-do-discord-entenda-a-diferenca-entre-os-casos.ghtml,"...Mariia Berezovsky No caso envolvendo o TikTok, a ANPD afirmou ter identificado cinco infrações à Lei Geral de Proteção de Dados (LGPD... — ...não reflete as ações previstas nesse plano nem as medidas voluntariamente implementadas desde então, que garantem o cumprimento da LGPD...",2026-08-25T09:29:25.987000-03:00,2026-08-25T16:27:03.279000-03:00,0,5,2026-09-17T20:47:13.441773-03:00
Gilmar Mendes critica vazamento de conversas privadas de Vorcaro e ex-namorada e defende 'LGPD Penal',https://g1.globo.com/politica/noticia/2026/03/09/gilmar-mendes-critica-vazamento-de-conversas-privadas-de-vorcaro-e-ex-namorada-e-defende-lgpd-penal.ghtml,"...Defesa da LGPD Penal O ministro também reforçou a necessidade urgente de aprovação da Lei Geral de Proteção de Dados aplicada ao âmbito... — ...penal (LGPD Penal), em discussão no Congresso...",2026-03-09T16:04:08.099000-03:00,2026-03-09T16:04:08.578000-03:00,0,7,2026-09-17T20:47:13.441773-03:00
Carteirinha do Passe Livre causa dúvidas com nova exigência de documento da LGPD,https://g1.globo.com/mg/triangulo-mineiro/mg1-uberlandia/video/carteirinha-do-passe-livre-causa-duvidas-com-nova-exigencia-de-documento-da-lgpd-14312548.ghtml,"Volta às aulas provoca aumento na procura pelo serviço, que registrou filas e estudantes sem entender a documentação necessária.",2026-02-03T13:37:59-03:00,2026-02-03T13:40:26-03:00,0,9,2026-09-17T20:47:13.441773-03:00
Santarém lança canal digital para denúncias e reclamações sobre o SUS,https://g1.globo.com/pa/santarem-regiao/noticia/2026/09/04/santarem-lanca-canal-digital-para-denuncias-e-reclamacoes-sobre-o-sus.ghtml,...A ferramenta foi desenvolvida seguindo as normas da Lei Geral de Proteção de Dados (LGPD) e passou pela avaliação da Comissão de Denúncias...,2026-09-04T17:33:29.771000-03:00,2026-09-04T17:33:30.561000-03:00,0,10,2026-09-17T20:47:13.441773-03:00
TikTok leva multa inédita no Brasil: o que causou a decisão? E o que muda? Veja perguntas e respostas,https://g1.globo.com/tecnologia/noticia/2026/08/26/tiktok-leva-multa-inedita-no-brasil-o-que-causou-a-decisao-e-o-que-muda-veja-perguntas-e-respostas.ghtml,...g1 O órgão concluiu que o TikTok tratou indevidamente dados de menores de idade em desacordo com a Lei Geral de Proteção de Dados (LGPD... — ...O TikTok afirmou ao g1 que a multa se refere a um período anterior ao seu enquadramento à LGPD e que seguirá dialogando com a agência...,2026-08-26T00:00:46.119000-03:00,2026-08-26T10:17:40.549000-03:00,1,1,2026-09-17T20:47:13.441773-03:00
Governo lança medidas para padronizar uso de biometria em portos e aeroportos,https://g1.globo.com/economia/noticia/2026/08/31/governo-quer-padronizar-uso-de-biometria-em-portos-e-aeroportos.ghtml,"...O processo será guiado pela Lei Geral de Proteção de Dados (LGPD), garantiu o ministério, e será supervisionado pela Autoridade Nacional...",2026-08-31T14:30:11.675000-03:00,2026-08-31T19:52:12.712000-03:00,1,2,2026-09-17T20:47:13.441773-03:00
Prefeitura suspende aplicativo de Zona Azul após vazamento de dados de clientes em Poços de Caldas,https://g1.globo.com/mg/sul-de-minas/noticia/2026/07/14/prefeitura-suspende-aplicativo-de-zona-azul-apos-vazamento-de-dados-de-clientes-em-pocos-de-caldas.ghtml,"...Procon instaurou procedimento administrativo para investigar o incidente, verificar o cumprimento da Lei Geral de Proteção de Dados (LGPD...",2026-07-14T12:29:51.694000-03:00,2026-07-14T15:14:28.533000-03:00,1,4,2026-09-17T20:47:13.441773-03:00
Homem-Aranha na BMW abre discussão: montadoras podem colocar propaganda na tela do carro?,https://g1.globo.com/carros/noticia/2026/08/20/propaganda-na-tela-do-carro.ghtml,"...Contrato, LGPD e Código de Defesa do Consumidor precisam caminhar juntos”, diz o advogado... — ...O Procon-SP também destaca as regras da LGPD sobre consentimento...",2026-08-20T03:00:47.972000-03:00,2026-08-20T03:00:48.715000-03:00,1,5,2026-09-17T20:47:13.441773-03:00
"ANPD multa TikTok em R$ 153,7 milhões por falhas na proteção de menores",https://g1.globo.com/tecnologia/noticia/2026/08/25/anpd-multa-tiktok-por-falhas-na-protecao-de-menores.ghtml,"...Segundo a ANPD, foram identificadas cinco violações à Lei Geral de Proteção de Dados (LGPD) em duas formas de acesso ao TikTok: o ""... — ...não reflete as ações previstas nesse plano nem as medidas voluntariamente implementadas desde então, que garantem o cumprimento da LGPD...",2026-08-25T07:04:00.869000-03:00,2026-08-25T21:01:26.464000-03:00,1,6,2026-09-17T20:47:13.441773-03:00
"Vazamento de dados de mais de 600 pessoas com HIV na BA viola Constituição, LGPD e outras",https://g1.globo.com/ba/bahia/videos-jornal-da-manha/video/vazamento-de-dados-de-mais-de-600-pessoas-com-hiv-na-ba-viola-constituicao-lgpd-e-outras-13952279.ghtml,Código de Ética Médica e as normas do Sistema Único de Saúde (SUS) também foram violadas após a Prefeitura de Feira de Santana divulgar os dados sigilosos.,2025-09-23T06:00:00-03:00,2025-09-23T07:26:17-03:00,1,7,2026-09-17T20:47:13.441773-03:00
LGPD determina regras aos órgãos públicos para protegerem dados dos cidadãos,https://g1.globo.com/to/tocantins/videos-bom-dia-tocantins/video/lgpd-determina-regras-aos-orgaos-publicos-para-protegerem-dados-dos-cidadaos-14030200.ghtml,...LGPD determina regras aos órgãos públicos para protegerem dados dos cidadãos...,2025-10-21T08:24:57-03:00,2025-10-21T12:46:30-03:00,1,8,2026-09-17T20:47:13.441773-03:00
Cadastro de agressores e campanha contra abuso infantil: conheça novas leis sancionadas em Cuiabá,https://g1.globo.com/mt/mato-grosso/noticia/2026/08/26/cadastro-de-agressores-e-campanha-contra-abuso-infantil-conheca-novas-leis-de-cuiaba.ghtml,"...A coleta, o armazenamento e o uso dessas informações deverão seguir a Lei Geral de Proteção de Dados (LGPD) e outras regras relacionadas...",2026-08-26T13:32:58.691000-03:00,2026-08-26T13:40:16.890000-03:00,1,9,2026-09-17T20:47:13.441773-03:00
Homem é preso suspeito de agredir a irmã em Itatiba,https://g1.globo.com/sp/sorocaba-jundiai/noticia/2026/08/20/homem-e-preso-suspeito-de-agredir-a-irma-em-itatiba.ghtml,"...A Santa Casa não informou o estado de saúde da paciente, alegando restrições da Lei Geral de Proteção de Dados (LGPD)...",2026-08-20T17:30:38.110000-03:00,2026-08-20T20:17:40.066000-03:00,1,10,2026-09-17T20:47:13.441773-03:00
"Vazamento de dados de mais de 600 pessoas com HIV na BA viola Constituição, LGPD e outras normas",https://g1.globo.com/ba/feira-de-santana-regiao/noticia/2025/09/23/vazamento-de-dados-de-pessoas-com-hiv-na-ba-viola-leis-e-normas.ghtml,"...Vazamento de dados de mais de 600 pessoas com HIV na BA viola Constituição, LGPD e outras O vazamento dos nomes e dados de mais de... — ...Feira de Santana viola ao menos quatro direitos fundamentais da Constituição Brasileira, a Lei Geral de Proteção de Dados Pessoais (LGPD...",2025-09-23T04:00:48.378000-03:00,2025-09-23T10:15:17.806000-03:00,2,1,2026-09-17T20:47:13.441773-03:00
"Delegada Vilma Alves segue internada após sofrer infarto em Teresina: 'lutando pela vida', diz filha",https://g1.globo.com/pi/piaui/noticia/2026/08/21/delegada-teresina-filha.ghtml,"...privacidade da paciente, ao sigilo das informações de saúde, ao Código de Ética Médica e à Lei Geral de Proteção de Dados Pessoais (LGPD...",2026-08-21T11:10:59.824000-03:00,2026-08-23T09:09:55.559000-03:00,2,2,2026-09-17T20:47:13.441773-03:00
Câmera escondida no banheiro do trabalho: o que diz a lei e como denunciar,https://g1.globo.com/trabalho-e-carreira/noticia/2026/09/05/camera-escondida-no-banheiro-do-trabalho-o-que-diz-a-lei-e-como-denunciar.ghtml,"...trabalhistas, o monitoramento envolve o tratamento de dados pessoais e, portanto, deve seguir as regras da Lei Geral de Proteção de Dados (LGPD...",2026-09-05T03:00:00.395000-03:00,2026-09-06T07:09:21.522000-03:00,2,3,2026-09-17T20:47:13.441773-03:00
Entidades acionam MPF contra óculos inteligentes da Meta por riscos à privacidade e aos consumidores,https://g1.globo.com/tecnologia/noticia/2026/08/21/entidades-acionam-mpf-contra-oculos-inteligentes-da-meta-por-riscos-a-privacidade-e-aos-consumidores.ghtml,...As entidades alegam que o produto pode colocar em risco a privacidade das pessoas e violar a Lei Geral de Proteção de Dados (LGPD)... — ...produto para consumidores e terceiros; a criação de mecanismos para que pessoas filmadas possam exercer seus direitos previstos na LGPD...,2026-08-21T10:40:17.299000-03:00,2026-08-21T10:50:19.593000-03:00,2,4,2026-09-17T20:47:13.441773-03:00
Pastor-belga que atacou veterinária no Senado é retirado das atividades e passará por exames,https://g1.globo.com/df/distrito-federal/noticia/2026/08/19/pastor-belga-que-atacou-veterinaria-no-senado-e-retirado-das-atividades-e-passara-por-exames.ghtml,"...Essa conduta observa as normas do Conselho Federal de Medicina (CFM), o Código de Ética Médica e a Lei Geral de Proteção de Dados (LGPD... — ...Senado Federal ressalta que a divulgação de informações clínicas está sujeita ao sigilo médico e à Lei Geral de Proteção de Dados (LGPD...",2026-08-19T00:00:42.302000-03:00,2026-08-19T00:00:42.953000-03:00,2,5,2026-09-17T20:47:13.441773-03:00
"Brigou no avião? Você poderá ficar até um ano proibido de voar; entenda, em cinco pontos, a nova regra da Anac",https://g1.globo.com/turismo-e-viagem/noticia/2026/08/20/brigou-no-aviao-voce-podera-ficar-ate-um-ano-proibido-de-voar-entenda-em-cinco-pontos-a-nova-regra-da-anac.ghtml,"...Contratos de transporte deverão ser alterados em razão da Lei Geral de Proteção de Dados (LGPD) Renato Pajuelo/AFP via Getty Images... — ...À BBC, afirmou que ""haverá mudanças nos contratos de transporte aéreo e, caso necessário, ajustes devido à LGPD""...",2026-08-20T07:28:41.296000-03:00,2026-08-20T07:38:32.283000-03:00,2,6,2026-09-17T20:47:13.441773-03:00
Motorista de caminhonete persegue e esfaqueia motoboy em pizzaria no PR após briga de trânsito e é encontrado com ajuda de IA,https://g1.globo.com/pr/campos-gerais-sul/noticia/2026/08/21/motorista-de-caminhonete-persegue-e-esfaqueia-motoboy-em-pizzaria-no-pr-apos-briga-de-transito-e-e-encontrado-com-ajuda-de-ia.ghtml,"...Superintendência-Geral de Governança de Serviços e Dados (SGGSD), com operação em conformidade com a Lei Geral de Proteção de Dados Pessoais (LGPD...",2026-08-21T11:51:24.958000-03:00,2026-08-21T11:51:44.315000-03:00,2,7,2026-09-17T20:47:13.441773-03:00
"Latam diz que falha de segurança expôs nome, endereço e parte do cartão de crédito de clientes",https://g1.globo.com/tecnologia/noticia/2026/08/19/latam-incidente-seguranca-dados.ghtml,"...Em respeito aos clientes e em cumprimento à Lei Geral de Proteção de Dados (LGPD) e a legislação aplicável, a companhia comunicou o...",2026-08-19T18:26:49.283000-03:00,2026-08-20T10:25:38.510000-03:00,2,9,2026-09-17T20:47:13.441773-03:00
"Plano de governo: Du Pereira promete painel público, escritório estadual de projetos e diagnóstico das rodovias",https://g1.globo.com/to/tocantins/eleicoes/2026/noticia/2026/09/03/plano-de-governo-du-pereira-promete-painel-publico-escritorio-estadual-de-projetos-e-diagnostico-das-rodovias.ghtml,"...e Inteligência Artificial, garantindo o uso ético da tecnologia para serviços públicos com supervisão humana e conformidade com a LGPD...",2026-09-03T06:01:16.905000-03:00,2026-09-03T06:01:20.134000-03:00,2,10,2026-09-17T20:47:13.441773-03:00
Saiba como evitar ligações abusivas: Procon de Taubaté orienta consumidores,https://g1.globo.com/sp/vale-do-paraiba-regiao/noticia/2026/08/18/saiba-como-evitar-ligacoes-abusivas-procon-de-taubate-orienta-consumidores.ghtml,...O telefone é considerado um dado pessoal protegido pela Lei Geral de Proteção de Dados (LGPD)...,2026-08-18T13:23:44.721000-03:00,2026-08-18T13:23:57.778000-03:00,3,1,2026-09-17T20:47:13.441773-03:00
Vazamento de dados na Latam: entenda o que foi exposto e como se proteger,https://g1.globo.com/tecnologia/noticia/2026/08/20/vazamento-de-dados-na-latam-entenda-o-que-foi-exposto-e-como-se-proteger.ghtml,"...Em respeito aos clientes e em cumprimento à Lei Geral de Proteção de Dados (LGPD) e a legislação aplicável, a companhia comunicou o...",2026-08-20T00:00:34.015000-03:00,2026-08-20T10:20:17.717000-03:00,3,3,2026-09-17T20:47:13.441773-03:00
"Criança de 10 anos ferida após deslizamento de terra onde a mãe morreu segue na UTI, em SC",https://g1.globo.com/sc/santa-catarina/noticia/2026/08/17/crianca-10-anos-ferida-deslizamento-onde-mae-morreu-segue-na-uti.ghtml,"...A Secretaria de Estado da Saúde de Santa Catarina (SES/SC) segue a Lei Geral de Proteção de Dados (LGPD), Lei nº 13.709/2018, que protege...",2026-08-17T09:48:45.303000-03:00,2026-08-17T10:24:19.048000-03:00,3,5,2026-09-17T20:47:13.441773-03:00
Transtorno: Homem engole munição e precisa ser operado no interior de MS,https://g1.globo.com/ms/mato-grosso-do-sul/noticia/2026/08/13/homem-engole-municao-e-passa-por-cirurgia-em-ms.ghtml,"...estado de saúde do homem, mas a unidade informou que não poderia divulgar detalhes em respeito à Lei Geral de Proteção de Dados (LGPD...",2026-08-13T11:31:52.826000-03:00,2026-08-13T17:17:17.339000-03:00,3,6,2026-09-17T20:47:13.441773-03:00
ECA Digital encorpou fiscalização da ANPD sobre redes sociais e proteção de crianças,https://g1.globo.com/politica/blog/julia-duailibi/post/2026/08/13/eca-digital-encorpou-fiscalizacao-da-anpd-sobre-redes-sociais-e-protecao-de-criancas.ghtml,"...Nacional de Proteção de Dados (ANPD), criada originalmente em 2020 para fiscalizar a aplicação da Lei Geral de Proteção de Dados (LGPD...",2026-08-13T08:19:15.930000-03:00,2026-08-13T08:20:36.213000-03:00,3,8,2026-09-17T20:47:13.441773-03:00
MP investiga exposição de dados pessoais de mais de 290 pacientes na Bahia; lista inclui registros de exames de HIV e hepatite,https://g1.globo.com/ba/feira-de-santana-regiao/noticia/2026/08/19/mp-investiga-possivel-exposicao-de-dados-pessoais-e-de-saude-de-pacientes-em-santo-estevao.ghtml,"...unidades públicas de saúde na Bahia e outros estados Vazamento de dados de mais de 600 pessoas com HIV na BA viola Constituição, LGPD...",2026-08-19T15:36:51.337000-03:00,2026-08-19T15:38:54.476000-03:00,3,9,2026-09-17T20:47:13.441773-03:00
Veterinária atacada por pastor-belga do Senado no centro de Brasília passa por cirurgia,https://g1.globo.com/df/distrito-federal/noticia/2026/08/18/veterinaria-atacada-por-pastor-belga-do-senado-no-centro-de-brasilia-passa-por-cirurgia-estado-e-grave.ghtml,"...Essa conduta observa as normas do Conselho Federal de Medicina (CFM), o Código de Ética Médica e a Lei Geral de Proteção de Dados (LGPD...",2026-08-18T15:30:57.944000-03:00,2026-08-18T19:06:17.465000-03:00,3,10,2026-09-17T20:47:13.441773-03:00
Dia do Consumidor: LGPD protege o cidadão com relação às informações pessoais,https://g1.globo.com/pi/piaui/videos-pitv-1-edicao/video/dia-do-consumidor-lgpd-protege-o-cidadao-com-relacao-as-informacoes-pessoais-13428189.ghtml,...Dia do Consumidor: LGPD protege o cidadão com relação às informações pessoais...,2025-03-15T13:10:53-03:00,2025-03-15T13:32:06-03:00,4,1,2026-09-17T20:47:13.441773-03:00
UFR expulsa estudante de engenharia após caso de capacitismo contra colega com deficiência,https://g1.globo.com/mt/mato-grosso/noticia/2026/08/11/ufr-desliga-estudante-apos-apuracao-de-caso-de-capacitismo-contra-colega-com-deficiencia-em-mt.ghtml,"...Segundo a UFR, a decisão segue a Lei Geral de Proteção de Dados Pessoais (LGPD), que estabelece regras para o tratamento de informações...",2026-08-11T16:36:32.246000-03:00,2026-08-11T18:39:23.885000-03:00,4,2,2026-09-17T20:47:13.441773-03:00
Jovem de 15 anos morre após ir à UPA com dor de dente no DF; família denuncia negligência,https://g1.globo.com/df/distrito-federal/noticia/2026/08/19/jovem-de-15-anos-morre-apos-ir-a-upa-com-dor-de-dente-no-df-familia-denuncia-negligencia.ghtml,"...Essa conduta observa as normas do Conselho Federal de Medicina (CFM), o Código de Ética Médica e a Lei Geral de Proteção de Dados (LGPD...",2026-08-19T19:33:24.725000-03:00,2026-08-20T07:22:29.634000-03:00,4,4,2026-09-17T20:47:13.441773-03:00
"Enfermeira denuncia ter sido agredida em plantão no hospital de Samambaia, no DF",https://g1.globo.com/df/distrito-federal/noticia/2026/08/10/enfermeira-denuncia-ter-sido-agredida-durante-plantao-em-hospital-publico-em-samambaia-no-df.ghtml,"...das informações de saúde, assegurados pela Constituição Federal, pela Lei Geral de Proteção de Dados Pessoais (Lei nº 13.709/2018 – LGPD...",2026-08-10T16:03:55.853000-03:00,2026-08-10T18:58:18.868000-03:00,4,5,2026-09-17T20:47:13.441773-03:00
Estudantes de psicologia da Uniso denunciam negligência da gestão ao MEC e apontam crise institucional,https://g1.globo.com/sp/sorocaba-jundiai/noticia/2026/08/11/curso-psicologia-uniso-denuncia-negligencia.ghtml,"...""Em respeito à Lei Geral de Proteção de Dados (LGPD), processos individuais de contratação ou desligamento de docentes não serão comentados...",2026-08-11T15:31:19.933000-03:00,2026-08-11T15:48:01.799000-03:00,4,6,2026-09-17T20:47:13.441773-03:00
"Em programa de governo, Ivan Moraes promete tarifa zero, renda básica estadual, câmeras corporais na PM e comitê de cannabis medicinal",https://g1.globo.com/pe/pernambuco/eleicoes/2026/noticia/2026/09/05/plano-de-governo-de-ivan-moraes.ghtml,"...Ciência e tecnologia Neste eixo do programa de governo, o candidato do PSOL defende a plena execução da Lei Geral de Proteção de Dados (LGPD...",2026-09-05T00:00:00.766000-03:00,2026-09-05T00:00:01.746000-03:00,4,7,2026-09-17T20:47:13.441773-03:00
Câmara de Fortaleza aprova integração de câmeras do Estado e privadas à Guarda Municipal,https://g1.globo.com/ce/ceara/noticia/2026/08/06/camara-de-fortaleza-aprova-integracao-de-cameras-do-estado-e-privadas-a-guarda-municipal.ghtml,"...ainda estabelece regras para o tratamento e a proteção dos dados coletados, em conformidade com a Lei Geral de Proteção de Dados (LGPD...",2026-08-06T17:28:55.328000-03:00,2026-08-06T17:28:56.052000-03:00,4,8,2026-09-17T20:47:13.441773-03:00
Cantor sertanejo internado com leucemia e esposa conversam sobre manter a fé na recuperação: ‘Ser positivos diante dos riscos’,https://g1.globo.com/go/goias/noticia/2026/08/08/cantor-sertanejo-internado-com-leucemia-e-esposa-conversam-sobre-manter-a-fe-na-recuperacao-ser-positivos-diante-dos-riscos.ghtml,"...Em resposta, a unidade informou que não pode divulgar informações sobre pacientes em cumprimento à Lei Geral de Proteção de Dados (LGPD...",2026-08-08T21:39:02.096000-03:00,2026-08-08T21:39:02.811000-03:00,4,9,2026-09-17T20:47:13.441773-03:00
"Cantor sertanejo internado em Goiânia é diagnosticado com leucemia, diz assessoria",https://g1.globo.com/go/goias/noticia/2026/08/06/cantor-sertanejo-internado-em-goiania-e-diagnosticado-com-leucemia-diz-assessoria.ghtml,"...Em resposta, a unidade informou que não pode divulgar informações sobre pacientes em cumprimento à Lei Geral de Proteção de Dados (LGPD...",2026-08-06T21:49:50.105000-03:00,2026-08-06T22:00:14.757000-03:00,5,2,2026-09-17T20:47:13.441773-03:00
"Cantor sertanejo é internado após passar mal em Goiânia, e amigos buscam doação de sangue",https://g1.globo.com/go/goias/noticia/2026/08/06/cantor-sertanejo-e-internado-apos-passar-mal-em-goiania-e-amigos-buscam-doacao-de-sangue.ghtml,"...Em resposta, a unidade informou que não pode divulgar informações sobre pacientes em cumprimento à Lei Geral de Proteção de Dados (LGPD...",2026-08-06T07:25:37.842000-03:00,2026-08-07T11:22:55.895000-03:00,5,3,2026-09-17T20:47:13.441773-03:00
OAB Santos lança cartilha sobre LGPD e o uso da inteligência artificial nas eleições,https://g1.globo.com/sp/santos-regiao/noticia/2024/08/23/oab-santos-lanca-cartilha-sobre-lgpd-e-o-uso-da-inteligencia-artificial-nas-eleicoes.ghtml,"...Brasil (OAB), seção Santos, no litoral de São Paulo, lançou uma cartilha informativa sobre a Lei Geral de Proteção de Dados Pessoais (LGPD... — ...A Cartilha LGPD e Inteligência Artificial nas Eleições pode ser consultada ou baixada pelo site da OAB Santos...",2024-08-23T19:07:23.028000-03:00,2024-08-23T20:40:17.859000-03:00,5,4,2026-09-17T20:47:13.441773-03:00
Viih Tube e Eliezer encerram reality com empregados e pagarão R$ 350 mil por dano moral,https://g1.globo.com/trabalho-e-carreira/noticia/2026/07/29/viih-tube-e-eliezer-firmam-encerram-reality-com-empregados-e-pagarao-r-350-mil.ghtml,"...pelo uso da imagem, consentimento livre e informado do trabalhador e o cumprimento das regras da Lei Geral de Proteção de Dados (LGPD... — ...pelo uso da imagem, consentimento livre e informado do trabalhador e o cumprimento das regras da Lei Geral de Proteção de Dados (LGPD...",2026-07-29T12:23:16.458000-03:00,2026-07-29T17:59:36.629000-03:00,5,5,2026-09-17T20:47:13.441773-03:00
Oficina aborda de forma prática as diretrizes de LGPD em Santarém,https://g1.globo.com/pa/santarem-regiao/videos-jornal-tapajos-2-edicao/video/oficina-aborda-de-forma-pratica-as-diretrizes-de-lgpd-em-santarem-12763540.ghtml,Confira.,2024-07-16T09:10:52-03:00,2024-07-17T09:34:58-03:00,5,6,2026-09-17T20:47:13.441773-03:00
Tarifa Zero: confira passo a passo para recadastramento obrigatório em Uberlândia,https://g1.globo.com/mg/triangulo-mineiro/noticia/2026/08/03/tarifa-zero-confira-passo-a-passo-para-recadastramento-obrigatorio-em-uberlandia.ghtml,...preciso apresentar: Grade Horária Tarifa Zero 2026; Ficha de Cadastro Tarifa Zero 2026; Termo de Consentimento de Dados Pessoais (LGPD...,2026-08-03T00:01:19.698000-03:00,2026-08-03T00:01:20.276000-03:00,5,8,2026-09-17T20:47:13.441773-03:00
"Após seis anos de criação, apenas 36% das empresas se adequaram à LGPD",https://g1.globo.com/sp/bauru-marilia/videos-tem-noticias-1-edicao/video/apos-seis-anos-de-criacao-apenas-36-das-empresas-se-adequaram-a-lgpd-12826350.ghtml,"A Lei Geral de Proteção de Dados completa 6 anos nesta semana. Essa lei entrou em vigor com a promessa de manter em sigilo os dados pessoais dos brasileiros, mas, atualmente apenas 36% das empresas conseguiram se adequar totalmente a essa lei.",2024-08-15T12:45:00-03:00,2024-08-15T14:12:19-03:00,5,9,2026-09-17T20:47:13.441773-03:00
"Morador que denuncia descarte irregular de lixo pode ganhar até R$ 7,6 mil em cidade do interior de SP",https://g1.globo.com/sp/sao-carlos-regiao/noticia/2026/08/09/cidade-no-interior-de-sp-premia-denuncia-de-descarte-irregular-de-lixo-com-ate-20percent-da-multa.ghtml,"...A denúncia não pode ser anônima, mas o sigilo será mantido, em conformidade com a Lei Geral de Proteção de Dados (LGPD)...",2026-08-09T11:09:22.537000-03:00,2026-08-10T18:40:45.840000-03:00,5,10,2026-09-17T20:47:13.441773-03:00
Veja quem eram as vítimas de acidente entre caminhão e ônibus,https://g1.globo.com/go/goias/transito/noticia/2026/08/09/veja-quem-eram-as-vitimas-de-acidente-entre-caminhao-e-onibus.ghtml,"...Essa conduta observa as normas do Conselho Federal de Medicina (CFM), o Código de Ética Médica e a Lei Geral de Proteção de Dados (LGPD...",2026-08-09T18:41:59.319000-03:00,2026-08-09T18:47:48.204000-03:00,6,1,2026-09-17T20:47:13.441773-03:00
Reconhecimento facial é suspenso em escolas no Paraná,https://g1.globo.com/politica/blog/julia-duailibi/post/2026/08/06/anpd-suspende-reconhecimento-facial-alunos-escolas-parana.ghtml,"...“A conveniência fundamentada na praticidade não é capaz de sustentar a necessidade exigida” pela LGPD, afirma a nota...",2026-08-06T16:09:21.912000-03:00,2026-08-06T17:29:07.297000-03:00,6,2,2026-09-17T20:47:13.441773-03:00
Entra em vigor lei que torna obrigatórias câmeras em ônibus de Piracicaba,https://g1.globo.com/sp/piracicaba-regiao/noticia/2026/07/21/entra-em-vigor-lei-que-torna-obrigatorias-cameras-em-onibus-de-piracicaba.ghtml,...A lei estabeleceu que os arquivos serão tratados de acordo com a Lei Geral de Proteção de Dados (LGPD)...,2026-07-21T18:22:08.735000-03:00,2026-07-23T18:30:15.375000-03:00,6,3,2026-09-17T20:47:13.441773-03:00
"Pai de dois filhos e cantor há 20 anos: veja quem é o sertanejo diagnosticado com leucemia, em Goiânia",https://g1.globo.com/go/goias/noticia/2026/08/08/pai-de-dois-filhos-e-cantor-ha-20-anos-veja-quem-e-o-sertanejo-diagnosticado-com-leucemia-em-goiania.ghtml,...Clínicas informou anteriormente ao g1 que não pode divulgar informações sobre pacientes em cumprimento à Lei Geral de Proteção de Dados (LGPD...,2026-08-08T00:00:23.417000-03:00,2026-08-08T18:56:28.208000-03:00,6,4,2026-09-17T20:47:13.441773-03:00
"Menino encontrado trancado dentro de apartamento está na UTI em Goiânia, diz conselheiro tutelar",https://g1.globo.com/go/goias/noticia/2026/07/10/menino-encontrado-trancado-dentro-de-apartamento-esta-na-uti-em-goiania-diz-conselheiro.ghtml,"...nota, o Hecad informou, que, ""em respeito ao Estatuto da Criança e do Adolescente (ECA), à Lei Geral de Proteção de Dados Pessoais (LGPD... — ...Adolescente (Hecad) informa que, em respeito ao Estatuto da Criança e do Adolescente (ECA), à Lei Geral de Proteção de Dados Pessoais (LGPD...",2026-07-10T11:53:26.442000-03:00,2026-07-12T13:14:25.715000-03:00,6,5,2026-09-17T20:47:13.441773-03:00
Empresas poderão operar aplicativos exclusivos para táxis em BH; saiba como credenciar,https://g1.globo.com/mg/minas-gerais/noticia/2026/07/15/empresas-poderao-operar-aplicativos-exclusivos-para-taxis-em-bh-saiba-como-credenciar.ghtml,"...pelos passageiros e compartilhar periodicamente dados operacionais com a prefeitura, respeitando a Lei Geral de Proteção de Dados (LGPD...",2026-07-15T09:35:08.327000-03:00,2026-07-15T09:36:49.434000-03:00,6,6,2026-09-17T20:47:13.441773-03:00
"Câmeras com IA prometem prever crimes antes que aconteçam, mas acendem alerta sobre privacidade",https://g1.globo.com/tecnologia/noticia/2026/08/09/cameras-com-ia-prometem-prever-crimes-antes-que-acontecam-mas-acendem-alerta-sobre-privacidade.ghtml,"...Brasil não tem uma lei específica para regulamentar sistemas de policiamento preditivo, embora a Lei Geral de Proteção de Dados (LGPD...",2026-08-09T05:00:34.850000-03:00,2026-08-12T16:18:28.205000-03:00,6,7,2026-09-17T20:47:13.441773-03:00
MPMA aciona rede de academias e pede fim de multa de 20% e barreiras para cancelamento de planos,https://g1.globo.com/ma/maranhao/noticia/2026/08/03/mp-ma-aciona-rede-de-academias-e-pede-fim-de-multa-de-20percent-e-barreiras-para-cancelamento-de-planos.ghtml,...O órgão afirma que as regras precisam ser mais claras e estar em conformidade com a Lei Geral de Proteção de Dados (LGPD)...,2026-08-03T17:09:18.231000-03:00,2026-08-03T17:24:42.116000-03:00,6,10,2026-09-17T20:47:13.441773-03:00
Adolescente é resgatado após cair de penhasco enquanto soltava pipa em Marília,https://g1.globo.com/sp/bauru-marilia/noticia/2026/07/07/adolescente-cai-de-20-metros-e-e-resgatado-em-marilia.ghtml,"...saúde dos pacientes são divulgadas apenas a familiares autorizados, em respeito ao sigilo médico e à Lei Geral de Proteção de Dados (LGPD...",2026-07-07T19:22:19.588000-03:00,2026-07-08T09:44:32.659000-03:00,7,1,2026-09-17T20:47:13.441773-03:00
Praia Grande regulamenta programa para ampliar monitoramento com câmeras particulares; entenda,https://g1.globo.com/sp/santos-regiao/noticia/2026/07/24/praia-grande-regulamenta-programa-para-ampliar-monitoramento-com-cameras-particulares-entenda.ghtml,"...Assuntos de Segurança Pública, Maurício Vieira Izumi, afirmou que o programa está em conformidade com a Lei Geral de Proteção de Dados (LGPD...",2026-07-24T19:45:43.827000-03:00,2026-07-24T19:49:52.187000-03:00,7,2,2026-09-17T20:47:13.441773-03:00
ANPD abre processo administrativo contra a Claro por compartilhamento irregular de dados de clientes com a Serasa,https://g1.globo.com/tecnologia/noticia/2026/06/08/anpd-processa-claro-por-irregularidades-no-compartilhamento-de-dados-pessoais-de-clientes-com-a-serasa.ghtml,"...Havia sinais de descumprimento da Lei Geral de Proteção de Dados Pessoais (LGPD)... — ...Se as irregularidades forem confirmadas, a operadora poderá ser penalizada com base na Lei Geral de Proteção de Dados (LGPD)...",2026-06-08T18:30:06.590000-03:00,2026-06-08T18:38:03.191000-03:00,7,3,2026-09-17T20:47:13.441773-03:00
"Depois de quase 3 anos, ANPD aplica primeira multa por infração à LGPD",https://g1.globo.com/tecnologia/noticia/2023/07/06/anpd-aplica-primeira-multa-por-infracao-a-lgpd.ghtml,"...quinta-feira (6) que multou a empresa Telekall Infoservice, do ramo de telefonia, por descumprimento à Lei Geral de Proteção de Dados (LGPD... — ...Segundo a coordenadoria-geral de fiscalização da ANPD, a Telekall Infoservice, que tem sede em Vila Velha (ES), violou três artigos da LGPD...",2023-07-06T15:40:35.329000-03:00,2023-11-01T15:25:04.349000-03:00,7,4,2026-09-17T20:47:13.441773-03:00
Multa por descarte irregular de resíduo em Piracicaba vai até R$ 3 mil; veja como denunciar com fotos,https://g1.globo.com/sp/piracicaba-regiao/noticia/2026/07/14/multa-por-descarte-irregular-de-residuo-em-piracicaba-vai-ate-r-3-mil-veja-como-denunciar-com-fotos.ghtml,"...📲 A denúncia é anônima, e os dados do morador são mantidos em sigilo, conforme a Lei Geral de Proteção de Dados Pessoais (LGPD)...",2026-07-14T13:32:47.785000-03:00,2026-07-14T13:56:51.003000-03:00,7,5,2026-09-17T20:47:13.441773-03:00
LGPD completa cinco anos e aponta desafios na proteção da privacidade,https://g1.globo.com/sp/bauru-marilia/videos-tem-noticias-2-edicao/video/lgpd-completa-cinco-anos-e-aponta-desafios-na-protecao-da-privacidade-11978846.ghtml,"Há cinco anos o Brasil criou uma lei para proteger dados pessoais (Lei 13.709/2018). Em um cenário em que informações circulam em velocidade e numa quantidade cada vez maior, o desafio para proteção da privacidade permanece.",2023-09-26T19:00:00-03:00,2023-09-26T20:09:00-03:00,7,6,2026-09-17T20:47:13.441773-03:00
MPMG investiga vazamento de dados de clientes de Zona Azul de Poços de Caldas,https://g1.globo.com/mg/sul-de-minas/noticia/2026/07/23/mp-investiga-vazamento-de-dados-de-clientes-de-zona-azul-de-pocos-de-caldas.ghtml,"...esclarecer a dimensão da invasão, verificar se a concessionária cumpriu as obrigações previstas na Lei Geral de Proteção de Dados (LGPD...",2026-07-23T15:26:30.347000-03:00,2026-07-23T15:39:25.004000-03:00,7,7,2026-09-17T20:47:13.441773-03:00
LGPD completa 5 anos e visa aumentar proteção da informação,https://g1.globo.com/pi/piaui/videos-bom-dia-piaui/video/lgpd-completa-5-anos-e-visa-aumentar-protecao-da-informacao-11861802.ghtml,...LGPD completa 5 anos e visa aumentar proteção da informação...,2023-08-14T08:45:42-03:00,2023-08-14T09:42:56-03:00,7,9,2026-09-17T20:47:13.441773-03:00
"Idec pede ao governo suspensão do Grok, IA de Musk, por violar direitos de crianças, adolescentes e mulheres",https://g1.globo.com/tecnologia/noticia/2026/01/12/idec-pede-ao-governo-suspensao-do-grok-ia-de-musk-por-violacoes-de-direitos-de-criancas-adolescentes-e-mulheres.ghtml,"...O Idec também aponta violações à Lei Geral de Proteção de Dados (LGPD), ao Marco Civil da Internet, ao Estatuto da Criança e do Adolescente...",2026-01-12T11:52:48.558000-03:00,2026-01-12T12:37:38.177000-03:00,8,1,2026-09-17T20:47:13.441773-03:00
"Advogada de Juiz de Fora fala sobre a LGPD, que está completando 5 anos",https://g1.globo.com/mg/zona-da-mata/mg2-zona-da-mata/video/advogada-de-juiz-de-fora-fala-sobre-a-lgpd-que-esta-completando-5-anos-11863936.ghtml,Lei Geral de Proteção de Dados Pessoais visa zelar pela privacidade e a segurança dos dados pessoais dos cidadãos.,2023-08-14T19:39:18-03:00,2023-08-14T19:43:22-03:00,8,2,2026-09-17T20:47:13.441773-03:00
Mais de 50 cursos gratuitos nas férias de julho estão com vagas abertas; veja como se inscrever,https://g1.globo.com/es/espirito-santo/noticia/2026/07/10/mais-de-50-cursos-gratuitos-nas-ferias-de-julho-estao-com-vagas-abertas-veja-como-se-inscrever.ghtml,...Estagiário(a) CIEE: Direitos e Responsabilidades Feedback – Escuta e Evolução Fluxos de Trabalho Mercado Financeiro: Primeiros Passos LGPD...,2026-07-10T11:09:45.818000-03:00,2026-07-10T11:16:42.067000-03:00,8,3,2026-09-17T20:47:13.441773-03:00
Semana da Controladoria inclui palestra sobre a LGPD,https://g1.globo.com/to/tocantins/videos-bom-dia-tocantins/video/semana-da-controladoria-inclui-palestra-sobre-a-lgpd-11199488.ghtml,...Semana da Controladoria inclui palestra sobre a LGPD...,2022-12-13T09:52:15-03:00,2022-12-13T10:49:41-03:00,8,5,2026-09-17T20:47:13.441773-03:00
Ex-babá é condenada por publicar fotos de criança e da mãe nas redes sociais sem autorização no DF,https://g1.globo.com/df/distrito-federal/noticia/2026/06/23/ex-baba-e-condenada-por-publicar-fotos-de-crianca-e-da-mae-nas-redes-sociais-sem-autorizacao-no-df.ghtml,...G1 no Bom Dia DF: Entenda como funciona a Lei Geral de Proteção de Dados (LGPD) O juiz também citou entendimento do Superior Tribunal...,2026-06-23T15:33:51.221000-03:00,2026-06-23T15:35:26.016000-03:00,8,6,2026-09-17T20:47:13.441773-03:00
"Carlos Alberto Parreira é internado no hospital Samaritano, no Rio",https://g1.globo.com/rj/rio-de-janeiro/noticia/2026/06/17/carlos-alberto-parreira-internado.ghtml,"...seus pacientes, não divulga informações sobre estado de saúde, obedecendo o que dispõe a Lei Geral de Proteção de Dados Pessoais (LGPD...",2026-06-17T11:52:18.018000-03:00,2026-06-17T13:12:24.594000-03:00,8,7,2026-09-17T20:47:13.441773-03:00
Saiba como proteger informações pessoais no ambiente digital e evitar golpes,https://g1.globo.com/mg/sul-de-minas/videos-jornal-da-eptv-1-edicao/video/saiba-como-proteger-informacoes-pessoais-no-ambiente-digital-e-evitar-golpes-14302445.ghtml,...Entenda como funciona a Lei Geral de Proteção de Dados - LGPD...,2026-01-30T14:29:23-03:00,2026-01-30T14:52:37-03:00,8,8,2026-09-17T20:47:13.441773-03:00
"Quatro anos após ataque em ônibus, Piracicaba aprova projeto que obriga câmeras no transporte público",https://g1.globo.com/sp/piracicaba-regiao/noticia/2026/06/29/quatro-anos-apos-ataque-em-onibus-camara-aprova-projeto-que-obriga-cameras-no-transporte-publico-em-piracicaba.ghtml,"...competentes e aos representantes legais das empresas responsáveis pelo transporte, observadas as normas da Lei Geral de Proteção de Dados (LGPD...",2026-06-29T18:15:12.325000-03:00,2026-06-30T10:16:43.323000-03:00,8,9,2026-09-17T20:47:13.441773-03:00
"Mortes pós-parto em hospital do DF: médicos não têm acesso a dados de pré-natal, diz enfermeira",https://g1.globo.com/df/distrito-federal/noticia/2026/07/15/mortes-pos-parto-em-hospital-do-df-medicos-nao-tem-acesso-a-dados-de-pre-natal-diz-enfermeira.ghtml,"...segue as diretrizes do Ministério da Saúde, os padrões da Rede Nacional de Dados em Saúde (RNDS), a Lei Geral de Proteção de Dados (LGPD...",2026-07-15T19:26:34.452000-03:00,2026-07-15T19:43:16.513000-03:00,9,1,2026-09-17T20:47:13.441773-03:00
Procon multa operadora de celular que exigiu CPF de consumidor durante compra,https://g1.globo.com/mg/minas-gerais/noticia/2025/04/02/procon-multa-operadora-de-celular-que-exigiu-cpf-de-consumidor-durante-compra.ghtml,...ato do pagamento de determinada compra viola o Código de Defesa do Consumidor (CDC) e a Lei Geral de Proteção de Dados Pessoais (LGPD...,2025-04-02T16:31:47.268000-03:00,2025-12-13T03:21:56.350000-03:00,9,2,2026-09-17T20:47:13.441773-03:00
"iFood diz que dados de 1,2 milhão de usuários foram vazados; veja o que foi afetado",https://g1.globo.com/tecnologia/noticia/2026/06/03/ifood-vazamento-dados.ghtml,"...Divulgação Em nota, o iFood afirmou que segue adotando medidas de proteção e atuando em conformidade com a Lei Geral de Proteção de Dados (LGPD...",2026-06-03T13:45:30.790000-03:00,2026-06-03T19:22:52.797000-03:00,9,3,2026-09-17T20:47:13.441773-03:00
MPF abre inquérito para investigar suposta espionagem contra deputados no processo de privatização da Copasa,https://g1.globo.com/mg/minas-gerais/noticia/2026/05/18/mpf-abre-inquerito-para-investigar-suposta-espionagem-contra-deputados-no-processo-de-privatizacao-da-copasa.ghtml,"...investigação busca apurar eventual violação de direitos fundamentais e possível descumprimento da Lei Geral de Proteção de Dados (LGPD... — ...O órgão também aponta dúvidas sobre a adequação da coleta de informações à LGPD, principalmente em relação ao tratamento de dados pessoais...",2026-05-18T14:55:11.596000-03:00,2026-05-19T10:42:03.024000-03:00,9,4,2026-09-17T20:47:13.441773-03:00
Caso Joice Batiston: motociclista de aplicativo é preso suspeito de envolvimento na morte de jovem encontrada ferida em MG,https://g1.globo.com/mg/sul-de-minas/noticia/2026/06/25/caso-joice-batiston-prisao.ghtml,"...Em resposta ao g1 nesta quinta-feira (25), a empresa afirmou que, em razão da Lei Geral de Proteção de Dados (LGPD), informações sobre...",2026-06-25T11:11:55.142000-03:00,2026-06-26T09:09:51.539000-03:00,9,5,2026-09-17T20:47:13.441773-03:00
Santa Bárbara d'Oeste confirma 1ª morte por gripe em 2026,https://g1.globo.com/sp/piracicaba-regiao/noticia/2026/05/12/santa-barbara-doeste-confirma-1a-morte-por-gripe-em-2026.ghtml,"...idade da vítima, nem especificou se o idoso tinha comorbidades ou se estava internado, em respeito a Lei Geral de Proteção de Dados (LGPD...",2026-05-12T12:08:24.389000-03:00,2026-05-12T12:10:40.178000-03:00,9,6,2026-09-17T20:47:13.441773-03:00
Instituto é investigado por falha na proteção de dados de pacientes de unidades públicas de saúde na Bahia e outros estados,https://g1.globo.com/ba/bahia/noticia/2026/07/08/instituto-e-investigado-apos-vazamento-de-dados-de-pacientes-na-bahia-e-outros-estados.ghtml,...investiga a razão para o incidente de segurança e averigua se foram cometidas infrações à Lei Geral de Proteção de Dados Pessoais (LGPD...,2026-07-08T17:05:02.767000-03:00,2026-07-08T20:14:52.149000-03:00,9,8,2026-09-17T20:47:13.441773-03:00
Renato Igor: LGPD cria empecilho no diagnóstico e tratamento de câncer,https://g1.globo.com/rs/rio-grande-do-sul/videos-jornal-do-almoco/video/renato-igor-lgpd-cria-empecilho-no-diagnostico-e-tratamento-de-cancer-11044383.ghtml,...Renato Igor: LGPD cria empecilho no diagnóstico e tratamento de câncer...,2022-10-20T15:12:22-03:00,2022-10-20T15:15:49-03:00,9,9,2026-09-17T20:47:13.441773-03:00
Fiscalização da LGPD começa em um mês,https://g1.globo.com/sp/vale-do-paraiba-regiao/videos-jornal-vanguarda/video/fiscalizacao-da-lgpd-comeca-em-um-mes-9707327.ghtml,Confira a reportagem exibida pelo Jornal Vanguarda.,2021-07-21T19:16:00-03:00,2021-07-21T20:42:21-03:00,10,4,2026-09-17T20:47:13.441773-03:00
Candidata consegue decisão para voltar ao concurso da PMTO após eliminação por ter ex com ficha criminal,https://g1.globo.com/to/tocantins/noticia/2026/05/12/candidata-consegue-decisao-para-voltar-ao-concurso-da-pmto-apos-eliminacao-por-ter-ex-com-passagem-pela-policia.ghtml,"...no g1 A PM informou que a investigação social do concurso envolve dados sigilosos, protegidos pela Lei Geral de Proteção de Dados (LGPD... — ...concurso público envolve informações de caráter restrito, tratadas em conformidade com a Lei Geral de Proteção de Dados Pessoais (LGPD...",2026-05-12T15:23:15.033000-03:00,2026-05-12T17:14:14.214000-03:00,10,5,2026-09-17T20:47:13.441773-03:00
Empresas ainda têm dificuldades para se adequar à LGPD; advogada de Juiz de Fora orienta,https://g1.globo.com/mg/zona-da-mata/mg1-zona-da-mata/video/empresas-ainda-tem-dificuldades-para-se-adequar-a-lgpd-advogada-de-juiz-de-fora-orienta-10964490.ghtml,"...Em vigor desde 2020, Lei Geral de Proteção de Dados (LGPD) visa garantir mais segurança e transparência às informações pessoais coletadas...",2022-09-24T16:55:08-03:00,2022-09-24T17:01:29-03:00,10,6,2026-09-17T20:47:13.441773-03:00
Especialistas de SC dão dicas para empresas se adequarem à LGPD,https://g1.globo.com/sc/santa-catarina/techsc/noticia/2021/09/30/especialistas-dao-dicas-para-empresas-se-adequarem-a-lgpd.ghtml,"...Especialistas dão dicas para empresas se adequarem à LGPD Desde o mês passado, quem não estiver de acordo com a Lei geral de Proteção... — ...Fernanda Nones: Foi constatado que não existe um consenso entre as empresas que participaram, o que a LGPD obriga é que as empresas...",2021-09-30T14:03:14.620000-03:00,2021-09-30T14:27:14.297000-03:00,10,7,2026-09-17T20:47:13.441773-03:00
Criança cai de brinquedo de shopping e precisa ser encaminhada para hospital em Porto Alegre,https://g1.globo.com/rs/rio-grande-do-sul/noticia/2026/05/09/acidente-crianca-brinquedo-shopping-porto-alegre.ghtml,"...A Secretaria Municipal de Saúde, responsável pelo HPS, afirma que ""em razão da LGPD (Lei Geral de Proteção de Dados Pessoais), não...",2026-05-09T20:26:41.021000-03:00,2026-05-10T07:36:20.626000-03:00,10,9,2026-09-17T20:47:13.441773-03:00
Busca para se adequar à LGPD cresceu mais de 500% no último ano,https://g1.globo.com/sp/sorocaba-jundiai/videos-tem-noticias-1-edicao/video/busca-para-se-adequar-a-lgpd-cresceu-mais-de-500-no-ultimo-ano-10508688.ghtml,"...Desde que passou a valer no Brasil, em setembro de 2020, a Lei Geral de Proteção de Dados (LGPD) fez crescer entre as empresas a necessidade...",2022-04-22T12:17:56-03:00,2022-04-22T13:14:21-03:00,10,10,2026-09-17T20:47:13.441773-03:00
"Mulher de 28 anos morre dias após extrair dente do siso no interior de SP, diz família",https://g1.globo.com/sp/sao-carlos-regiao/noticia/2026/06/11/mulher-de-29-anos-morre-apos-passar-mal-dias-depois-de-retirar-dente-do-siso-diz-familia.ghtml,"...Informou ainda que ""não se pronuncia sobre pacientes específicos, visto que os atendimentos e outras questões estão protegidas pela LGPD...",2026-06-11T11:11:39.171000-03:00,2026-06-11T17:35:07.663000-03:00,11,1,2026-09-17T20:47:13.441773-03:00
Teresópolis instala primeiros totens inteligentes com reconhecimento facial,https://g1.globo.com/rj/regiao-serrana/noticia/2026/06/02/teresopolis-instala-primeiros-totens-inteligentes-com-reconhecimento-facial.ghtml,...A legislação também prevê que o uso das tecnologias de videomonitoramento siga as normas da Lei Geral de Proteção de Dados (LGPD) e...,2026-06-02T15:38:13.120000-03:00,2026-06-02T15:38:13.550000-03:00,11,2,2026-09-17T20:47:13.441773-03:00
VÍDEO: Como funcionam as multas da LGPD?,https://g1.globo.com/economia/tecnologia/video/video-como-funcionam-as-multas-da-lgpd-9289766.ghtml,"Programa com o Altieres Rohr, especialista em segurança digital, e Danilo Doneda, advogado, mostrou o que se sabe sobre a exposição de dados e como se prevenir de golpes na internet.",2021-02-18T10:37:00-03:00,2021-02-22T12:12:12-03:00,11,3,2026-09-17T20:47:13.441773-03:00
Acidente com menino de 8 anos em brinquedo de shopping em Porto Alegre será investigado pela polícia,https://g1.globo.com/rs/rio-grande-do-sul/noticia/2026/05/11/acidente-com-menino-de-8-anos-em-brinquedo-de-shopping-em-porto-alegre-sera-investigado-pela-policia.ghtml,"...Saúde (SMS), responsável pelo HPS, informou que não divulga informações de pacientes em respeito à Lei Geral de Proteção de Dados (LGPD...",2026-05-11T14:10:07.979000-03:00,2026-05-11T14:10:08.594000-03:00,11,4,2026-09-17T20:47:13.441773-03:00
Especialistas dão dicas para empresas se adequarem à LGPD,https://globoplay.globo.com/v/9892445/,...Especialistas dão dicas para empresas se adequarem à LGPD...,2021-09-26T07:40:00-03:00,2021-09-26T07:55:07-03:00,11,7,2026-09-17T20:47:13.441773-03:00
Reality de Viih Tube que daria R$ 20 mil a funcionário vira alvo do MPT; veja os direitos dos trabalhadores,https://g1.globo.com/trabalho-e-carreira/noticia/2026/07/02/reality-de-viih-tube-que-daria-r-20-mil-a-funcionario-vira-alvo-do-mpt-veja-os-direitos-dos-trabalhadores.ghtml,"...pelo uso da imagem, consentimento livre e informado do trabalhador e o cumprimento das regras da Lei Geral de Proteção de Dados (LGPD...",2026-07-02T11:45:57.324000-03:00,2026-07-02T19:31:16.830000-03:00,11,9,2026-09-17T20:47:13.441773-03:00
Confira a última reportagem da série 'De Olho no LGPD',https://g1.globo.com/mg/grande-minas/videos-mg-inter-tv-1-edicao/video/confira-a-ultima-reportagem-da-serie-de-olho-no-lgpd-9783213.ghtml,Entenda como a lei impacta nossa vida.,2021-08-19T13:31:02-03:00,2021-08-19T14:13:04-03:00,11,10,2026-09-17T20:47:13.441773-03:00
Empresa de Chapecó oferece consultoria e suporte para empresas se adequarem à LGPD,https://globoplay.globo.com/v/10213891/,...Empresa de Chapecó oferece consultoria e suporte para empresas se adequarem à LGPD...,2022-01-16T07:05:00-03:00,2022-01-16T07:20:05-03:00,12,1,2026-09-17T20:47:13.441773-03:00
Advogada explica como a LGPD ajuda na proteção de dados na internet,https://g1.globo.com/to/tocantins/videos-bom-dia-tocantins/video/advogada-explica-como-a-lgpd-ajuda-na-protecao-de-dados-na-internet-9961310.ghtml,...Advogada explica como a LGPD ajuda na proteção de dados na internet...,2021-10-19T06:00:00-03:00,2021-10-19T11:20:48-03:00,12,2,2026-09-17T20:47:13.441773-03:00
Descumprimento da LGPD já pode gerar multas ou advertências,https://g1.globo.com/sp/bauru-marilia/videos-tem-noticias-2-edicao/video/descumprimento-da-lgpd-ja-pode-gerar-multas-ou-advertencias-9736456.ghtml,...Autoridade Nacional de Proteção de Dados já pode advertir e até multar as empresas que descumprirem a Lei Geral de Proteção de Dados (LGPD...,2021-08-02T19:00:00-03:00,2021-08-02T20:00:04-03:00,12,3,2026-09-17T20:47:13.441773-03:00
Golpe usa falsa promoção de internet para coletar CPF e biometria facial de moradores em Nova Friburgo,https://g1.globo.com/rj/regiao-serrana/noticia/2026/06/02/golpe-usa-falsa-promocao-de-internet-para-coletar-cpf-e-biometria-facial-de-moradores-em-nova-friburgo.ghtml,"...De acordo com a empresa, o procedimento está em conformidade com a Lei Geral de Proteção de Dados (LGPD)...",2026-06-02T11:04:55.327000-03:00,2026-06-02T20:24:27.139000-03:00,12,4,2026-09-17T20:47:13.441773-03:00
Confira a terceira reportagem da série 'De Olho no LGPD',https://g1.globo.com/mg/grande-minas/videos-mg-inter-tv-1-edicao/video/confira-a-terceira-reportagem-da-serie-de-olho-no-lgpd-9780184.ghtml,"Controlador, Operador e Encarregado de Dados. Saiba quem são os agentes da Lei.",2021-08-18T13:36:45-03:00,2021-08-18T15:49:37-03:00,12,5,2026-09-17T20:47:13.441773-03:00
Confira a primeira reportagem da série 'De Olho no LGPD',https://g1.globo.com/mg/grande-minas/videos-mg-inter-tv-1-edicao/video/confira-a-primeira-reportagem-da-serie-de-olho-no-lgpd-9773096.ghtml,Entenda como os dados são sensíveis e os cuidados que as empresas precisam ter.,2021-08-16T13:36:23-03:00,2021-08-16T14:16:05-03:00,12,7,2026-09-17T20:47:13.441773-03:00
De olho na LGPD: saiba a diferença entre dados pessoais e sensíveis,https://g1.globo.com/mg/triangulo-mineiro/mg1-uberlandia/video/de-olho-na-lgpd-saiba-a-diferenca-entre-dados-pessoais-e-sensiveis-9756865.ghtml,Série da TV Integração aborda a Lei Geral de Proteção de Dados. Na primeira reportagem veja os cuidados que as empresas que trabalham com os dados sensíveis precisam ter.,2021-08-10T13:31:11-03:00,2021-08-10T14:01:18-03:00,12,9,2026-09-17T20:47:13.441773-03:00
Licitação de 58 novos radares de trânsito em Piracicaba é suspensa pela 2ª vez pelo TCE,https://g1.globo.com/sp/piracicaba-regiao/noticia/2026/05/14/tribunal-de-contas-suspende-pela-segunda-vez-licitacao-que-previa-58-novos-radares-em-piracicaba.ghtml,"...captura de vídeo, processamento de infrações e sistemas de gestão de dados em conformidade com a Lei Geral de Proteção de Dados (LGPD...",2026-05-14T18:59:54.415000-03:00,2026-05-14T19:14:16.797000-03:00,13,2,2026-09-17T20:47:13.441773-03:00
Levantamento mostra aumento de 33% no número de empresas que procuram se adequar à LGPD,https://g1.globo.com/sp/sao-carlos-regiao/videos-jornal-da-eptv-1-edicao/video/levantamento-mostra-aumento-de-33-no-numero-de-empresas-que-procuram-se-adequar-a-lgpd-10390893.ghtml,Os dados são de uma empresa de consultoria e considerou o crescimento dessa demanda no Estado de São Paulo no ano de 2021 em relação a 2020.,2022-03-15T12:22:12-03:00,2022-03-15T13:28:31-03:00,13,3,2026-09-17T20:47:13.441773-03:00
Cresce o número de empresas que buscam se adequar à LGPD no estado de SP,https://g1.globo.com/sp/ribeirao-preto-franca/videos-jornal-da-eptv-1-edicao/video/cresce-o-numero-de-empresas-que-buscam-se-adequar-a-lgpd-no-estado-de-sp-10390688.ghtml,"Pesquisa mostra que em 2022, a busca por medidas que estejam dentro da Lei de Proteção de dados cresceu 33¢ em relação a 2021.",2022-03-15T11:24:49-03:00,2022-03-15T12:57:29-03:00,13,4,2026-09-17T20:47:13.441773-03:00
De olho na LGPD: saiba a diferença entre dados pessoais e sensíveis,https://g1.globo.com/mg/centro-oeste/videos-mgtv-1-edicao/video/de-olho-na-lgpd-saiba-a-diferenca-entre-dados-pessoais-e-sensiveis-9757215.ghtml,Série da TV Integração aborda a Lei Geral de Proteção de Dados. Na primeira reportagem veja os cuidados que as empresas que trabalham com os dados sensíveis precisam ter.,2021-08-10T15:14:54-03:00,2021-08-10T15:40:00-03:00,13,5,2026-09-17T20:47:13.441773-03:00
G1 no Bom Dia DF: Entenda como funciona a Lei Geral de Proteção de Dados (LGPD),https://g1.globo.com/df/distrito-federal/bom-dia-df/video/g1-no-bom-dia-df-entenda-como-funciona-a-lei-geral-de-protecao-de-dados-lgpd-10471107.ghtml,"Veja também: Iges-DF abre seleção para enfermeiros, técnicos e médicos.",2022-04-11T07:08:00-03:00,2022-04-11T08:19:29-03:00,13,6,2026-09-17T20:47:13.441773-03:00
De olho na LGPD: empresas se reestruturam para se adequar à nova lei,https://g1.globo.com/mg/centro-oeste/videos-mgtv-1-edicao/video/de-olho-na-lgpd-empresas-se-reestruturam-para-se-adequar-a-nova-lei-9760841.ghtml,"Série da TV Integração aborda a Lei Geral de Proteção de Dados. Na segunda reportagem, veja como diretores passaram a agir após as mudanças, principalmente, no setor de contabilidade.",2021-08-11T16:24:40-03:00,2021-08-11T16:28:12-03:00,13,7,2026-09-17T20:47:13.441773-03:00
De olho na LGPD: série mostra empresas que precisaram se adequar à legislação,https://g1.globo.com/mg/zona-da-mata/mg1-zona-da-mata/video/de-olho-na-lgpd-serie-mostra-empresas-que-precisaram-se-adequar-a-legislacao-9760345.ghtml,"Série que esclarece o que é a Lei geral de proteção de dados mostra o exemplo de empresas de Uberlândia, no Triângulo Mineiro, que precisaram se reestruturar para funcionar dentro das novas normas de coleta, uso e armazenamento de dados.",2021-08-11T14:04:22-03:00,2021-08-11T14:07:46-03:00,13,8,2026-09-17T20:47:13.441773-03:00
Tela Brasil: Universidade de Alagoas cria streaming gratuito dedicado ao cinema brasileiro,https://g1.globo.com/al/alagoas/noticia/2026/05/29/tela-brasil-governo-lanca-streaming-gratuito-com-mais-de-500-filmes-nacionais.ghtml,...O tratamento de dados seguirá as regras da Lei Geral de Proteção de Dados (LGPD)...,2026-05-29T18:49:20.305000-03:00,2026-05-30T14:05:46.040000-03:00,13,9,2026-09-17T20:47:13.441773-03:00
"Motociclista morre e homem fica em estado grave após acidente com caminhão na BR-494, em Divinópolis",https://g1.globo.com/mg/centro-oeste/noticia/2026/04/13/motociclista-morre-e-homem-fica-em-estado-grave-apos-acidente-com-caminhao-na-br-494-em-divinopolis.ghtml,"...divulga mais a idade nem detalhes sobre o estado de saúde das vítimas, alegando conformidade com Lei Geral de Proteção de Dados (LGPD...",2026-04-13T17:13:09.947000-03:00,2026-04-13T17:13:10.398000-03:00,14,1,2026-09-17T20:47:13.441773-03:00
'De olho na LGPD': série apresenta que são agentes da legislação nas empresas,https://g1.globo.com/mg/centro-oeste/videos-mgtv-1-edicao/video/de-olho-na-lgpd-serie-apresenta-que-sao-agentes-da-legislacao-nas-empresas-9764104.ghtml,"Conheça na quarta reportagem da série, que fala sobre a Lei geral de proteção dos dados, quem são e as funções do controlador, operador e encarregado de dados.",2021-08-12T16:10:30-03:00,2021-08-12T16:13:03-03:00,14,2,2026-09-17T20:47:13.441773-03:00
De olho na LGPD: empresas se reestruturam para se adequar à nova lei,https://g1.globo.com/mg/triangulo-mineiro/mg1-uberlandia/video/de-olho-na-lgpd-empresas-se-reestruturam-para-se-adequar-a-nova-lei-9760159.ghtml,"Série da TV Integração aborda a Lei Geral de Proteção de Dados. Na segunda reportagem, veja como diretores passaram a agir após as mudanças, principalmente no setor de contabilidade.",2021-08-11T13:35:23-03:00,2021-08-11T13:44:38-03:00,14,3,2026-09-17T20:47:13.441773-03:00
De Olho na LGPD: Série explica a responsabilidade das empresas com os dados dos clientes,https://g1.globo.com/to/tocantins/videos-bom-dia-tocantins/video/de-olho-na-lgpd-serie-explica-a-responsabilidade-das-empresas-com-os-dados-dos-clientes-9836909.ghtml,...De Olho na LGPD: Série explica a responsabilidade das empresas com os dados dos clientes...,2021-09-07T10:20:05-03:00,2021-09-07T13:06:49-03:00,14,5,2026-09-17T20:47:13.441773-03:00
"Caso de homem que invadiu apartamento de vizinha: perseguição, ameaça e importunação podem configurar crimes em condomínios",https://g1.globo.com/sp/vale-do-paraiba-regiao/noticia/2026/05/11/caso-de-homem-que-invadiu-apartamento-de-vizinha-perseguicao-ameaca-e-importunacao-podem-configurar-crimes-em-condominios.ghtml,"...De acordo com a advogada, a Lei Geral de Proteção de Dados (LGPD) não impede o uso dessas gravações em investigações ou processos judiciais...",2026-05-11T12:53:35.591000-03:00,2026-05-11T14:26:28.031000-03:00,14,6,2026-09-17T20:47:13.441773-03:00
De olho na LGPD: reportagem mostra como a lei impacta na vida das pessoas,https://g1.globo.com/mg/triangulo-mineiro/mg1-uberlandia/video/de-olho-na-lgpd-reportagem-mostra-como-a-lei-impacta-na-vida-das-pessoas-9766741.ghtml,"Série da TV Integração aborda a Lei Geral de Proteção de Dados. Quarta e última reportagem fala sobre postura que empresários devem ter, mesmo aqueles que não vendem pela internet.",2021-08-13T13:17:48-03:00,2021-08-13T13:47:51-03:00,14,7,2026-09-17T20:47:13.441773-03:00
De Olho na LGPD: conheça quem são os agentes responsáveis pelo funcionamento da lei,https://g1.globo.com/mg/zona-da-mata/mg1-zona-da-mata/video/de-olho-na-lgpd-conheca-quem-sao-os-agentes-responsaveis-pelo-funcionamento-da-lei-9763708.ghtml,"A terceira reportagem da série do MG1 apresenta as funções de controlador, operador e encarregado de dados, responsáveis pelo funcionamento de toda a engrenagem.",2021-08-12T14:22:32-03:00,2021-08-12T14:26:49-03:00,14,8,2026-09-17T20:47:13.441773-03:00
"De olho na LGPD: saiba quem são o controlador, o operador e o encarregado de dados",https://g1.globo.com/mg/triangulo-mineiro/mg1-uberlandia/video/de-olho-na-lgpd-saiba-quem-sao-o-controlador-o-operador-e-o-encarregado-de-dados-9763431.ghtml,Série da TV Integração aborda a Lei Geral de Proteção de Dados. Na terceira reportagem veja quem são os agentes envolvidos na lei e como atua cada um.,2021-08-12T13:33:12-03:00,2021-08-12T13:48:30-03:00,14,9,2026-09-17T20:47:13.441773-03:00
Casa do Trabalhador e Sest Senat oferecem 170 vagas em cursos gratuitos online em Feira de Santana,https://g1.globo.com/ba/feira-de-santana-regiao/noticia/2026/05/05/cursos-bahia.ghtml,"...ambiental; Segurança: 10 cursos, com temas como primeiros socorros e prevenção de acidentes; Legislação: 7 cursos, com conteúdos sobre LGPD...",2026-05-05T11:45:31.482000-03:00,2026-05-07T09:19:24.419000-03:00,14,10,2026-09-17T20:47:13.441773-03:00
Fotógrafo é condenado a pagar R$ 20 mil por vender fotos e vídeos íntimos de modelo sem autorização,https://g1.globo.com/sp/bauru-marilia/noticia/2026/05/13/fotografo-e-condenado-a-pagar-r-20-mil-por-vender-fotos-e-videos-intimos-de-modelo-sem-autorizacao.ghtml,"...O juiz fundamentou a decisão com base na Lei Geral de Proteção de Dados (LGPD), afirmando que houve ""tratamento ilícito de dados pessoais...",2026-05-13T13:08:29.591000-03:00,2026-05-13T14:18:19.468000-03:00,15,1,2026-09-17T20:47:13.441773-03:00
LGPD: Cresce número de especializações em segurança digital,https://globoplay.globo.com/v/8872964/,"...Com entrada em vigor da LGPD, especialistas ampliam investimentos...",2020-09-21T10:18:00-03:00,2020-09-21T10:23:19-03:00,15,2,2026-09-17T20:47:13.441773-03:00
"Turista que pulou nas Cataratas do Iguaçu para pegar celular pode ser multado e proibido de voltar ao parque, diz Governo Federal",https://g1.globo.com/pr/oeste-sudoeste/noticia/2026/06/09/icmbio-turista-cataratas.ghtml,"...As informações de identificação do visitante não serão divulgadas em respeito à Lei Geral de Proteção de Dados Pessoais (LGPD).""...",2026-06-09T00:00:45.788000-03:00,2026-06-09T19:18:22.957000-03:00,15,3,2026-09-17T20:47:13.441773-03:00
LGPD vai proteger dados dos usuários; advogado tira dúvidas,https://g1.globo.com/rs/rio-grande-do-sul/videos-jornal-do-almoco/video/lgpd-vai-proteger-dados-dos-usuarios-advogado-tira-duvidas-9176421.ghtml,...LGPD vai proteger dados dos usuários; advogado tira dúvidas...,2021-01-13T21:12:00-03:00,2021-01-13T21:29:44-03:00,15,5,2026-09-17T20:47:13.441773-03:00
MS proíbe câmeras em salas de aula e estabelece regras para uso de inteligência artificial,https://g1.globo.com/ms/mato-grosso-do-sul/noticia/2026/05/18/ms-proibe-cameras-em-salas-de-aula-e-estabelece-regras-para-uso-de-inteligencia-artificial.ghtml,"...A nova regulamentação segue a Lei Geral de Proteção de Dados (LGPD) e tem como foco principal a proteção de crianças, adolescentes...",2026-05-18T11:29:11.899000-03:00,2026-05-18T11:29:12.603000-03:00,15,6,2026-09-17T20:47:13.441773-03:00
De olho na LGPD: última reportagem da série detalha como a lei funciona na prática,https://g1.globo.com/mg/zona-da-mata/mg1-zona-da-mata/video/de-olho-na-lgpd-ultima-reportagem-da-serie-detalha-como-a-lei-funciona-na-pratica-9766840.ghtml,"Vamos ver de que forma a lei impacta na nossa vida, tanto em relação à postura que nós, titulares de dados temos que ter, quanto as ações do pequeno empresário, de entender, por exemplo, que mesmo que ele não atue na internet, também vai precisar se adaptar.",2021-08-13T13:41:31-03:00,2021-08-13T13:58:52-03:00,15,7,2026-09-17T20:47:13.441773-03:00
LGPD: multa para empresas que vazarem dados de clientes não está sendo aplicada,https://g1.globo.com/pe/pernambuco/bom-dia-pe/video/lgpd-multa-para-empresas-que-vazarem-dados-de-clientes-nao-esta-sendo-aplicada-9495791.ghtml,Lei está em vigor desde o ano passado e deveria garantir segurança para os cidadãos,2021-05-07T06:30:48-03:00,2021-05-07T08:34:44-03:00,15,8,2026-09-17T20:47:13.441773-03:00
De olho na LGPD: série do MG1 vai falar sobre a Lei Geral de Proteção de Dados,https://g1.globo.com/mg/zona-da-mata/mg1-zona-da-mata/video/de-olho-na-lgpd-serie-do-mg1-vai-falar-sobre-a-lei-geral-de-protecao-de-dados-9756820.ghtml,Primeira reportagem explica o que são dados sensíveis e os cuidados que as empresas que lidam com eles deve ter.,2021-08-10T13:48:53-03:00,2021-08-10T13:53:51-03:00,15,10,2026-09-17T20:47:13.441773-03:00
De olho na LGPD: saiba como a Lei Geral de Proteção de Dados vai impactar na sua vida,https://g1.globo.com/mg/centro-oeste/videos-mgtv-1-edicao/video/de-olho-na-lgpd-saiba-como-a-lei-geral-de-protecao-de-dados-vai-impactar-na-sua-vida-9767582.ghtml,"...Na última reportagem da série, TV Integração mostra como a LGPD interfere no cotidiano, tanto em relação à postura dos titulares de...",2021-08-13T16:56:04-03:00,2021-08-13T17:00:31-03:00,16,1,2026-09-17T20:47:13.441773-03:00
Justiça determina transparência total em cargos e gastos da Alerj,https://g1.globo.com/rj/rio-de-janeiro/noticia/2026/05/28/alerj-justica-determina-transparencia-total-em-cargos-e-gastos.ghtml,"...2011; Lei nº 14.129/2021 - Lei do Governo Digital, de 29 de março de 2021; Lei nº 13.709 - Lei Geral de Proteção de Dados Pessoais (LGPD...",2026-05-28T17:17:41.748000-03:00,2026-05-28T18:46:53.117000-03:00,16,2,2026-09-17T20:47:13.441773-03:00
LGPD: veja quais serão os primeiros passos da autoridade que regula a lei de proteção de dados,https://g1.globo.com/economia/tecnologia/noticia/2021/02/06/lgpd-veja-quais-serao-os-primeiros-passos-da-autoridade-que-regula-a-lei-de-protecao-de-dados.ghtml,"...Autoridade Nacional de Proteção de Dados (ANPD), responsável por fiscalizar e editar normas previstas na Lei Geral de Proteção de Dados (LGPD... — ...Apesar de a LGPD estar valendo, as multas só começam a ser aplicadas em agosto de 2021 e ainda faltam definições de regras pela ANPD...",2021-02-06T07:00:49.592000-03:00,2021-02-06T07:00:50.288000-03:00,16,4,2026-09-17T20:47:13.441773-03:00
VÍDEO: Já posso usar a LGPD para buscar os meus direitos?,https://g1.globo.com/economia/tecnologia/video/video-ja-posso-usar-a-lgpd-para-buscar-os-meus-direitos-9289654.ghtml,"Programa com o Altieres Rohr, especialista em segurança digital, e Danilo Doneda, advogado, mostrou o que se sabe sobre a exposição de dados e como se prevenir de golpes na internet.",2021-02-18T10:37:00-03:00,2021-02-22T11:38:57-03:00,16,5,2026-09-17T20:47:13.441773-03:00
Hotéis e pousadas devem adotar check-in digital a partir desta segunda,https://g1.globo.com/politica/noticia/2026/04/20/hoteis-e-pousadas-devem-adotar-check-in-digital-a-partir-desta-segunda.ghtml,"...FNRH Digital está prevista na Lei Geral do Turismo, sancionada em 2025, e segue as diretrizes da Lei Geral de Proteção de Dados (LGPD...",2026-04-20T08:56:30.209000-03:00,2026-04-20T13:55:43.690000-03:00,16,6,2026-09-17T20:47:13.441773-03:00
Morador que denunciar descarte irregular de lixo em Uberaba pode receber até 5 salários mínimos de recompensa,https://g1.globo.com/mg/triangulo-mineiro/noticia/2026/05/27/morador-que-denunciar-descarte-irregular-de-lixo-em-uberaba-pode-receber-ate-5-salarios-minimos-de-recompensa.ghtml,...Pagamento da recompensa; Eventual responsabilização por fraude; O tratamento dos dados seguirá a Lei Geral de Proteção de Dados (LGPD...,2026-05-27T11:28:55.046000-03:00,2026-05-27T11:28:55.745000-03:00,16,8,2026-09-17T20:47:13.441773-03:00
Jovem dá à luz e abandona bebê em lixeira de banheiro de hospital no interior de SP,https://g1.globo.com/sp/sao-carlos-regiao/noticia/2026/05/12/mae-e-presa-apos-abandonar-bebe-recem-nascida-em-lixeira-de-hospital-no-interior-de-sp.ghtml,"...O hospital informou que as autoridades competentes foram comunicadas e que, por respeito a Lei Geral de Proteção de Dados (LGPD), o...",2026-05-12T18:39:07.113000-03:00,2026-05-13T14:58:25.757000-03:00,16,9,2026-09-17T20:47:13.441773-03:00
Mulher tem faca cravada no braço durante briga em bar no litoral SP,https://g1.globo.com/sp/santos-regiao/noticia/2026/04/01/mulher-tem-faca-cravada-no-braco-durante-briga-em-bar-no-litoral-sp.ghtml,"...A instituição afirmou não ter autorização para divulgar mais informações, em razão da Lei Geral de Proteção de Dados (LGPD)...",2026-04-01T17:03:00.865000-03:00,2026-04-01T17:03:01.403000-03:00,17,1,2026-09-17T20:47:13.441773-03:00
"Óculos inteligentes viram febre em pegadinhas, mas acendem alerta sobre exposição indevida nas redes",https://g1.globo.com/tecnologia/noticia/2026/05/24/oculos-inteligentes-viram-febre-em-pegadinhas-mas-acendem-alerta-sobre-exposicao-indevida-nas-redes.ghtml,"...Considerando tanto regras da Lei Geral de Proteção de Dados (LGPD) como da Constituição Federal, você teria que fazer o aviso prévio... — ...Já a Lei Geral de Proteção de Dados (LGPD) considera a imagem um dado pessoal e exige base legal para seu uso...",2026-05-24T05:01:10.564000-03:00,2026-05-25T12:58:33.296000-03:00,17,2,2026-09-17T20:47:13.441773-03:00
"Menino de 2 anos é extubado em hospital após ser picado por escorpião dentro de casa, diz pai",https://g1.globo.com/sp/sao-jose-do-rio-preto-aracatuba/noticia/2026/03/25/menino-de-2-anos-e-extubado-em-hospital-apos-ser-picado-por-escorpiao-dentro-de-casa-diz-pai.ghtml,"...nota, o HCM confirma que a criança está em atendimento na instituição, mas informa que, devido à Lei Geral de Proteção de Dados (LGPD...",2026-03-25T19:01:27.897000-03:00,2026-03-25T20:34:23.923000-03:00,17,3,2026-09-17T20:47:13.441773-03:00
"Aluno é apreendido após agredir professora em escola de São José dos Campos, SP",https://g1.globo.com/sp/vale-do-paraiba-regiao/noticia/2026/04/09/aluno-e-apreendido-apos-agredir-professora-em-escola-em-sao-jose-dos-campos-sp.ghtml,...Em respeito à Lei Geral de Proteção de Dados (LGPD) não serão divulgadas informações que possam expor os envolvidos...,2026-04-09T12:17:37.621000-03:00,2026-04-09T12:18:00.646000-03:00,17,4,2026-09-17T20:47:13.441773-03:00
Lei Geral de Proteção de Dados completa 5 anos,https://g1.globo.com/globonews/jornal-globonews-edicao-das-18/video/lei-geral-de-protecao-de-dados-completa-5-anos-13945293.ghtml,...LGPD protege dados sensíveis e garante direito ao cidadão de negar uso indevido...,2025-09-19T19:23:00-03:00,2025-09-19T20:03:53-03:00,17,5,2026-09-17T20:47:13.441773-03:00
Alta taxa de faltas em consultas e exames aumenta fila de espera em Sorocaba; MP investiga,https://g1.globo.com/sp/sorocaba-jundiai/noticia/2026/05/20/falta-exames-sorocaba.ghtml,"...A Secretaria da Saúde disse que vai verificar internamente, e que em respeito à Lei Geral de Proteção de Dados (LGPD) e ao sigilo médico...",2026-05-20T19:56:20.165000-03:00,2026-05-20T19:56:37.118000-03:00,17,6,2026-09-17T20:47:13.441773-03:00
Morte de músico de 38 anos causa comoção no interior de SP,https://g1.globo.com/sp/sao-carlos-regiao/noticia/2026/06/03/morte-de-homem-de-38-anos-apos-avc-hemorragico-causa-comocao-no-interior-de-sp.ghtml,"...A Unimed Anhanguera disse que, em respeito à Lei Geral de Proteção de Dados (LGPD), não divulga informações relacionadas ao atendimento...",2026-06-03T16:28:32.796000-03:00,2026-06-05T14:27:18.837000-03:00,17,7,2026-09-17T20:47:13.441773-03:00
"Criança de 2 anos é entubada em hospital após ser picada por escorpião dentro de casa, diz pai",https://g1.globo.com/sp/sao-jose-do-rio-preto-aracatuba/noticia/2026/03/23/crianca-de-3-anos-e-entubada-em-hospital-apos-ser-picada-por-escorpiao-diz-pai.ghtml,"...nota, o HCM confirmou que a criança está em atendimento na instituição, mas informou que, devido à Lei Geral de Proteção de Dados (LGPD...",2026-03-23T17:23:22.357000-03:00,2026-03-24T09:37:31.109000-03:00,17,8,2026-09-17T20:47:13.441773-03:00
Mulher internada em estado grave por suspeita de envenenamento é transferida; filha de 6 anos morreu,https://g1.globo.com/mg/zona-da-mata/noticia/2026/04/13/mulher-internada-em-estado-grave-por-suspeita-de-envenenamento-e-transferida-filha-de-6-anos-morreu.ghtml,...Hospitalar do Estado de Minas Gerais (Fhemig) disse que não passa atualizações dos pacientes devido à Lei Geral de Proteção de Dados (LGPD...,2026-04-13T18:48:17.523000-03:00,2026-04-15T10:05:39.146000-03:00,17,9,2026-09-17T20:47:13.441773-03:00
Segurança passa a exigir antecedentes para terceirizados após estupro na Delegacia-Geral,https://g1.globo.com/pi/piaui/noticia/2026/03/31/secretaria-de-seguranca-antecedentes.ghtml,"...A portaria também cria regras para proteger dados pessoais, de acordo com a Lei Geral de Proteção de Dados (LGPD)...",2026-03-31T09:45:01.216000-03:00,2026-03-31T10:04:16.004000-03:00,17,10,2026-09-17T20:47:13.441773-03:00
Secretaria de Segurança Pública do Paraná assinou contrato de R$ 438 milhões com a Celepar um dia antes de governo publicar edital para privatizar companhia,https://g1.globo.com/pr/parana/economia/noticia/2026/02/27/sesp-contrato-celepar.ghtml,"...Porém, de acordo com a Lei Geral de Proteção de Dados (LGPD), em nenhum caso, a totalidade dos dados pessoais da segurança pública... — ...""A assinatura do contrato faz parte do processo que garante que Estado do Paraná cumpra a LGPD e reforça o que tem sido afirmado desde...",2026-02-27T19:57:37.342000-03:00,2026-02-27T19:57:37.978000-03:00,18,1,2026-09-17T20:47:13.441773-03:00
Juíza morta após coleta de óvulos: mãe diz à polícia que médico já tinha atestado de óbito pronto,https://g1.globo.com/sp/mogi-das-cruzes-suzano/noticia/2026/06/19/juiza-morta-apos-coleta-de-ovulos-mae-diz-a-policia-que-medico-ja-tinha-atestado-de-obito-pronto.ghtml,"...Em respeito à Lei Geral de Proteção de Dados (LGPD) e ao dever de sigilo médico, o hospital não comentará as condições clínicas, dados...",2026-06-19T05:00:09.858000-03:00,2026-06-19T15:12:13.341000-03:00,18,2,2026-09-17T20:47:13.441773-03:00
Influenciadora em ética de IA tem redes sociais derrubadas,https://g1.globo.com/tecnologia/noticia/2026/05/08/influenciadora-em-etica-de-ia-tem-redes-sociais-derrubadas.ghtml,"...Ele cita um artigo da Lei Geral de Proteção de Dados (LGPD), que prevê que qualquer cidadão pode pedir que decisões automatizadas que...",2026-05-08T12:05:12.286000-03:00,2026-05-08T12:08:38.801000-03:00,18,3,2026-09-17T20:47:13.441773-03:00
Motoboy recebe polilaminina após ficar paraplégico em acidente de trânsito no litoral de SP,https://g1.globo.com/sp/santos-regiao/mais-saude/noticia/2026/05/22/motoboy-recebe-polilaminina-apos-ficar-paraplegico-em-acidente-de-transito-no-litoral-de-sp.ghtml,...Santos e a Anvisa disseram que não têm autorização para prestar informações sobre o caso devido à Lei Geral de Proteção de Dados (LGPD...,2026-05-22T05:53:37.585000-03:00,2026-05-22T11:51:36.638000-03:00,18,4,2026-09-17T20:47:13.441773-03:00
Ministério Público pede indenização de R$ 15 milhões por supostas irregularidades no reconhecimento facial de alunos de escolas públicas no Paraná,https://g1.globo.com/pr/norte-noroeste/noticia/2025/04/29/mp-pede-indenizacao-supostas-irregularidades-reconhecimento-facial-de-alunos-pr.ghtml,"...Porém, na ação, o Ministério Público afirma que Celepar, Estado e a empresa privada estão infringido a LGPD... — ...Para a LGPD, informações como essas são consideradas dados pessoais...",2025-04-29T17:39:51.787000-03:00,2025-12-13T04:22:43.474000-03:00,18,5,2026-09-17T20:47:13.441773-03:00
Juiz multa advogadas por inserirem 'código secreto' em letra invisível para tentar enganar IA e sabotar processo; entenda,https://g1.globo.com/pa/para/noticia/2026/05/13/juiz-multa-advogadas-por-inserirem-codigo-secreto-em-letra-invisivel-para-tentar-enganar-ia-e-sabotar-processo-entenda.ghtml,"...éticas, processuais e disciplinares, agravando a segurança da informação e a governança de dados sob a Lei Geral de Proteção de Dados (LGPD...",2026-05-13T13:57:39.190000-03:00,2026-05-18T18:12:32.719000-03:00,18,7,2026-09-17T20:47:13.441773-03:00
"Professoras precisam responder perguntas sobre TPM, gravidez e anticoncepcional em processo de admissão em Santa Maria; MP aciona polícia",https://g1.globo.com/rs/rio-grande-do-sul/noticia/2026/04/13/professoras-precisam-responder-perguntas-sobre-tpm-gravidez-e-anticoncepcional-em-processo-de-admissao-em-santa-maria-mp-aciona-policia.ghtml,"...sigilo profissional, sendo analisados exclusivamente pelo médico responsável, em conformidade com a Lei Geral de Proteção de Dados (LGPD... — ...Segundo ela, informações sobre saúde são dados sensíveis protegidos pela LGPD...",2026-04-13T13:03:42.618000-03:00,2026-04-14T05:45:16.068000-03:00,18,8,2026-09-17T20:47:13.441773-03:00
Reclamações sobre compartilhamento indevido de dados pessoais crescem no interior de SP,https://g1.globo.com/sp/bauru-marilia/videos-tem-noticias-1-edicao/video/reclamacoes-sobre-compartilhamento-indevido-de-dados-pessoais-crescem-no-interior-de-sp-14325852.ghtml,"...O aumento na divulgação de informações financeiras sem autorização tem gerado conflitos entre a LGPD, a Lei do Cadastro Positivo e...",2026-02-07T11:45:00-03:00,2026-02-07T13:25:17-03:00,18,9,2026-09-17T20:47:13.441773-03:00
Projeto oferece coleta para mapeamento genético em Salvador; saiba como participar,https://g1.globo.com/ba/bahia/noticia/2026/03/25/projeto-oferece-coleta-para-mapeamento-genetico-em-salvador-saiba-como-participar.ghtml,"...organização, os procedimentos seguem protocolos de segurança, confidencialidade e as diretrizes da Lei Geral de Proteção de Dados (LGPD...",2026-03-25T20:48:34.510000-03:00,2026-03-25T20:48:34.857000-03:00,18,10,2026-09-17T20:47:13.441773-03:00
Uberlândia regulamenta instalação de câmeras de monitoramento particulares em espaços públicos,https://g1.globo.com/mg/triangulo-mineiro/noticia/2026/03/02/uberlandia-muda-lei-e-exige-autorizacao-para-cameras-em-ruas-e-envio-de-imagens-em-tempo-real.ghtml,"...veiculares e reconhecimento facial; Empresas privadas reguladas: só podem operar se cadastradas na Polícia Federal (PF), cumprindo a LGPD... — ...visão; especificações dos equipamentos; tempo de retenção; comprovação de que não prejudica mobilidade e acessibilidade; adequação à LGPD...",2026-03-02T10:39:23.541000-03:00,2026-03-04T11:54:07.028000-03:00,19,1,2026-09-17T20:47:13.441773-03:00
Projeto de lei propõe suspensão de CNH para quem usa óculos inteligentes que obstruem a visão,https://g1.globo.com/carros/noticia/2026/05/15/projeto-de-lei-propoe-suspensao-de-cnh-para-quem-usa-oculos-inteligentes.ghtml,...O texto também determina que o tratamento de dados pessoais de terceiros siga as normas da Lei Geral de Proteção de Dados (LGPD)...,2026-05-15T03:00:44.125000-03:00,2026-05-15T10:21:20.161000-03:00,19,2,2026-09-17T20:47:13.441773-03:00
Empresa é multada por descarte irregular de documentos de clientes em rua do litoral de SP; FOTOS,https://g1.globo.com/sp/santos-regiao/noticia/2026/03/12/empresa-e-multada-por-descarte-irregular-de-documentos-de-clientes-em-rua-do-litoral-de-sp-fotos.ghtml,"...considerada grave por envolver a exposição de informações particulares de clientes, o que fere a Lei Geral de Proteção de Dados (LGPD...",2026-03-12T21:14:58.206000-03:00,2026-03-12T21:14:58.688000-03:00,19,3,2026-09-17T20:47:13.441773-03:00
"ANPD notifica 20 empresas, incluindo X, TikTok, Uber, Cacau Show, Vivo e Bluefit, por descumprirem regra",https://g1.globo.com/economia/noticia/2025/02/07/anpd-notifica-20-empresas-incluindo-x-tiktok-uber-cacau-show-vivo-e-bluefit-por-descumprirem-regra.ghtml,"...O órgão ressalta que essa é uma exigência prevista no Art. 41 da Lei Geral de Proteção de Dados Pessoais (LGPD)... — ...cenário prejudica tanto os titulares quanto a atuação da ANPD, que depende dessa interlocução para assegurar a conformidade com a LGPD...",2025-02-07T18:07:37.756000-03:00,2025-02-10T11:13:24.414000-03:00,19,4,2026-09-17T20:47:13.441773-03:00
Reclamações por vazamento de dados disparam no interior de SP; saiba como se proteger,https://g1.globo.com/sp/presidente-prudente-e-regiao/noticia/2026/02/19/reclamacoes-por-vazamento-de-dados-disparam-no-interior-de-sp-saiba-como-se-proteger.ghtml,"...advogado Américo Ribeiro Magro explica que legislações como o Código de Defesa do Consumidor e a Lei Geral de Proteção de Dados (LGPD... — ...Já a Lei Geral de Proteção de Dados (LGPD), em vigor desde 2020, estabelece regras claras sobre como as empresas devem tratar e armazenar...",2026-02-19T07:03:17.134000-03:00,2026-02-19T07:03:17.792000-03:00,19,5,2026-09-17T20:47:13.441773-03:00
Fábrica de pão é interditada por diversas irregularidades em Mogi das Cruzes,https://g1.globo.com/sp/mogi-das-cruzes-suzano/noticia/2026/02/04/fabrica-de-pao-e-interditada-por-diversas-irregularidades-em-mogi-das-cruzes.ghtml,"...A administração municipal informou que, em respeito à Lei Geral de Proteção de Dados (LGPD), não pode divulgar informações sobre os...",2026-02-04T19:17:37.363000-03:00,2026-02-05T15:07:58.379000-03:00,19,6,2026-09-17T20:47:13.441773-03:00
Morte de bebê de 1 ano é investigada por suspeita de meningite bacteriana em Uberlândia,https://g1.globo.com/mg/triangulo-mineiro/noticia/2026/04/24/morte-de-bebe-de-1-ano-e-investigada-por-suspeita-de-meningite-bacteriana-em-uberlandia.ghtml,"...Por questões previstas na Lei Geral de Proteção de Dados (LGPD), a pasta não divulgou detalhes do caso para não identificar a paciente...",2026-04-24T09:49:48.813000-03:00,2026-04-24T10:44:13.588000-03:00,19,7,2026-09-17T20:47:13.441773-03:00
Dados desatualizados travam emissão de passagens do Voa Brasil para quem se aposentou em 2025,https://g1.globo.com/politica/noticia/2026/03/21/dados-desatualizados-travam-emissao-de-passagens-do-voa-brasil-para-quem-se-aposentou-em-2025.ghtml,"...Sobre a periodicidade, a pasta destacou que o procedimento segue as diretrizes da Lei Geral de Proteção de Dados (LGPD)...",2026-03-21T03:16:06.262000-03:00,2026-03-23T15:03:42.293000-03:00,19,8,2026-09-17T20:47:13.441773-03:00
"O que é a ANPD, que determinou que Meta pare de usar dados de brasileiros para treinar inteligência artificial",https://g1.globo.com/tecnologia/noticia/2024/07/03/o-que-e-a-anpd-que-determinou-que-meta-pare-de-usar-dados-de-brasileiros-para-treinar-inteligencia-artificial.ghtml,"...República responsável por zelar pela proteção de dados pessoais e fiscalizar as regras definidas pela Lei Geral de Proteção de Dados (LGPD... — ...A LGPD estabelece quais dados são pessoais ou sensíveis e como essas informações devem ser tratadas e armazenadas por empresas, como...",2024-07-03T00:01:00.468000-03:00,2025-02-07T18:10:02.137000-03:00,19,9,2026-09-17T20:47:13.441773-03:00
O que se sabe do possível envenenamento que matou criança e deixou mãe grave em Juiz de Fora,https://g1.globo.com/mg/zona-da-mata/noticia/2026/04/15/o-que-se-sabe-do-possivel-envenenamento-que-matou-crianca-e-deixou-mae-grave-em-juiz-de-fora.ghtml,...Gerais (Fhemig) disse que não fará atualização do estado de saúde da paciente devido às regras da Lei Geral de Proteção de Dados (LGPD...,2026-04-15T10:02:48.626000-03:00,2026-04-15T10:02:49.223000-03:00,19,10,2026-09-17T20:47:13.441773-03:00
Caso de menina morta por suspeita de envenenamento será investigado pela Delegacia de Homicídios em Juiz de Fora,https://g1.globo.com/mg/zona-da-mata/noticia/2026/04/17/caso-de-menina-morta-por-suspeita-de-envenenamento-sera-investigado-pela-delegacia-de-homicidios-em-juiz-de-fora.ghtml,...Gerais (Fhemig) disse que não fará atualização do estado de saúde da paciente devido às regras da Lei Geral de Proteção de Dados (LGPD...,2026-04-17T08:04:19.978000-03:00,2026-04-17T08:04:20.921000-03:00,20,1,2026-09-17T20:47:13.441773-03:00
Escola estadual instala câmeras dentro de banheiros de alunos no interior de SP,https://g1.globo.com/sp/sao-carlos-regiao/noticia/2026/04/22/escola-estadual-instala-cameras-dentro-de-banheiros-de-alunos-no-interior-de-sp.ghtml,...A Lei Geral de Proteção de Dados Pessoais (LGPD) permite o uso de imagens e áudios apenas quando há finalidade legítima e necessidade...,2026-04-22T19:32:29.387000-03:00,2026-04-22T19:58:04.978000-03:00,20,2,2026-09-17T20:47:13.441773-03:00
ANPD vê indícios de irregularidades na venda de ingressos de estádios com reconhecimento facial,https://g1.globo.com/tecnologia/noticia/2025/02/18/anpd-ve-indicios-de-irregularidades-na-venda-de-ingressos-de-estadios-com-reconhecimento-facial.ghtml,"...transparência e à adequação do tratamento de dados de crianças e adolescentes, tal como previsto na Lei Geral de Proteção de Dados Pessoais (LGPD...",2025-02-18T20:04:23.890000-03:00,2025-02-18T20:45:39.777000-03:00,20,3,2026-09-17T20:47:13.441773-03:00
Governo Trump diz que PIX cria 'desvantagem' para gigantes de cartão de crédito,https://g1.globo.com/economia/noticia/2026/04/02/governo-trump-diz-que-pix-cria-desvantagem-para-gigantes-de-cartao-de-credito.ghtml,...O relatório expressa preocupação com o atraso da implementação de uma regulação da LGPD...,2026-04-02T00:25:03.486000-03:00,2026-04-06T19:56:04.485000-03:00,20,4,2026-09-17T20:47:13.441773-03:00
Bebê nasce dentro de carro durante corrida de aplicativo em Santos,https://g1.globo.com/sp/santos-regiao/noticia/2026/02/25/bebe-nasce-dentro-de-carro-durante-corrida-de-aplicativo-em-santos.ghtml,"...A administração municipal disse que, em cumprimento à Lei Geral de Proteção de Dados (LGPD), a Secretaria de Saúde de Santos não fornece...",2026-02-25T14:21:29.601000-03:00,2026-02-25T14:22:16.052000-03:00,20,5,2026-09-17T20:47:13.441773-03:00
ANPD investiga RaiaDrogasil por criar publicidade a partir de dados sensíveis de consumidores,https://g1.globo.com/economia/noticia/2025/02/08/anpd-investiga-raiadrogasil-por-criar-publicidade-a-partir-de-dados-sensiveis-de-consumidores.ghtml,"...Procurada pelo g1, a RaiaDrogasil afirmou que segue as normas da LGPD... — ...G1 no Bom Dia DF: Entenda como funciona a Lei Geral de Proteção de Dados (LGPD)...",2025-02-08T10:38:06.739000-03:00,2025-02-10T11:31:07.665000-03:00,20,6,2026-09-17T20:47:13.441773-03:00
Governo rejeita proposta de Trump para Brasil receber estrangeiros capturados nos EUA,https://g1.globo.com/politica/noticia/2026/03/13/governo-deve-rejeitar-proposta-de-trump-para-brasil-receber-estrangeiros-capturados-nos-eua.ghtml,"...sobre o compartilhamento de dados biométricos de refugiados, a alegação é que tal prática fere a Lei Geral de Proteção de Dados (LGPD...",2026-03-13T15:40:33.166000-03:00,2026-03-13T20:16:47.417000-03:00,20,7,2026-09-17T20:47:13.441773-03:00
Dois anos da enchente no RS: entenda por que buscas físicas a 23 desaparecidos se encerraram,https://g1.globo.com/rs/rio-grande-do-sul/noticia/2026/04/29/dois-anos-enchente-rs-entenda-por-que-buscas-fisicas-23-desaparecidos-encerraram.ghtml,"...Contudo, ambas as entidades informaram que esses dados estão protegidos pela Lei Geral de Proteção de Dados Pessoais (LGPD)...",2026-04-29T04:00:56.394000-03:00,2026-04-29T08:08:28.406000-03:00,20,8,2026-09-17T20:47:13.441773-03:00
MP investiga fila de quase 500 pacientes à espera de exame cardíaco em Campo Grande,https://g1.globo.com/ms/mato-grosso-do-sul/noticia/2026/03/16/mp-investiga-fila-de-quase-500-pacientes-a-espera-de-exame-cardiaco-em-campo-grande.ghtml,"...envolver dados pessoais e informações sensíveis de usuários do Sistema Único de Saúde (SUS), conforme a Lei Geral de Proteção de Dados (LGPD...",2026-03-16T19:30:37.648000-03:00,2026-03-16T19:34:38.361000-03:00,20,9,2026-09-17T20:47:13.441773-03:00
Defesa Civil instala novo canal em Feira de Santana; veja quando acionar o serviço,https://g1.globo.com/ba/feira-de-santana-regiao/noticia/2026/02/26/defesa-civil-feira-de-santana.ghtml,"...Segundo a prefeitura, as informações repassadas pela população são sigilosas, seguindo as normas da Lei Geral de Proteção de Dados (LGPD...",2026-02-26T09:53:23.250000-03:00,2026-02-26T09:53:23.591000-03:00,20,10,2026-09-17T20:47:13.441773-03:00
Contêiner cai sobre cabine de caminhão e motorista fica preso às ferragens no Porto de Santos,https://g1.globo.com/sp/santos-regiao/porto-mar/noticia/2026/03/03/conteiner-cai-sobre-cabine-de-caminhao-e-motorista-fica-preso-as-ferragens-no-porto-de-santos.ghtml,"...esclareceu o hospital, informando que não tem autorização para prestar mais informações devido à Lei Geral de Proteção de Dados Pessoais (LGPD...",2026-03-03T10:25:07.906000-03:00,2026-03-03T10:26:23.494000-03:00,21,1,2026-09-17T20:47:13.441773-03:00
Médica denuncia transfobia e falta de estrutura durante plantão em UPA de Campo Grande,https://g1.globo.com/ms/mato-grosso-do-sul/noticia/2026/04/13/medica-denuncia-transfobia-e-falta-de-estrutura-durante-plantao-em-unidade-de-saude-de-campo-grande.ghtml,"...""A Pasta reforça que não compactua com discriminação e que preserva a identidade dos envolvidos, conforme a LGPD...",2026-04-13T08:55:33.978000-03:00,2026-04-13T12:20:54.336000-03:00,21,2,2026-09-17T20:47:13.441773-03:00
Secretário que matou filho e se matou era genro do prefeito,https://g1.globo.com/go/goias/noticia/2026/02/12/secretario-que-matou-filho-e-se-matou-era-genro-do-prefeito.ghtml,"...específicos, em respeito ao sigilo médico, à ética profissional e à legislação vigente, especialmente à Lei Geral de Proteção de Dados (LGPD...",2026-02-12T12:07:40.424000-03:00,2026-02-12T15:39:33.348000-03:00,21,3,2026-09-17T20:47:13.441773-03:00
Paranaense espera há quase 9 meses Argentina liberar corpo do marido assassinado no país: 'Não conseguimos nos despedir',https://g1.globo.com/pr/oeste-sudoeste/noticia/2026/05/08/paranaense-espera-ha-quase-9-meses-argentina-liberar-corpo-do-marido-assassinado-no-pais-nao-conseguimos-nos-despedir.ghtml,...informou ao g1 que não pode divulgar detalhes do translado por se tratar de dados protegidos pela Lei Geral de Proteção de Dados (LGPD...,2026-05-08T05:04:04.182000-03:00,2026-05-08T07:33:52.936000-03:00,21,5,2026-09-17T20:47:13.441773-03:00
‘Golpe do falso exame’: idosa relata prejuízo de R$ 160 mil,https://g1.globo.com/rj/rio-de-janeiro/noticia/2026/01/27/idosa-relata-prejuizo-com-golpe-do-falso-exame.ghtml,"...adota protocolos rigorosos de atendimento e apoio ao paciente, em conformidade com as diretrizes da Lei Geral de Proteção de Dados (LGPD...",2026-01-27T09:27:21.381000-03:00,2026-01-27T09:28:00.274000-03:00,21,6,2026-09-17T20:47:13.441773-03:00
"Exigências da ANPD que liberam Meta para usar dados de brasileiros na IA são insuficientes, afirma Idec",https://g1.globo.com/tecnologia/noticia/2024/08/30/exigencias-da-anpd-que-liberam-meta-para-usar-dados-de-brasileiros-na-ia-sao-insuficientes-afirma-idec.ghtml,"...acordou um Plano de Conformidade com a empresa, para adequar o tratamento dos dados ao disposto na Lei Geral de Proteção de Dados (LGPD... — ...Para o Idec, as exigências contemplam ""somente o mínimo necessário, aquém do disposto na LGPD""...",2024-08-30T14:46:28.878000-03:00,2024-08-30T15:19:25.774000-03:00,21,7,2026-09-17T20:47:13.441773-03:00
Órgão do governo pede explicações de empresa do criador do ChatGPT sobre escaneamento de íris dos brasileiros,https://g1.globo.com/tecnologia/noticia/2024/11/13/orgao-do-governo-pede-explicacoes-de-empresa-do-criador-do-chatgpt-sobre-escaneamento-de-iris-dos-brasileiros.ghtml,...funcionamento do projeto no país e irá verificar se a empresa está em conformidade com a Lei Geral de Proteção de Dados Pessoais (LGPD... — ...o objetivo de obter mais informações sobre o projeto e avaliar a sua conformidade com a Lei Geral de Proteção de Dados Pessoais - LGPD...,2024-11-13T12:11:39.581000-03:00,2025-02-07T18:07:03.523000-03:00,21,8,2026-09-17T20:47:13.441773-03:00
Congresso aprova transformar em agência órgão responsável por regras para crianças na internet,https://g1.globo.com/politica/noticia/2026/02/24/congresso-aprova-transformar-em-agencia-orgao-responsavel-por-regras-para-criancas-na-internet.ghtml,"...A ANPD foi instituída para implementar a Lei Geral de Proteção de Dados (LGPD), de 2018, e era originalmente vinculada à Presidência...",2026-02-24T19:02:11.089000-03:00,2026-02-24T19:55:20.505000-03:00,21,9,2026-09-17T20:47:13.441773-03:00
Inscrições para cursos profissionalizantes gratuitos da Faetec terminam nesta sexta-feira,https://g1.globo.com/rj/sul-do-rio-costa-verde/noticia/2026/01/30/faetec-abre-15-mil-vagas-para-cursos-gratuitos-profissionalizantes.ghtml,...edição de vídeos Programação Web I Programação Web II Projeto de eletrônica e automação com arduino Segurança da Informação e LGPD...,2026-01-30T10:35:58.679000-03:00,2026-01-30T10:39:55.100000-03:00,21,10,2026-09-17T20:47:13.441773-03:00
Mulher é arremessada após carro capotar na SP-249 em Itapeva,https://g1.globo.com/sp/itapetininga-regiao/noticia/2025/05/26/mulher-e-arremessada-apos-carro-capotar-na-sp-249-em-itapeva.ghtml,"...Ao g1, a Santa Casa de Itapeva informou que devido a Lei Geral de Proteção de Dados (LGPD), as informações sobre pacientes não podem...",2025-05-26T08:45:22.699000-03:00,2025-12-13T05:27:52.147000-03:00,22,1,2026-09-17T20:47:13.441773-03:00
"Trio morre após troca de tiros com policiais no morro do Tetéu, em Santos; VÍDEO",https://g1.globo.com/sp/santos-regiao/noticia/2026/01/24/trio-morre-apos-troca-de-tiros-com-policiais-no-morro-do-teteu-em-santos-video.ghtml,...Prefeitura de Santos não informou o estado de saúde do homem socorrido com tiro no braço em respeito à Lei Geral de Proteção de Dados (LGPD...,2026-01-24T15:07:54.500000-03:00,2026-01-24T15:07:59.980000-03:00,22,2,2026-09-17T20:47:13.441773-03:00
Caso Araceli: Justiça do ES entrega processo para análise de órgão internacional 53 anos depois,https://g1.globo.com/es/espirito-santo/noticia/2026/05/18/caso-araceli-justica-do-es-entrega-processo-para-analise-de-orgao-internacional-53-anos-depois.ghtml,"...será realizada em agenda reservada, seguindo regras previstas na Lei de Acesso à Informação e na Lei Geral de Proteção de Dados (LGPD...",2026-05-18T12:02:15.192000-03:00,2026-05-18T12:02:15.758000-03:00,22,3,2026-09-17T20:47:13.441773-03:00
"Jovem fica preso às ferragens de carro após bater em poste em São José dos Campos, SP",https://g1.globo.com/sp/vale-do-paraiba-regiao/noticia/2025/05/01/jovem-fica-preso-as-ferragens-de-carro-apos-bater-em-poste-em-sao-jose-dos-campos-sp.ghtml,"...A prefeitura de São José dos Campos, responsável pelo hospital, afirma que não divulga dados de pacientes em respeito à LGPD (Lei Geral...",2025-05-01T14:18:26.738000-03:00,2025-12-13T04:25:02.424000-03:00,22,4,2026-09-17T20:47:13.441773-03:00
Golpe do falso médico: mensagens levaram paciente a descobrir fraude e denunciar técnico de enfermagem,https://g1.globo.com/sp/santos-regiao/noticia/2025/12/24/golpe-do-falso-medico-mensagens-levaram-paciente-a-descobrir-fraude-e-denunciar-tecnico-de-enfermagem.ghtml,"...Portuguesa informou que o funcionário foi desligado após descumprir as normas internas, principalmente a Lei Geral de Proteção de Dados (LGPD... — ...desligado da instituição por descumprimento das normas internas, especialmente no que se refere à Lei Geral de Proteção de Dados (LGPD...",2025-12-24T06:12:51.123000-03:00,2025-12-24T06:12:51.580000-03:00,22,5,2026-09-17T20:47:13.441773-03:00
"Moraes viajou em jatos de empresa de Daniel Vorcaro pelo menos oito vezes no ano passado, diz jornal",https://g1.globo.com/politica/noticia/2026/04/01/moraes-viajou-em-jatos-de-empresa-de-daniel-vorcaro-pelo-menos-oito-vezes-no-ano-passado-diz-jornal.ghtml,"...Plataforma Prime You ""Por questões de confidencialidade dos contratos, e em respeito à LGPD, a Prime You não divulga dados sobre os...",2026-04-01T10:43:22.875000-03:00,2026-04-01T18:46:21.798000-03:00,22,6,2026-09-17T20:47:13.441773-03:00
Governo da Bahia define diretrizes para uso de IA como ferramenta de apoio à aprendizagem nas escolas,https://g1.globo.com/ba/bahia/noticia/2026/02/23/secretaria-de-educacao-da-bahia-publica-diretrizes-para-uso-de-inteligencia-artificial-nas-escolas-estaduais.ghtml,"...a pasta, o texto está alinhado ao Estatuto da Criança e do Adolescente (ECA), ao ECA Digital e à Lei Geral de Proteção de Dados (LGPD...",2026-02-23T17:11:39.916000-03:00,2026-02-23T22:35:26.908000-03:00,22,7,2026-09-17T20:47:13.441773-03:00
"Manaus participa de pesquisa inédita que vai mapear saúde mental de adultos, diz Ministério da Saúde",https://g1.globo.com/am/amazonas/noticia/2026/01/15/manaus-participa-de-pesquisa-inedita-que-vai-mapear-saude-mental-de-adultos-diz-ministerio-da-saude.ghtml,"...coletadas são sigilosas, analisadas de forma agregada e protegidas conforme as normas éticas e a Lei Geral de Proteção de Dados (LGPD...",2026-01-15T11:17:56.192000-03:00,2026-01-15T11:17:56.965000-03:00,22,8,2026-09-17T20:47:13.441773-03:00
Maqueiro 'brinca' enquanto manipula dois corpos ensacados em capela de hospital: 'presuntinho'; VÍDEO,https://g1.globo.com/rj/regiao-serrana/noticia/2025/11/20/maqueiro-brinca-enquanto-manipula-dois-corpos-ensacados-em-capela-de-hospital-presuntinho-video.ghtml,"...esclareceu que: ""A gravação e divulgação não autorizada de imagens em ambiente hospitalar ferem a Lei Geral de Proteção de Dados (LGPD... — ...A gravação e divulgação não autorizadas de imagens em ambiente hospitalar ferem a Lei Geral de Proteção de Dados (LGPD), violam o direito...",2025-11-20T06:00:42.966000-03:00,2025-11-20T06:12:30.331000-03:00,22,9,2026-09-17T20:47:13.441773-03:00
Cadela atropelada e jogada em compactador de lixo no PR: MP afirma que coletores não tiveram intenção de maltratar animal e arquiva processo,https://g1.globo.com/pr/campos-gerais-sul/noticia/2025/05/20/cadela-atropelada-e-jogada-em-compactador-de-lixo-no-parana-processo-arquivado.ghtml,"...comentar o tema, e disse não poder fornecer detalhes das medidas administrativas em função da Lei Geral de Proteção de Dados Pessoais (LGPD...",2025-05-20T11:22:11.537000-03:00,2026-04-10T10:32:15.103000-03:00,22,10,2026-09-17T20:47:13.441773-03:00
Câmara de cidade do RN aprova proposta para licença sem renúncia após vice-prefeito passar em residência médica em SP,https://g1.globo.com/rn/rio-grande-do-norte/noticia/2026/03/25/proposta-lagoa-danta-afastamento-prefeito-vice.ghtml,"...Em nota ao g1, a Santa Casa informou que, em respeito à Lei Geral de Proteção de Dados (LGPD) e às políticas institucionais de privacidade...",2026-03-25T10:44:31.312000-03:00,2026-03-25T16:18:26.190000-03:00,23,1,2026-09-17T20:47:13.441773-03:00
Vítima relata momentos de desespero em acidente com ônibus na Rodovia Washington Luís no interior de SP: 'Todos começaram a gritar',https://g1.globo.com/sp/sao-jose-do-rio-preto-aracatuba/noticia/2026/03/13/vitima-relata-momentos-de-desespero-em-acidente-com-onibus-na-rodovia-washington-luis-no-interior-de-sp-todos-comecaram-a-gritar.ghtml,"...Devido à Lei Geral de Proteção de Dados (LGPD), a instituição de saúde não divulgou o estado de saúde dele...",2026-03-13T17:16:17.003000-03:00,2026-03-13T18:49:57.749000-03:00,23,2,2026-09-17T20:47:13.441773-03:00
"Juíza morta após coleta de óvulos: médicos dizem que alertaram sobre necessidade de cirurgia, mostra depoimento",https://g1.globo.com/sp/mogi-das-cruzes-suzano/noticia/2026/06/10/juiza-morta-apos-coleta-de-ovulos-medicas-dizem-que-alertaram-sobre-necessidade-de-cirurgia-mostra-depoimento.ghtml,"...respeito à juíza Mariana e aos seus familiares, bem como em observância ao Código de Ética Médica, à Lei Geral de Proteção de Dados (LGPD...",2026-06-10T05:00:08.473000-03:00,2026-06-11T15:50:07.602000-03:00,23,3,2026-09-17T20:47:13.441773-03:00
Documentos de cooperativa encontrados no litoral de SP são de processo administrativo com a Prefeitura de Limeira,https://g1.globo.com/sp/piracicaba-regiao/noticia/2026/03/16/documentos-de-cooperativa-encontrados-no-litoral-de-sp-sao-vinculados-a-processo-administrativo-com-a-prefeitura-de-limeira.ghtml,"...considerada grave por envolver a exposição de informações particulares de clientes, o que fere a Lei Geral de Proteção de Dados (LGPD...",2026-03-16T19:48:55.318000-03:00,2026-03-17T17:10:53.386000-03:00,23,4,2026-09-17T20:47:13.441773-03:00
Flávio Dino suspende privatização de empresa de dados do Paraná,https://g1.globo.com/politica/noticia/2026/02/22/flavio-dino-suspende-privatizacao-de-empresa-de-dados-do-parana.ghtml,"...Entre outros pontos, afirmou no processo que ""a desestatização não muda as obrigações da Celepar, não lhe exonera de observar a LGPD...",2026-02-22T16:48:58.523000-03:00,2026-02-22T18:29:28.234000-03:00,23,6,2026-09-17T20:47:13.441773-03:00
Operação mira distribuição de remédios vencidos em Porangaba,https://g1.globo.com/sp/itapetininga-regiao/noticia/2025/12/05/operacao-contra-distribuicao-de-remedios-vencidos-e-realizada-em-porangaba.ghtml,"...Procurado pela TV TEM, o secretário afirmou que não se manifestará devido à Lei Geral de Proteção de Dados (LGPD)...",2025-12-05T12:18:47.915000-03:00,2025-12-05T17:44:22.214000-03:00,23,7,2026-09-17T20:47:13.441773-03:00
Celepar vai ser vendida? Privatização depende de análises do STF e Tribunal de Contas do Paraná,https://g1.globo.com/pr/parana/economia/noticia/2026/03/06/celepar-vai-ser-vendida-privatizacao-depende-de-analises-do-stf-e-tce-pr.ghtml,"...Destacou a importância de cumprir a legislação federal, especialmente a Lei Geral de Proteção de Dados (LGPD). ​... — ...privatização poderia acarretar novos gastos com reestruturação, contratação de pessoal, aquisição de equipamentos e adequações à LGPD...",2026-03-06T16:49:03.690000-03:00,2026-03-06T21:30:09.184000-03:00,23,9,2026-09-17T20:47:13.441773-03:00
Prefeito sanciona lei que obriga instalação de câmeras em carros de aplicativos em Salvador,https://g1.globo.com/ba/bahia/noticia/2025/11/13/prefeito-sanciona-lei-que-obriga-instalacao-de-cameras-em-carros-de-aplicativos-em-salvador.ghtml,"...também deverá gerenciar o tratamento, bloqueio e eliminação dos dados, conforme determina a Lei Geral de Proteção de Dados Pessoais (LGPD...",2025-11-13T10:55:40.318000-03:00,2026-01-20T18:48:17.386000-03:00,23,10,2026-09-17T20:47:13.441773-03:00
Morte de bebê durante parto normal mesmo com encaminhamento para cesárea é investigada em MG,https://g1.globo.com/mg/centro-oeste/noticia/2026/02/25/morte-de-bebe-durante-parto-normal-mesmo-com-encaminhamento-para-cesarea-e-investigada-em-mg.ghtml,"...institucional com a ética, o respeito à privacidade e a transparência, observados os limites legais e de sigilo profissional previstos na LGPD...",2026-02-25T05:03:35.464000-03:00,2026-02-25T07:13:52.890000-03:00,24,1,2026-09-17T20:47:13.441773-03:00
Técnico de enfermagem é demitido após cair no golpe do falso médico; entenda,https://g1.globo.com/sp/santos-regiao/noticia/2025/12/23/tecnico-de-enfermagem-e-demitido-apos-cair-no-golpe-do-falso-medico-entenda.ghtml,"...Portuguesa informou que o funcionário foi desligado após descumprir as normas internas, principalmente a Lei Geral de Proteção de Dados (LGPD... — ...desligado da instituição por descumprimento das normas internas, especialmente no que se refere à Lei Geral de Proteção de Dados (LGPD...",2025-12-23T05:21:45.239000-03:00,2025-12-23T08:11:59.274000-03:00,24,2,2026-09-17T20:47:13.441773-03:00
"Motociclista bate em barreira, é arremessado a 20 metros e moto fica carbonizada em acidente na SP-50; helicóptero Águia da PM fez o resgate",https://g1.globo.com/sp/vale-do-paraiba-regiao/noticia/2025/05/01/helicoptero-aguia-da-pm-resgata-motociclista-ferido-em-acidente-na-sp-50-em-santo-antonio-do-pinhal.ghtml,"...A prefeitura de São José dos Campos, responsável pelo hospital, afirma que não divulga dados de pacientes em respeito à LGPD (Lei Geral...",2025-05-01T14:43:30.954000-03:00,2025-12-13T04:25:05.843000-03:00,24,3,2026-09-17T20:47:13.441773-03:00
Brasil cria primeira regra para IA na medicina: diagnóstico não pode ser automático e paciente poderá recusar uso,https://g1.globo.com/saude/noticia/2026/02/27/brasil-cria-primeira-regra-para-ia-na-medicina-diagnostico-nao-pode-ser-automatico-e-paciente-podera-recusar-uso.ghtml,...Lei Geral de Proteção de Dados A resolução também reforça a necessidade de cumprimento rigoroso da Lei Geral de Proteção de Dados (LGPD...,2026-02-27T07:46:47.913000-03:00,2026-02-27T07:46:48.504000-03:00,24,4,2026-09-17T20:47:13.441773-03:00
São José dos Campos confirma segunda morte por febre amarela em 2025,https://g1.globo.com/sp/vale-do-paraiba-regiao/noticia/2025/04/09/sao-jose-dos-campos-confirma-segunda-morte-por-febre-amarela-em-2025.ghtml,"...atualização desta reportagem, a prefeitura não havia divulgado mais informações sobre a vítima, alegando restrições em respeito à LGPD...",2025-04-09T16:58:55.605000-03:00,2025-12-13T03:39:30.181000-03:00,24,5,2026-09-17T20:47:13.441773-03:00
"Pesquisa identifica hábitos, valores e opiniões de adolescentes de Sorocaba; saiba como participar",https://g1.globo.com/sp/sorocaba-jundiai/noticia/2025/05/07/pesquisa-identifica-habitos-valores-e-opinioes-de-adolescentes-na-regiao-de-sorocaba-saiba-como-participar.ghtml,"...O Ipeso reforma que todas as respostas são anônimas, respeitando integralmente a Lei Geral de Proteção de Dados (LGPD)...",2025-05-07T11:32:56.184000-03:00,2025-12-13T04:41:20.384000-03:00,24,7,2026-09-17T20:47:13.441773-03:00
Moradores podem denunciar descarte irregular de lixo pelo WhatsApp em Presidente Prudente,https://g1.globo.com/sp/presidente-prudente-e-regiao/noticia/2026/01/05/moradores-podem-denunciar-descarte-irregular-de-lixo-pelo-whatsapp-em-presidente-prudente.ghtml,"...Todos os dados do denunciante serão mantidos em sigilo, conforme determina a Lei Geral de Proteção de Dados (LGPD)...",2026-01-05T19:22:30.608000-03:00,2026-01-05T19:22:31.043000-03:00,24,8,2026-09-17T20:47:13.441773-03:00
Carro fica destruído após capotar por mais de 100 metros na BR-232; dois jovens são socorridos,https://g1.globo.com/pe/pernambuco/noticia/2026/01/07/carro-fica-destruido-apos-capotar-mais-de-100-metros-na-br-232-motorista-e-passageiro-sao-socorridos.ghtml,"...no Complexo Hospitalar Unimed Recife (CHUR) na madrugada desta quarta-feira (7), mas, por causa da Lei Geral de Proteção de Dados (LGPD...",2026-01-07T09:19:54.084000-03:00,2026-01-07T14:05:14.378000-03:00,24,9,2026-09-17T20:47:13.441773-03:00
Governo impõe medidas ao WhatsApp sobre compartilhamento de dados de usuários,https://g1.globo.com/tecnologia/noticia/2025/11/14/whatsapp-no-brasil-tera-que-passar-por-auditoria-para-confirmar-se-meta-controla-ou-nao-dados-de-usuarios-do-app.ghtml,".... 🔎 Controlador x operador: segundo a Lei Geral de Proteção de Dados (LGPD), o controlador é quem decide como e por que os dados pessoais... — ...operadora nas atividades em que esse é seu papel, algo que, segundo a agência, está de acordo com a Lei Geral de Proteção de Dados (LGPD...",2025-11-14T11:54:29.534000-03:00,2025-11-14T12:42:39.306000-03:00,25,1,2026-09-17T20:47:13.441773-03:00
Justiça de MG padroniza regras para uso de tornozeleiras eletrônicas no estado,https://g1.globo.com/mg/minas-gerais/noticia/2026/01/22/justica-de-mg-padroniza-regras-para-uso-de-tornozeleiras-eletronicas-no-estado.ghtml,"...instalação do equipamento; Reforço na proteção de dados pessoais, com regras de sigilo alinhadas à Lei Geral de Proteção de Dados (LGPD...",2026-01-22T09:25:10.281000-03:00,2026-01-22T09:25:11.019000-03:00,25,2,2026-09-17T20:47:13.441773-03:00
"Casal que fugiu após se envolver em acidente e deixou filho de 6 anos sozinho em caminhonete é indiciado por abandono de incapaz, no PR",https://g1.globo.com/pr/norte-noroeste/noticia/2026/02/11/casal-indiciado-abandono-filho-acidente-no-pr.ghtml,"...""Em respeito ao sigilo médico, à legislação vigente e à Lei Geral de Proteção de Dados (LGPD), o Hospital não pode fornecer informações...",2026-02-11T19:14:14.105000-03:00,2026-02-11T19:39:34.410000-03:00,25,4,2026-09-17T20:47:13.441773-03:00
Entenda projeto alvo de protestos que regulamenta transporte de passageiros por moto de aplicativo na capital,https://g1.globo.com/ac/acre/noticia/2026/03/20/entenda-projeto-alvo-de-protestos-que-regulamenta-transporte-de-passageiros-por-moto-de-aplicativo-na-capital.ghtml,"...viagens possam ser compartilhados com o poder público quando solicitados, desde que respeitada a Lei Geral de Proteção de Dados (LGPD...",2026-03-20T07:00:54.200000-03:00,2026-03-20T07:00:55.152000-03:00,25,5,2026-09-17T20:47:13.441773-03:00
"Polícia investiga morte de bebê em hospital de Niterói, e família diz que medicação foi trocada: 'Nome da outra criança'",https://g1.globo.com/rj/rio-de-janeiro/noticia/2026/03/03/policia-investiga-morte-de-bebe-em-hospital-de-niteroi-e-familia-diz-que-medicacao-foi-trocada-nome-da-outra-crianca.ghtml,"...isso, não divulga informações sobre tratamentos e internações, obedecendo o que dispõe a Lei Geral de Proteção de Dados Pessoais (LGPD...",2026-03-03T00:01:03.939000-03:00,2026-03-03T13:32:16.735000-03:00,25,6,2026-09-17T20:47:13.441773-03:00
"Moradores de Manduri relatam fila de até dois meses para atendimento odontológico na rede pública: 'Demora imensa', diz paciente",https://g1.globo.com/sp/itapetininga-regiao/noticia/2026/03/09/moradores-de-manduri-relatam-fila-de-ate-dois-meses-para-atendimento-odontologico-na-rede-publica-demora-imensa-diz-paciente.ghtml,"...a nota, os procedimentos de fiscalização e os processos disciplinares tramitam em sigilo devido à Lei Geral de Proteção de Dados (LGPD...",2026-03-09T07:15:28.875000-03:00,2026-03-09T09:26:35.300000-03:00,25,7,2026-09-17T20:47:13.441773-03:00
Roubos de celulares crescem em Limeira e especialista diz que ladrões buscam dados pessoais,https://g1.globo.com/sp/piracicaba-regiao/noticia/2025/02/19/roubos-de-celulares-crescem-em-limeira-e-especialista-diz-que-ladroes-buscam-dados-pessoais.ghtml,"...O especialista em direito legal e Lei Geral de Proteção de Dados (LGPD), Luiz Ricado Trezza, informou que os ladrões buscam acessar...",2025-02-19T14:17:44.127000-03:00,2025-12-13T01:41:22.985000-03:00,25,8,2026-09-17T20:47:13.441773-03:00
Plataformas devem verificar idade de usuários a partir desta terça com o ECA Digital; veja como vai funcionar,https://g1.globo.com/tecnologia/noticia/2026/03/17/eca-digital-verificacao-idade-usuarios-internet.ghtml,"...E, como acontece com a Lei Geral de Proteção de Dados (LGPD), as empresas têm o direito de se defender em processos administrativos...",2026-03-17T00:00:39.715000-03:00,2026-03-17T15:52:24.846000-03:00,25,9,2026-09-17T20:47:13.441773-03:00
Sequência de batidas após atropelamento de cavalo deixa dois mortos e sete feridos em rodovia de SP,https://g1.globo.com/sp/sorocaba-jundiai/noticia/2025/12/25/sequencia-de-batidas-apos-atropelamento-de-cavalo-deixa-um-morto-e-sete-feridos-em-rodovia-de-sp.ghtml,...Os outros hospitais não divulgam informações dos pacientes por causa da Lei Geral de Proteção de Dados (LGPD)...,2025-12-25T09:32:03.570000-03:00,2025-12-26T11:56:07.897000-03:00,26,1,2026-09-17T20:47:13.441773-03:00
Técnico de enfermagem lamenta passar o Natal desempregado após cair no golpe do falso médico: 'Triste e humilhado',https://g1.globo.com/sp/santos-regiao/noticia/2025/12/25/tecnico-de-enfermagem-lamenta-passar-o-natal-desempregado-apos-cair-no-golpe-do-falso-medico-triste-e-humilhado.ghtml,"...Portuguesa informou que o funcionário foi desligado após descumprir as normas internas, principalmente a Lei Geral de Proteção de Dados (LGPD... — ...desligado da instituição por descumprimento das normas internas, especialmente no que se refere à Lei Geral de Proteção de Dados (LGPD...",2025-12-25T06:17:35.004000-03:00,2025-12-25T06:17:35.603000-03:00,26,2,2026-09-17T20:47:13.441773-03:00
Rio acaba com resultados de exames em papel na rede municipal de saúde,https://g1.globo.com/rj/rio-de-janeiro/noticia/2025/12/26/rio-acaba-com-resultados-de-exames-em-papel-na-rede-municipal-de-saude.ghtml,...Seguiremos garantindo a segurança cibernética e o cumprimento da LGPD...,2025-12-26T15:12:43.459000-03:00,2025-12-26T15:12:44.812000-03:00,26,3,2026-09-17T20:47:13.441773-03:00
Salto confirma 1ª morte por dengue em 2024,https://g1.globo.com/sp/sorocaba-jundiai/noticia/2024/05/22/salto-confirma-1a-morte-por-dengue-em-2024.ghtml,"...não divulgará o perfil da vítima, incluindo informações sobre sexo e idade, para não infringir a Lei Geral de Proteção de Dados (LGPD...",2024-05-22T19:17:22.030000-03:00,2024-05-22T19:37:24.831000-03:00,26,4,2026-09-17T20:47:13.441773-03:00
Carro partido ao meio após batida é de empresa e tem 38 multas acumuladas; veja vídeo,https://g1.globo.com/sp/campinas-regiao/noticia/2025/05/17/carro-partido-ao-meio-apos-batida-e-de-empresa-e-tem-38-multas-acumuladas.ghtml,"...A Emdec informou que, por conta da Lei Geral de Proteção de Dados (LGPD), não pode informar o nome da empresa e o g1 não conseguiu...",2025-05-17T04:00:36.711000-03:00,2025-12-13T05:07:44.728000-03:00,26,6,2026-09-17T20:47:13.441773-03:00
Criança de 2 anos é socorrida de helicóptero após se queimar com panela de feijão no ES,https://g1.globo.com/es/espirito-santo/norte-noroeste-es/noticia/2025/03/17/crianca-de-2-anos-e-socorrida-de-helicoptero-apos-se-queimar-com-panela-de-feijao-no-es.ghtml,...pacientes atendidos nas unidades hospitalares estaduais conforme normativas médicas e respeito à Lei Geral de Proteção de Dados Pessoais (LGPD...,2025-03-17T12:04:16.004000-03:00,2025-12-13T14:01:04.696000-03:00,26,7,2026-09-17T20:47:13.441773-03:00
"Mulheres negras e com mais de 30 anos são as que mais solicitam medidas protetivas de urgência, aponta estudo do TJ-BA",https://g1.globo.com/ba/bahia/noticia/2025/03/07/pesquisa-medidas-protetivas-de-urgencia-bahia.ghtml,...dados são referentes a pedidos feitos entre 2021 e 2023 e o trabalho seguiu as diretrizes da Lei Geral de Proteção de Dados Pessoais (LGPD...,2025-03-07T11:03:12.013000-03:00,2025-12-13T02:19:10.922000-03:00,26,8,2026-09-17T20:47:13.441773-03:00
Governo do Paraná usou dados internos para enviar mensagem com vídeo contra greve de professores a pais de alunos,https://g1.globo.com/pr/parana/educacao/noticia/2024/06/06/governo-do-parana-usou-dados-internos-para-enviar-mensagem-com-video-contra-greve-de-professores-a-pais-de-alunos.ghtml,"...porque o acesso aos dados de pais e responsáveis que estão no sistema da Seed desrespeita a Lei Geral de Proteção de Dados Pessoais (LGPD... — ...pais pela Seed feriu a LGPD, neste caso...",2024-06-06T20:10:41.776000-03:00,2024-06-06T20:45:32.429000-03:00,26,9,2026-09-17T20:47:13.441773-03:00
Dia Nacional do Livro: conheça autores que ajudam a contar as histórias do Centro-Oeste de Minas,https://g1.globo.com/mg/centro-oeste/noticia/2025/10/29/dia-nacional-do-livro-conheca-autores-que-ajudam-a-contar-as-historias-do-centro-oeste-de-minas.ghtml,"...Com quase 20 anos de jornalismo e mais de uma década na advocacia, ela se dedica ao estudo da Lei Geral de Proteção de Dados (LGPD)... — ...Atualmente, Valquíria é professora universitária em Divinópolis e Pará de Minas e ministra aulas de pós-graduação sobre LGPD...",2025-10-29T05:04:11.071000-03:00,2025-10-29T16:55:38.583000-03:00,26,10,2026-09-17T20:47:13.441773-03:00
Motorista bate em caminhão dos Correios e é hospitalizado em Santos; VÍDEO,https://g1.globo.com/sp/santos-regiao/noticia/2025/12/10/motorista-bate-em-caminhao-dos-correios-e-e-hospitalizado-em-santos-video.ghtml,...O hospital ressaltou que não tem autorização para fornecer mais detalhes devido à Lei Geral de Proteção de Dados (LGPD)...,2025-12-10T15:55:55.238000-03:00,2025-12-10T15:55:55.760000-03:00,27,1,2026-09-17T20:47:13.441773-03:00
MP investiga e descarta instalação de câmeras em banheiro de colégio em Porto Velho,https://g1.globo.com/ro/rondonia/noticia/2025/08/27/mp-investiga-instalacao-de-cameras-em-banheiro-de-colegio-cristao-em-porto-velho.ghtml,"...Além disso, a Lei Geral de Proteção de Dados (LGPD), em vigor desde 2020, reforça o direito à privacidade...",2025-08-27T12:18:53.985000-03:00,2025-12-09T17:10:15.637000-03:00,27,2,2026-09-17T20:47:13.441773-03:00
"Família de idoso que morreu após passar mal em avião quer acesso a imagens do aeroporto, diário de bordo e detalhes médicos",https://g1.globo.com/sp/campinas-regiao/noticia/2026/04/08/familia-idoso-morreu-passar-mal-aviao-quer-acesso-imagens-aeroporto-diario-bordo-detalhes-medicos.ghtml,"...Porém, a Lei Geral de Proteção de Dados (LGPD) não permite a divulgação de dados à imprensa"", completou...",2026-04-08T05:31:36.571000-03:00,2026-04-08T14:04:27.411000-03:00,27,3,2026-09-17T20:47:13.441773-03:00
Paciente diz ter tido teste de HIV positivo confirmado em voz alta em UPA do interior de SP,https://g1.globo.com/sp/ribeirao-preto-franca/noticia/2026/03/13/paciente-diz-ter-sido-humilhado-ao-ter-teste-de-hiv-positivo-anunciado-em-voz-alta-em-upa-de-sp-veja-o-que-diz-lei.ghtml,"...Por sua vez, a Lei Geral de Proteção de Dados (LGPD) - Lei nº 13.709/2018 - cita que a sorologia é um dado pessoal sensível, ""cuja...",2026-03-13T16:20:25.365000-03:00,2026-03-13T21:23:41.621000-03:00,27,4,2026-09-17T20:47:13.441773-03:00
PF apura se governador Gladson Camelí tirou habilitação para pilotar aeronaves sem prova prática,https://g1.globo.com/ac/acre/noticia/2026/02/05/pf-investigacao-habilitacao-de-piloto-de-gladson-cameli.ghtml,"...À Rede Amazônica Acre, a Anac disse que, em respeito à Lei Geral de Proteção de Dados (LGPD) e a outros dispositivos legais de proteção...",2026-02-05T19:08:28.382000-03:00,2026-02-05T21:13:46.523000-03:00,27,5,2026-09-17T20:47:13.441773-03:00
MP abre investigação para apurar produção e envio de vídeo contra greve de professores a pais de alunos da rede estadual do Paraná,https://g1.globo.com/pr/parana/noticia/2024/06/12/mp-abre-investigacao-para-apurar-producao-e-envio-de-video-contra-greve-de-professores-a-pais-de-alunos-da-rede-estadual-do-parana.ghtml,...filha amarrada e desnutrida começou após vítima ser vista nua na rua Divulgação desrespeita Lei Geral de Proteção de Dados Pessoais (LGPD... — ...porque o acesso aos dados de pais e responsáveis que estão no sistema da Seed desrespeita a Lei Geral de Proteção de Dados Pessoais (LGPD...,2024-06-12T09:52:00.008000-03:00,2024-06-12T13:43:48.700000-03:00,27,6,2026-09-17T20:47:13.441773-03:00
Fundação Joaquim Nabuco oferta 740 vagas em cursos gratuitos de curta duração e de pós-graduação; veja como se inscrever,https://g1.globo.com/pe/pernambuco/educacao/noticia/2025/07/18/fundacao-joaquim-nabuco-oferta-vagas-em-cursos-gratuitos-de-curta-duracao-e-de-pos-graduacao-veja-como-se-inscrever.ghtml,...Já os cursos de curta duração são os seguintes: LGPD e LAI aplicada ao setor público; Audiodescrição nos contextos escolares: pontes...,2025-07-18T17:37:26.026000-03:00,2025-12-13T08:17:52.622000-03:00,27,7,2026-09-17T20:47:13.441773-03:00
Criança de 6 anos é encontrada sozinha dentro de caminhonete envolvida em acidente no Paraná,https://g1.globo.com/pr/norte-noroeste/noticia/2026/01/27/crianca-e-encontrada-sozinha-no-parana.ghtml,"...""Em respeito ao sigilo médico, à legislação vigente e à Lei Geral de Proteção de Dados (LGPD), o Hospital não pode fornecer informações...",2026-01-27T10:22:09.609000-03:00,2026-01-27T10:23:44.709000-03:00,27,8,2026-09-17T20:47:13.441773-03:00
"Secretário da Prefeitura de Itumbiara mata filho e se mata em seguida, diz PM",https://g1.globo.com/go/goias/noticia/2026/02/12/secretario-da-prefeitura-de-itumbiara-mata-filho-e-se-mata-em-seguida-diz-pm.ghtml,"...específicos, em respeito ao sigilo médico, à ética profissional e à legislação vigente, especialmente à Lei Geral de Proteção de Dados (LGPD...",2026-02-12T07:32:21.416000-03:00,2026-02-12T15:36:35.583000-03:00,27,9,2026-09-17T20:47:13.441773-03:00
"Radares já conseguem medir seus batimentos cardíacos à distância, e a ciência debate como usar isso sem invadir sua privacidade",https://g1.globo.com/ciencia/noticia/2026/03/19/radares-ja-conseguem-medir-seus-batimentos-cardiacos-a-distancia-e-a-ciencia-debate-como-usar-isso-sem-invadir-sua-privacidade.ghtml,"...Pexels O que diz o direito brasileiro No Brasil, a Lei Geral de Proteção de Dados — a LGPD — classifica dados biométricos como dados... — ...""A LGPD não categoriza de forma exaustiva o que sejam sinais fisiológicos, razão pela qual o enquadramento depende do contexto técnico...",2026-03-19T05:04:05.245000-03:00,2026-03-19T05:04:05.829000-03:00,27,10,2026-09-17T20:47:13.441773-03:00
Entenda como vai funcionar o novo sistema de identificação de visitantes e acompanhantes no São João de Deus,https://g1.globo.com/mg/centro-oeste/noticia/2025/08/13/entenda-como-vai-funcionar-o-novo-sistema-de-identificacao-de-visitantes-e-acompanhantes-no-sao-joao-de-deus.ghtml,"...usuários no momento do cadastro e a armazena de forma criptografada e segura, em conformidade com a Lei Geral de Proteção de Dados (LGPD...",2025-08-13T12:23:51.971000-03:00,2025-12-13T10:35:41.515000-03:00,28,2,2026-09-17T20:47:13.441773-03:00
"Hospitais públicos terão acesso com reconhecimento facial e câmeras de monitoramento, diz governo de Pernambuco",https://g1.globo.com/pe/pernambuco/noticia/2025/07/10/hospitais-publicos-terao-acesso-com-reconhecimento-facial-e-cameras-de-monitoramento-diz-governo-de-pe.ghtml,"...O órgão informou, ainda, que o sistema seguirá a Lei Geral de Proteção de Dados (LGPD), sem registro de imagens sensíveis e preservando...",2025-07-10T18:21:18.374000-03:00,2025-12-13T07:35:20.530000-03:00,28,3,2026-09-17T20:47:13.441773-03:00
Idosa de 95 anos tem casa invadida e é estuprada em Marechal Deodoro,https://g1.globo.com/al/alagoas/arquivo/noticia/2025/05/08/idosa-de-95-anos-tem-casa-invadida-e-e-estuprada-em-marechal-deodoro.ghtml,"...Ressaltamos que, em respeito à Lei Geral de Proteção de Dados (LGPD – Lei nº 13.709/2018), não é possível divulgar informações sobre...",2025-05-08T12:48:04.632000-03:00,2025-12-13T04:45:18.235000-03:00,28,4,2026-09-17T20:47:13.441773-03:00
Denúncias ao Procon-SP por uso indevido de dados pessoais disparam,https://g1.globo.com/sp/campinas-regiao/videos-jornal-da-eptv-2-edicao-campinas-e-piracicaba/video/denuncias-ao-procon-sp-por-uso-indevido-de-dados-pessoais-disparam-13360197.ghtml,"...Queixas sobre coleta, consulta e repasse de informações sem autorização crescem; entenda o que diz a LGPD e como proteger seus dados...",2025-02-20T18:31:28-03:00,2025-02-20T19:48:55-03:00,28,5,2026-09-17T20:47:13.441773-03:00
'Amostradinhos do mês': Havan retira vídeos de supostos furtos em lojas após notificação da ANPD,https://g1.globo.com/sc/santa-catarina/noticia/2025/07/23/amostradinhos-mes-havan-retira-videos-supostos-furtos-lojas-apos-notificacao-anpd.ghtml,...O objetivo é orientar a empresa para que esteja em conformidade com a Lei Geral de Proteção de Dados (LGPD)...,2025-07-23T12:18:53.975000-03:00,2025-12-13T08:40:30.454000-03:00,28,6,2026-09-17T20:47:13.441773-03:00
"Líder do PCC é baleado ao tentar resistir à prisão e pegar arma de policial em Santos, SP",https://g1.globo.com/sp/santos-regiao/noticia/2025/05/20/lider-do-pcc-e-baleado-ao-tentar-resistir-a-prisao-e-pegar-arma-de-policial-em-santos-sp.ghtml,"...informou que o paciente segue internado em enfermaria, sem previsão de alta, e que, por força da Lei Geral de Proteção de Dados (LGPD...",2025-05-20T14:19:54.113000-03:00,2025-12-13T05:13:22.060000-03:00,28,7,2026-09-17T20:47:13.441773-03:00
'Bebê ID': projeto garante identificação digital de recém-nascidos em maternidades públicas do Paraná; entenda como funciona,https://g1.globo.com/pr/parana/noticia/2025/06/02/bebe-id-projeto-identificacao-digital-de-recem-nascidos-parana.ghtml,"...Os dados são criptografados, o que atende a Lei Geral de Proteção de Dados Pessoais (LGPD)...",2025-06-02T04:00:54.977000-03:00,2025-12-13T05:44:38.023000-03:00,28,8,2026-09-17T20:47:13.441773-03:00
Crianças de 4 e 6 anos são internadas após comerem carambolas em Teresina; polícia investiga,https://g1.globo.com/pi/piaui/noticia/2025/07/07/criancas-de-4-e-6-anos-sao-internadas-em-teresina-apos-comerem-carambolas-familia-suspeita-de-envenenamento.ghtml,"...A FMS reforça que segue as normas da Lei Geral de Proteção de Dados (LGPD), motivo pelo qual informações clínicas detalhadas são fornecidas...",2025-07-07T12:10:13.480000-03:00,2025-12-13T07:13:33.387000-03:00,28,10,2026-09-17T20:47:13.441773-03:00
Mulher prende dedo em máquina de fazer salgados em padaria de Santos,https://g1.globo.com/sp/santos-regiao/noticia/2025/10/31/mulher-prende-dedo-em-maquina-de-fazer-salgados-em-padaria-de-santos.ghtml,"...vídeos que estão em alta no g1 Em nota, a Prefeitura de Santos informou que, em cumprimento à Lei Geral de Proteção de Dados Pessoais (LGPD...",2025-10-31T19:11:24.190000-03:00,2025-10-31T19:15:23.177000-03:00,29,1,2026-09-17T20:47:13.441773-03:00
Enfermeira morre em acidente entre ambulância e carreta em Itapeva,https://g1.globo.com/sp/itapetininga-regiao/noticia/2025/06/10/acidente-ambulancia-e-carreta-no-interior-de-sp.ghtml,"...A Santa Casa de Itapeva, para onde as duas vítimas foram levadas, esclareceu que devido a Lei Geral da Proteção de Dados (LGPD) as...",2025-06-10T07:31:29.625000-03:00,2025-12-13T06:05:27.233000-03:00,29,3,2026-09-17T20:47:13.441773-03:00
"Diretora comprou doces vencidos de ambulantes e distribuiu para alunos, que passaram mal, diz polícia do ES",https://g1.globo.com/es/espirito-santo/norte-noroeste-es/noticia/2025/12/12/doces-vencidos-diretora-comprou-produtos-de-ambulantes-e-distribuiu-para-alunos-diz-policia.ghtml,"...Administrativo Disciplinar (PAD) instaurado para apurar sua conduta segue tramitando em sigilo, por conta da Lei Geral de Proteção de Dados (LGPD...",2025-12-12T13:57:23.647000-03:00,2025-12-12T19:13:45.093000-03:00,29,4,2026-09-17T20:47:13.441773-03:00
Deputados derrubam veto e gravação de treinamentos dos bombeiros e da PM continua obrigatória em MT,https://g1.globo.com/mt/mato-grosso/noticia/2024/06/20/deputados-derrubam-veto-e-gravacao-de-treinamentos-dos-bombeiros-e-da-pm-continua-obrigatoria-em-mt.ghtml,"...Segundo a proposta, o registro dos treinamentos deve respeitar a Lei Geral de Proteção de Dados Pessoais (LGPD) e tem o objetivo de...",2024-06-20T12:33:57.846000-03:00,2024-06-20T18:08:10.172000-03:00,29,5,2026-09-17T20:47:13.441773-03:00
Idoso que usou nome do filho do ex-patrão por 58 anos disse à polícia que jamais pensou estar se passando por outra pessoa,https://g1.globo.com/rj/sul-do-rio-costa-verde/noticia/2025/01/31/idoso-que-usou-nome-do-filho-do-ex-patrao-por-58-anos-disse-a-policia-que-jamais-pensou-estar-se-passando-por-outra-pessoa.ghtml,"...Em nota, a pasta informou que, devido à Lei Geral de Proteção de Dados (LGPD), não é possível fornecer informações específicas sobre...",2025-01-31T00:00:18.929000-03:00,2025-12-13T01:01:30.426000-03:00,29,7,2026-09-17T20:47:13.441773-03:00
"Ciclista morre após ser atingido por motociclista sem habilitação na rodovia Anchieta, SP",https://g1.globo.com/sp/santos-regiao/noticia/2025/08/20/ciclista-morre-apos-ser-atingido-por-motociclista-sem-habilitacao-na-rodovia-anchieta-sp.ghtml,"...""O hospital não tem autorização para prestar mais informações sobre o caso, devido a Lei Geral de Proteção de Dados Pessoais (LGPD)...",2025-08-20T11:32:09.676000-03:00,2025-12-13T11:23:21.792000-03:00,29,8,2026-09-17T20:47:13.441773-03:00
Crianças internadas após comerem carambolas recebem alta em Teresina,https://g1.globo.com/pi/piaui/noticia/2025/07/08/criancas-internadas-apos-comerem-carambolas-recebem-alta-em-teresina.ghtml,"...A FMS reforça que segue as normas da Lei Geral de Proteção de Dados (LGPD), motivo pelo qual informações clínicas detalhadas são fornecidas...",2025-07-08T11:37:54.689000-03:00,2025-12-13T07:21:44.720000-03:00,29,9,2026-09-17T20:47:13.441773-03:00
Menino de 13 anos morre depois de sentir dores na coxa dias após partida de futebol em Jundiaí,https://g1.globo.com/sp/sorocaba-jundiai/noticia/2025/07/08/menino-morre-depois-de-sentir-dores-na-coxa-dias-apos-partida-de-futebol-em-jundiai.ghtml,...Prefeitura de Jundiaí informa que não poderá divulgar detalhes sobre o caso de forma pública devido à Lei Geral de Proteção de Dados (LGPD...,2025-07-08T11:21:15.133000-03:00,2025-12-13T07:21:47.145000-03:00,30,1,2026-09-17T20:47:13.441773-03:00
"Americana tem alta de 19% nos roubos, furtos e perdas de celulares; em Campinas, média é de 27 casos por dia",https://g1.globo.com/sp/campinas-regiao/noticia/2025/02/19/americana-tem-alta-de-19percent-nos-roubos-furtos-e-perdas-de-celulares-em-campinas-media-e-de-27-casos-por-dia.ghtml,...de IMEI à polícia para ajudar a localizar o celular Reprodução/RBS TV Orientações de segurança Especialista em direito legal e LGPD...,2025-02-19T20:16:08.744000-03:00,2025-12-13T01:40:17.449000-03:00,30,2,2026-09-17T20:47:13.441773-03:00
Sorocaba tem filas de pacientes que esperam por laqueadura na rede pública,https://g1.globo.com/sp/sorocaba-jundiai/videos-tem-noticias-1-edicao/video/sorocaba-tem-filas-de-pacientes-que-esperam-por-laqueadura-na-rede-publica-14014141.ghtml,"...verificar a situação da paciente, mas não comenta casos clínicos individualizados, em respeito à Lei Geral de Proteção de Dados (LGPD...",2025-10-15T11:45:00-03:00,2025-10-15T12:58:22-03:00,30,3,2026-09-17T20:47:13.441773-03:00
Entenda golpe de falso médico que vaza dados de pacientes de hospital de BH,https://g1.globo.com/mg/minas-gerais/noticia/2025/07/27/entenda-golpe-de-falso-medico-que-vaza-dados-de-pacientes-de-hospital-de-bh.ghtml,"...Fundação Hospitalar do Estado de Minas Gerais (Fhemig), responsável pela unidade, informou que segue a Lei Geral de Proteção de Dados (LGPD...",2025-07-27T08:00:13.725000-03:00,2025-12-13T08:57:14.571000-03:00,30,4,2026-09-17T20:47:13.441773-03:00
Relembre a trajetória política do ex-prefeito de Pirapozinho esfaqueado por travestis em SP,https://g1.globo.com/sp/presidente-prudente-e-regiao/noticia/2026/02/04/relembre-a-trajetoria-politica-do-ex-prefeito-de-pirapozinho-esfaqueado-por-travestis-em-sp.ghtml,"...que não divulgará atualizações detalhadas sobre o quadro clínico do paciente, em conformidade com a Lei Geral de Proteção de Dados (LGPD...",2026-02-04T19:11:51-03:00,2026-02-04T20:33:29.130000-03:00,30,5,2026-09-17T20:47:13.441773-03:00
Cartões de transporte de Fortaleza e Região Metropolitana agora podem ser recarregados via Whatsapp,https://g1.globo.com/ce/ceara/noticia/2025/09/12/cartoes-de-transporte-de-fortaleza-e-regiao-metropolitana-agora-podem-ser-recarregados-via-whatsapp.ghtml,"...Automaticamente, o chat vai enviar um texto sobre as políticas de uso, privacidade e informações relacionadas à LGPD...",2025-09-12T18:11:12.638000-03:00,2025-12-13T13:24:41.442000-03:00,30,6,2026-09-17T20:47:13.441773-03:00
Idoso se passa por filho de ex-patrão por 58 anos e registra 12 filhos no nome dele,https://g1.globo.com/rj/sul-do-rio-costa-verde/noticia/2025/01/29/identidade-falsa-volta-redonda.ghtml,"...Em nota, a pasta informou que, devido à Lei Geral de Proteção de Dados (LGPD), não é possível fornecer informações específicas sobre...",2025-01-29T16:55:39.450000-03:00,2025-12-13T00:53:32.732000-03:00,30,7,2026-09-17T20:47:13.441773-03:00
Carro que se partiu ao meio fica 'esquecido' em pátio 5 dias após batida; entenda o possível destino,https://g1.globo.com/sp/campinas-regiao/noticia/2025/05/21/carro-que-se-partiu-ao-meio-fica-esquecido-em-patio-5-dias-apos-batida-entenda-o-possivel-destino.ghtml,"...A Emdec informou que, por conta da Lei Geral de Proteção de Dados (LGPD), não pode informar o nome da empresa e o g1 não conseguiu...",2025-05-21T04:01:14.600000-03:00,2025-12-13T05:14:11.757000-03:00,30,8,2026-09-17T20:47:13.441773-03:00
Funcionário suspeito de conseguir biometria de clientes e abrir contas com dados é investigado em SC,https://g1.globo.com/sc/santa-catarina/noticia/2025/04/09/como-funcionario-conseguia-biometria-facial-clientes-sc.ghtml,"...🤔 PARA SABER: Os dados biométricos sensíveis são protegidos pela Lei Geral de Proteção de Dados (LGPD), sendo um direito fundamental...",2025-04-09T10:18:58.805000-03:00,2025-12-13T03:38:18.335000-03:00,30,9,2026-09-17T20:47:13.441773-03:00
Bauru inicia instalação de câmeras do programa Muralha Paulista,https://g1.globo.com/sp/bauru-marilia/noticia/2025/09/15/bauru-inicia-instalacao-de-cameras-do-programa-muralha-paulista.ghtml,"...dados gerados pelo programa, cujo uso é restrito aos órgãos de segurança autorizados, conforme a Lei Geral de Proteção de Dados (LGPD...",2025-09-15T07:17:38.589000-03:00,2025-12-13T13:35:13.441000-03:00,31,1,2026-09-17T20:47:13.441773-03:00
"Corpo de enfermeira que morreu após ambulância bater na traseira de carreta é sepultado em Itararé: 'Pessoa doce', diz cunhada",https://g1.globo.com/sp/itapetininga-regiao/noticia/2025/06/11/corpo-de-enfermeira-que-morreu-apos-ambulancia-bater-na-traseira-de-carreta-e-sepultado-em-itarare-pessoa-doce-diz-cunhada.ghtml,"...A Santa Casa de Itapeva esclareceu que, devido à Lei Geral da Proteção de Dados (LGPD), as informações sobre o estado de saúde das...",2025-06-11T07:21:02.476000-03:00,2025-12-15T12:20:56.593000-03:00,31,2,2026-09-17T20:47:13.441773-03:00
Por que Foz do Iguaçu se tornou o epicentro do contrabando de canetas emagrecedoras no Brasil,https://g1.globo.com/pr/oeste-sudoeste/noticia/2026/05/24/por-que-foz-do-iguacu-se-tornou-o-epicentro-do-contrabando-de-canetas-emagrecedoras-no-brasil.ghtml,"...apreensões rotineiras, as identidades dos contrabandistas raramente são divulgadas por conta da Lei Geral de Proteção de Dados Pessoais (LGPD...",2026-05-24T04:01:41.828000-03:00,2026-05-25T13:28:58.190000-03:00,31,3,2026-09-17T20:47:13.441773-03:00
Vazamento no CNJ expõe dados cadastrais de chaves PIX de 11 milhões de pessoas; senhas não foram reveladas,https://g1.globo.com/economia/noticia/2025/07/23/vazamento-no-cnj-expoe-dados-cadastrais-de-chaves-pix-de-11-milhoes-de-pessoas-senhas-nao-foram-reveladas.ghtml,"...contexto de atenção crescente à proteção de dados no país, especialmente após a entrada em vigor da Lei Geral de Proteção de Dados (LGPD... — ...O artigo 48 da LGPD prevê que os responsáveis por dados pessoais devem comunicar incidentes de segurança que possam acarretar risco...",2025-07-23T21:06:32.411000-03:00,2025-07-24T11:41:35.281000-03:00,31,4,2026-09-17T20:47:13.441773-03:00
Candidato impedido de tomar posse em concurso público de PE entra na Justiça e consegue assumir cargo,https://g1.globo.com/pe/caruaru-regiao/noticia/2026/01/19/candidato-impedido-de-tomar-posse-em-concurso-publico-de-pe-entra-na-justica-e-consegue-assumir-cargo.ghtml,"...Em respeito à Lei Geral de Proteção de Dados (LGPD), a defensoria não vai divulgar o nome do candidato...",2026-01-19T17:02:06.533000-03:00,2026-01-20T11:20:47.506000-03:00,31,5,2026-09-17T20:47:13.441773-03:00
Lei que obriga instalação de câmeras em carros de aplicativos em Salvador segue sem efeito dois meses após sanção,https://g1.globo.com/ba/bahia/noticia/2026/01/22/lei-que-obriga-instalacao-de-cameras-em-carros-de-aplicativos-em-salvador-segue-sem-efeito-dois-meses-apos-sancao.ghtml,"...também deverá gerenciar o tratamento, bloqueio e eliminação dos dados, conforme determina a Lei Geral de Proteção de Dados Pessoais (LGPD...",2026-01-22T06:00:36.982000-03:00,2026-01-22T06:00:37.618000-03:00,31,6,2026-09-17T20:47:13.441773-03:00
Sou obrigado a fazer reconhecimento facial no meu prédio? Veja perguntas e respostas sobre o tema,https://g1.globo.com/tecnologia/noticia/2025/07/12/reconhecimento-facial-no-meu-predio-veja-perguntas-e-respostas-sobre-o-tema.ghtml,"...A Lei Geral de Proteção de Dados (LGPD) exige que o consentimento para coleta de dados sensíveis — como a imagem facial — seja livre... — ...Se a empresa ou o condomínio estiver transformando essa imagem em dado biométrico e guardando sem autorização, isso fere a LGPD...",2025-07-12T03:00:15.143000-03:00,2025-07-24T10:01:39.261000-03:00,31,7,2026-09-17T20:47:13.441773-03:00
Apresentador Nelson Rubens perde apartamento no litoral de SP após não pagar o condomínio; entenda,https://g1.globo.com/sp/santos-regiao/noticia/2025/04/08/apresentador-nelson-rubens-perde-apartamento-no-litoral-de-sp-apos-nao-pagar-o-condominio-entenda.ghtml,"...de nota, a administração municipal alegou não poder divulgar informações sobre o caso por conta da Lei Geral de Proteção de Dados (LGPD...",2025-04-08T05:25:14.711000-03:00,2025-12-13T03:31:54.645000-03:00,31,8,2026-09-17T20:47:13.441773-03:00
Homem de 34 anos internado em Santos perde visão; suspeita é de intoxicação por metanol,https://g1.globo.com/sp/santos-regiao/mais-saude/noticia/2025/11/27/homem-de-34-anos-internado-em-santos-perde-visao-suspeita-e-de-intoxicacao-por-metanol.ghtml,"...paciente segue internado na UTI, sem previsão de alta, e que não pode divulgar mais informações devido à Lei Geral de Proteção de Dados (LGPD...",2025-11-27T17:42:50.981000-03:00,2025-11-27T17:50:05.924000-03:00,31,10,2026-09-17T20:47:13.441773-03:00
Paciente com teste de HIV positivo confirmado em voz alta em UPA no interior de SP: veja o que se sabe,https://g1.globo.com/sp/ribeirao-preto-franca/noticia/2026/03/16/paciente-com-teste-de-hiv-positivo-confirmado-em-voz-alta-em-upa-no-interior-de-sp-veja-o-que-se-sabe.ghtml,"...Por sua vez, a Lei Geral de Proteção de Dados (LGPD) - Lei nº 13.709/2018 - cita que a sorologia é um dado pessoal sensível, ""cuja...",2026-03-16T11:28:47.051000-03:00,2026-03-21T10:44:26.249000-03:00,32,1,2026-09-17T20:47:13.441773-03:00
Proibido ver tudo: por que a MSC barrou o uso de óculos inteligentes em algumas áreas de seus navios,https://g1.globo.com/tecnologia/noticia/2025/12/19/proibido-ver-tudo-por-que-a-msc-barrou-o-uso-de-oculos-inteligentes-em-algumas-areas-de-seus-navios.ghtml,"...Considerando tanto regras da Lei Geral de Proteção de Dados (LGPD) como da Constituição Federal, você teria que fazer o aviso prévio...",2025-12-19T02:00:37.759000-03:00,2025-12-19T02:00:38.801000-03:00,32,2,2026-09-17T20:47:13.441773-03:00
Carros inteligentes: como você pode estar sendo espionado sem saber (e o que fazer para evitar),https://g1.globo.com/carros/noticia/2026/05/18/carros-inteligentes-como-voce-pode-estar-sendo-espionado-sem-saber-e-o-que-fazer-para-evitar.ghtml,"...No Brasil, as regras sobre compartilhamento de dados pessoais estão definidas na Lei Geral de Proteção de Dados (LGPD)...",2026-05-18T08:08:44.646000-03:00,2026-05-18T08:22:59.866000-03:00,32,3,2026-09-17T20:47:13.441773-03:00
Ministério Público pede que Autoridade Nacional de Proteção de Dados investigue se a privatização da Celepar é legal,https://g1.globo.com/pr/parana/economia/noticia/2025/09/25/mp-anpd-investigacao-celepar-venda.ghtml,"...Porém, a promotora aponta que a Lei Geral de Proteção de Dados (LGPD) não autoriza, em nenhuma hipótese, a gestão de dados de segurança... — ...Seria juridicamente admissível, à luz da LGPD, presumir esse consentimento ou transferi-lo sem manifestação expressa dos titulares?...",2025-09-25T15:49:40.830000-03:00,2025-09-25T16:03:49.363000-03:00,32,4,2026-09-17T20:47:13.441773-03:00
O que acontece com seus dados na internet quando você morre? Saiba como criar sua herança digital,https://g1.globo.com/tecnologia/noticia/2026/02/26/o-que-acontece-com-seus-dados-na-internet-quando-voce-morre-saiba-como-criar-sua-heranca-digital.ghtml,"...sobre sucessão, previstas no Código Civil, e as de proteção de dados, estabelecidas pela Lei Geral de Proteção de Dados Pessoais (LGPD...",2026-02-26T03:01:18.401000-03:00,2026-02-26T03:01:19.018000-03:00,32,5,2026-09-17T20:47:13.441773-03:00
Veja como é o apartamento que o apresentador Nelson Rubens perdeu após ordem judicial; FOTOS,https://g1.globo.com/sp/santos-regiao/noticia/2025/04/08/veja-como-e-o-apartamento-que-o-apresentador-nelson-rubens-perdeu-apos-ordem-judicial-fotos.ghtml,"...de nota, a administração municipal alegou não poder divulgar informações sobre o caso por conta da Lei Geral de Proteção de Dados (LGPD...",2025-04-08T13:58:38.495000-03:00,2025-12-13T03:36:21.196000-03:00,32,6,2026-09-17T20:47:13.441773-03:00
Câmeras em salas de aula: oposição deve ir à Justiça contra texto aprovado pela Câmara do DF,https://g1.globo.com/df/distrito-federal/noticia/2025/10/23/cameras-em-salas-de-aula-oposicao-deve-ir-a-justica-contra-texto-aprovado-pela-camara-do-df.ghtml,"...câmera é a diretoria e também como vai ser feito o armazenamento do conteúdo. falta de observância da Lei Geral de Proteção de Dados (LGPD... — ...): o projeto de lei cita a LGPD e o Estatuto da Criança e do Adolescente, mas não há menção sobre como garantir a execução das duas...",2025-10-23T02:01:07.415000-03:00,2025-10-23T02:01:08.327000-03:00,32,7,2026-09-17T20:47:13.441773-03:00
Manifestantes cobram retomada de passe livre e apuração sobre vazamento de lista de pessoas que vivem com HIV na BA,https://g1.globo.com/ba/feira-de-santana-regiao/noticia/2025/09/23/manifestantes-cobram-retomada-de-vale-transporte-em-feira-de-santana.ghtml,"...O ato viola ao menos quatro direitos fundamentais da Constituição Brasileira, a Lei Geral de Proteção de Dados Pessoais (LGPD), o Código... — ...LEIA MAIS: Vazamento de dados de mais de 600 pessoas com HIV na BA viola Constituição, LGPD e outras normas Mulher exposta em lista...",2025-09-23T17:48:03.389000-03:00,2025-09-24T07:38:04.516000-03:00,32,10,2026-09-17T20:47:13.441773-03:00
Justiça condena camping em SP a indenizar hóspede que teve dados vazados e recebeu ameaças,https://g1.globo.com/sp/santos-regiao/noticia/2026/01/25/justica-condena-camping-em-sp-a-indenizar-hospede-que-teve-dados-vazados-e-recebeu-ameacas.ghtml,"...publicada neste mês, o magistrado ressaltou que, tanto pelo Código de Defesa do Consumidor quanto pela Lei Geral de Proteção de Dados (LGPD...",2026-01-25T12:31:07.207000-03:00,2026-01-25T12:31:07.963000-03:00,33,1,2026-09-17T20:47:13.441773-03:00
Moradora se recusa a cadastrar reconhecimento facial em condomínio; veja dilemas na implantação da tecnologia,https://g1.globo.com/sp/sao-paulo/noticia/2025/07/19/moradora-se-recusa-a-cadastrar-reconhecimento-facial-em-condominio-veja-dilemas-na-implantacao-da-tecnologia.ghtml,"...A biometria, como o rosto, é consideravel sensível pela Lei Geral de Proteção de Dados (LGPD) e só pode ser tratada em determinadas... — ...A LGPD prevê exceções para segurança pública, mas há um debate sobre os limites do uso em espaços privados"", afirmou...",2025-07-19T05:00:27.897000-03:00,2025-07-21T13:43:40.274000-03:00,33,2,2026-09-17T20:47:13.441773-03:00
Família denuncia negligência de hospital após morte de criança no interior de SP,https://g1.globo.com/sp/itapetininga-regiao/noticia/2025/04/17/familia-denuncia-negligencia-de-hospital-apos-morte-de-crianca-no-interior-de-sp.ghtml,"...Em nota, o Hospital Léo Orsi Bernardes disse que em conformidade com a Lei Geral de Proteção de Dados Pessoais (LGPD), não pode fornecer...",2025-04-17T17:53:00.356000-03:00,2025-12-13T03:58:36.727000-03:00,33,3,2026-09-17T20:47:13.441773-03:00
Justiça Federal bloqueia site que divulgava e vendia dados pessoais de brasileiros,https://g1.globo.com/rn/rio-grande-do-norte/noticia/2025/10/14/justica-bloqueio-site-dados-pessoais-brasileiros.ghtml,"...vídeos que estão em alta no g1 O site violou a Constituição Federal, o Marco Civil da Internet e a Lei Geral de Proteção de Dados (LGPD...",2025-10-14T17:59:51.426000-03:00,2025-10-14T18:05:35.144000-03:00,33,4,2026-09-17T20:47:13.441773-03:00
"Mulher sente 'dor de garganta', descobre infecção no peito e morre após passar por cirurgia, no Paraná",https://g1.globo.com/pr/norte-noroeste/noticia/2026/02/27/morte-mulher-dor-de-garanta-parana.ghtml,"...Por respeito ao sigilo profissional e à LGPD (Lei Geral de Proteção de Dados Pessoais), não serão divulgados detalhes clínicos individualizados...",2026-02-27T11:33:38.044000-03:00,2026-03-03T10:49:09.449000-03:00,33,5,2026-09-17T20:47:13.441773-03:00
Passageiros do DF vão poder consultar informações de motoristas de aplicativo usando QR Code,https://g1.globo.com/df/distrito-federal/noticia/2025/09/27/passageiros-do-df-vao-poder-consultar-informacoes-de-motoristas-de-aplicativo-usando-qr-code.ghtml,"...O sistema foi desenvolvido com mecanismos de segurança e criptografia, respeitando a Lei Geral de Proteção de Dados (LGPD)...",2025-09-27T02:00:51.244000-03:00,2025-09-27T02:00:52.054000-03:00,33,6,2026-09-17T20:47:13.441773-03:00
Personal trainer é condenado a indenizar aluno por publicar vídeo sem autorização em rede social no DF,https://g1.globo.com/df/distrito-federal/noticia/2025/05/29/personal-trainer-e-condenado-a-indenizar-aluno-por-publicar-video-sem-autorizacao-em-rede-social-no-df.ghtml,"...Na decisão, a magistrada destacou que a Constituição garante a proteção da imagem e que, pela Lei Geral de Proteção de Dados (LGPD)... — ...G1 no Bom Dia DF: Entenda como funciona a Lei Geral de Proteção de Dados (LGPD) LEIA TAMBÉM: VÍDEO: secretário de paróquia esconde...",2025-05-29T06:15:01.896000-03:00,2025-05-29T06:15:02.578000-03:00,33,8,2026-09-17T20:47:13.441773-03:00
Projeto prevê obrigatoriedade de gravação de treinamentos dos bombeiros e da PM após aluno morrer afogado em MT,https://g1.globo.com/mt/mato-grosso/noticia/2024/03/07/projeto-preve-obrigatoriedade-de-gravacao-de-treinamentos-dos-bombeiros-e-da-pm-apos-aluno-morrer-afogado-em-mt.ghtml,"...Segundo a proposta, o registro dos treinamentos devem respeitar a Lei Geral de Proteção de Dados Pessoais (LGPD)...",2024-03-07T13:44:01.599000-03:00,2024-03-07T14:37:41.921000-03:00,33,10,2026-09-17T20:47:13.441773-03:00
Campinas cobra valores de IPTU entre R$ 97 e R$ 16 milhões; veja regiões e arrecadação total,https://g1.globo.com/sp/campinas-regiao/noticia/2025/01/17/campinas-cobra-valores-de-iptu-entre-r-97-e-r-16-milhoes-veja-regioes-e-arrecadacao-total.ghtml,...O Executivo não pode passar mais detalhes sobre os imóveis por conta da Lei Geral de Proteção de Dados (LGPD)...,2025-01-17T06:58:30.915000-03:00,2025-12-12T23:37:53.358000-03:00,34,1,2026-09-17T20:47:13.441773-03:00
Hospital confirma morte de segundo gêmeo vítima de acidente em rodovia do RS com pai e irmão,https://g1.globo.com/rs/rio-grande-do-sul/noticia/2025/03/14/hospital-confirma-morte-de-gemeo-de-6-anos-vitima-de-acidente-na-ers-446.ghtml,"...Reforçamos que, em respeito à privacidade e de acordo com as diretrizes da LGPD, não divulgaremos detalhes sobre seu estado clínico...",2025-03-14T17:20:12.869000-03:00,2025-12-13T02:36:51.399000-03:00,34,3,2026-09-17T20:47:13.441773-03:00
Sigilo médico: o que diz a lei sobre paciente exposto por profissionais de saúde com confirmação de HIV,https://g1.globo.com/sp/ribeirao-preto-franca/noticia/2026/03/21/sigilo-medico-o-que-diz-a-lei-sobre-caso-de-paciente-com-teste-de-hiv-positivo-confirmado-em-voz-alta-em-upa.ghtml,"...Além disso, a LGPD, Lei Geral de Proteção de Dados, classifica os dados da saúde como dados pessoais sensíveis, exigindo, portanto,...",2026-03-21T10:07:08.478000-03:00,2026-03-21T10:43:13.656000-03:00,34,4,2026-09-17T20:47:13.441773-03:00
"Banco Central informa que vazamento no CNJ expôs dados cadastrais de 46,89 milhões de chaves PIX",https://g1.globo.com/economia/noticia/2025/07/24/banco-central-informa-que-vazamento-no-cnj-expos-dados-cadastrais-de-4689-milhoes-de-chaves-pix.ghtml,"...contexto de atenção crescente à proteção de dados no país, especialmente após a entrada em vigor da Lei Geral de Proteção de Dados (LGPD... — ...O artigo 48 da LGPD prevê que os responsáveis por dados pessoais devem comunicar incidentes de segurança que possam acarretar risco...",2025-07-24T12:43:48.435000-03:00,2025-07-24T13:09:20.279000-03:00,34,5,2026-09-17T20:47:13.441773-03:00
"Mototaxista desaparece na Zona Sudoeste do Rio, e família cobra respostas de app e da polícia",https://g1.globo.com/rj/rio-de-janeiro/noticia/2025/11/27/mototaxista-desaparece-na-zona-sudoeste-do-rio-e-familia-cobra-respostas-de-app-e-da-policia.ghtml,...A 99 disse que por conta da Lei Geral de Proteção de Dados Pessoais (LGPD) não pode divulgar informações sobre passageiros e motoristas...,2025-11-27T16:04:54.971000-03:00,2025-12-01T12:20:41.556000-03:00,34,6,2026-09-17T20:47:13.441773-03:00
"Governo do Amapá lança aplicativo oficial da 54ª Expofeira com foco em segurança, inclusão e negócios",https://g1.globo.com/ap/amapa/noticia/2025/08/26/governo-do-amapa-lanca-aplicativo-oficial-da-54a-expofeira-com-foco-em-seguranca-inclusao-e-negocios.ghtml,...A funcionalidade segue as diretrizes da Lei Geral de Proteção de Dados Pessoais (LGPD) e tem como objetivo facilitar a localização...,2025-08-26T07:42:02.769000-03:00,2025-12-13T11:49:06.422000-03:00,34,7,2026-09-17T20:47:13.441773-03:00
Aplicativo gratuito ajuda agricultores do Amapá a combater praga em lavouras de mandioca,https://g1.globo.com/ap/amapa/noticia/2025/10/13/aplicativo-gratuito-ajuda-agricultores-do-amapa-a-combater-praga-em-lavouras-de-mandioca.ghtml,...rápido e direcionado; Apoio à criação de políticas públicas; Proteção de dados conforme a Lei Geral de Proteção de Dados Pessoais (LGPD...,2025-10-13T11:29:50.421000-03:00,2025-10-13T11:31:45.537000-03:00,34,8,2026-09-17T20:47:13.441773-03:00
Instagram e Facebook usam suas fotos e textos para treinar IA: por que a prática está sendo questionada?,https://g1.globo.com/tecnologia/noticia/2024/07/01/instagram-e-facebook-usam-suas-fotos-e-textos-para-treinar-ia-por-que-a-pratica-esta-sendo-questionada.ghtml,"...violação for constatada, a Meta pode ser multada em até R$ 50 milhões por infração, como previsto na Lei Geral de Proteção de Dados (LGPD...",2024-07-01T05:03:18.167000-03:00,2024-07-03T12:59:36.024000-03:00,34,9,2026-09-17T20:47:13.441773-03:00
'Lei Laudemir' obriga instalação de câmeras em caminhões da coleta de lixo em cidade de MG; entenda,https://g1.globo.com/mg/centro-oeste/noticia/2025/11/13/lei-laudemir-obriga-instalacao-de-cameras-em-caminhoes-da-coleta-de-lixo-em-cidade-de-mg-entenda.ghtml,...As gravações terão uso restrito e seguirão as regras da Lei Geral de Proteção de Dados (LGPD)...,2025-11-13T04:01:30.353000-03:00,2025-11-13T13:28:37.704000-03:00,34,10,2026-09-17T20:47:13.441773-03:00
Estelionatário é preso por fraude em matrículas da academia Selfit e golpe em aluguel de carros; prejuízo ultrapassa R$ 400 mil,https://g1.globo.com/pe/pernambuco/noticia/2025/03/20/estelionatario-e-preso-por-fraude-em-matriculas-da-academia-selfit-e-golpe-em-aluguel-de-carros-prejuizo-ultrapassa-r-400-mil.ghtml,"...Disse também que, ""por questões de segurança e respeito à LGPD, todas as tratativas comerciais com o público são realizadas por meio...",2025-03-20T17:33:25.468000-03:00,2025-12-13T02:53:15.874000-03:00,35,1,2026-09-17T20:47:13.441773-03:00
Golpistas se passam por representantes de maquininhas de cartão e causam prejuízo no RS,https://g1.globo.com/rs/rio-grande-do-sul/noticia/2025/03/13/alerta-golpe-maquininha-cartao.ghtml,"...políticas rigorosas de proteção de dados, que seguem as melhores práticas e legislações vigentes, como a Lei Geral de Proteção de Dados (LGPD...",2025-03-13T19:21:20.167000-03:00,2025-12-13T02:34:52.217000-03:00,35,2,2026-09-17T20:47:13.441773-03:00
Supremo fixa critérios para decreto que regula compartilhamento de dados entre órgãos públicos,https://g1.globo.com/politica/noticia/2022/09/15/supremo-fixa-criterios-para-decreto-que-regula-compartilhamento-de-dados-entre-orgaos-publicos.ghtml,"...A decisão impõe os limites da Lei Geral de Proteção de Dados (LGPD) ao decreto 10.046, assinado em 2019 pelo presidente Jair Bolsonaro... — ...“O decreto adota conceitos que são incompatíveis com a LGPD”, disse...",2022-09-15T17:52:49.969000-03:00,2023-08-31T15:39:15.732000-03:00,35,3,2026-09-17T20:47:13.441773-03:00
Reconhecimento facial se espalha por prédios no Brasil com pouca transparência na segurança dos dados,https://g1.globo.com/tecnologia/noticia/2025/07/12/reconhecimento-facial-se-espalha-por-predios-no-brasil-com-pouca-transparencia-na-seguranca-dos-dados.ghtml,"...acontece sem transparência sobre quem coleta e guarda esses dados que são considerados sensíveis pela Lei Geral de Proteção de Dados (LGPD... — ...Porém, de acordo com a LGPD, o condomínio teria que ser obrigado a apresentar uma alternativa...",2025-07-12T03:00:16.434000-03:00,2025-07-21T14:33:09.814000-03:00,35,4,2026-09-17T20:47:13.441773-03:00
Idoso que usou nome do filho do ex-patrão por 58 anos: o que se sabe e o que falta esclarecer,https://g1.globo.com/rj/sul-do-rio-costa-verde/noticia/2025/01/31/idoso-que-usou-nome-do-filho-do-ex-patrao-por-58-anos-o-que-se-sabe-e-o-que-falta-esclarecer.ghtml,"...Em nota, a pasta informou que, devido à Lei Geral de Proteção de Dados (LGPD), não é possível fornecer informações específicas sobre...",2025-01-31T10:14:20.717000-03:00,2025-12-13T01:00:56.447000-03:00,35,5,2026-09-17T20:47:13.441773-03:00
Casal de Brasília morre após carro cair em ribanceira no interior de SP; VEJA IMAGENS do acidente,https://g1.globo.com/sp/sao-carlos-regiao/noticia/2025/04/22/veiculo-cai-em-ribanceira-e-2-pessoas-morrem-em-acidente-no-interior-de-sp.ghtml,"...que o jovem segue internado na Unidade de Terapia Intensiva (UTI), mas não passou outras informações, alegando seguir diretrizes da LGPD...",2025-04-22T08:19:14.671000-03:00,2025-12-13T04:04:49.330000-03:00,35,6,2026-09-17T20:47:13.441773-03:00
Prefeitura abre sindicância para apurar suposta falha de atendimento após morte de bebê em posto de saúde em Nova Santa Rita,https://g1.globo.com/rs/rio-grande-do-sul/noticia/2025/10/09/prefeitura-abre-sindicancia-para-apurar-suposta-falha-de-atendimento-apos-morte-de-bebe-em-posto-de-saude-em-nova-santa-rita.ghtml,"...médicos"", mas não que divulgaria outros detalhes do caso ""em respeito à privacidade da paciente e à Lei Geral de Proteção de Dados (LGPD... — ...Em respeito à privacidade da paciente e à Lei Geral de Proteção de Dados (LGPD), não serão divulgados outros detalhes sobre o caso""...",2025-10-09T10:24:10.802000-03:00,2025-10-09T10:24:11.436000-03:00,35,9,2026-09-17T20:47:13.441773-03:00
ANPD notifica 20 empresas por descumprirem regra de proteção de dados,https://g1.globo.com/tecnologia/noticia/2024/12/13/anpd-notifica-20-empresas-por-descumprirem-regra-de-protecao-de-dados.ghtml,"...Segundo a ANPD, as marcas não indicaram o contato de encarregados pelos tratamentos de dados, uma exigência da LGPD... — ...A Cacau Show disse que a notificação da ANPD solicitou a comprovação do cumprimento das normas associadas à LGPD...",2024-12-13T15:20:58.799000-03:00,2025-02-07T18:08:06.845000-03:00,35,10,2026-09-17T20:47:13.441773-03:00
MTE multa empresas responsáveis pela UPA da Zona Norte em R$ 2 milhões por atraso de salários e FGTS,https://g1.globo.com/sp/sorocaba-jundiai/noticia/2026/01/08/mte-multa-empresas-responsaveis-pela-upa-da-zona-norte-por-atraso-de-salarios-e-fgts.ghtml,"...pacientes, desde a chegada até o faturamento junto à prefeitura, com controle de dados e respeito à Lei Geral de Proteção de Dados (LGPD...",2026-01-08T12:37:39.017000-03:00,2026-01-08T12:50:52.730000-03:00,36,1,2026-09-17T20:47:13.441773-03:00
Vereadora Tatiana Medeiros passa mal e é levada para o Hospital de Urgência de Teresina,https://g1.globo.com/pi/piaui/noticia/2025/05/21/vereadora-tatiana-medeiros-passa-mal-e-e-levada-para-o-hospital-de-urgencia-de-teresina.ghtml,"...Além de afirmar que, em respeito à Lei Geral de Proteção de Dados (LGPD) e ao sigilo médico, não serão divulgadas informações pessoais...",2025-05-21T10:14:49.137000-03:00,2025-12-13T05:09:17.387000-03:00,36,2,2026-09-17T20:47:13.441773-03:00
Olhos no céu: drones mudam a forma da PM fiscalizar e prevenir crimes nas rodovias de SP,https://g1.globo.com/sp/santos-regiao/noticia/2026/03/01/olhos-no-ceu-drones-mudam-a-forma-da-pm-fiscalizar-e-prevenir-crimes-nas-rodovias-de-sp.ghtml,"...Em regra não há compartilhamento de imagens, obedecendo-se a LGPD, salvo se houver demanda por requisição da Polícia Judiciária ou...",2026-03-01T13:36:22.168000-03:00,2026-03-01T13:36:22.759000-03:00,36,3,2026-09-17T20:47:13.441773-03:00
"Jovem que está paraplégica disse que foi confundida por atiradora no litoral de SP, afirma testemunha",https://g1.globo.com/sp/santos-regiao/noticia/2025/09/07/jovem-que-esta-paraplegica-disse-que-foi-confundida-por-atiradora-no-litoral-de-sp-afirma-testemunha.ghtml,"...O hospital destacou não ter autorização para prestar mais informações por conta da Lei Geral de Proteção de Dados Pessoais (LGPD),...",2025-09-07T06:26:22.945000-03:00,2025-12-13T12:58:18.279000-03:00,36,4,2026-09-17T20:47:13.441773-03:00
NR-1: Governo estuda adiar mais uma vez regra que pune empresas por danos à saúde mental no trabalho,https://g1.globo.com/trabalho-e-carreira/noticia/2026/03/24/nr-1-governo-estuda-adiar-mais-uma-vez-regra-que-pune-empresas-por-danos-a-saude-mental-no-trabalho.ghtml,"...insegurança jurídica ao tratar riscos psicossociais sem critérios claros, além de possíveis conflitos com a Lei Geral de Proteção de Dados (LGPD...",2026-03-24T07:46:34.277000-03:00,2026-03-24T11:41:11.137000-03:00,36,5,2026-09-17T20:47:13.441773-03:00
Projeto aprovado sobre câmeras em salas de aula do DF não indica qualquer estimativa de custo,https://g1.globo.com/df/distrito-federal/noticia/2025/10/24/projeto-aprovado-sobre-cameras-em-salas-de-aula-do-df-nao-indica-qualquer-estimativa-de-custo.ghtml,...orçamentária criação de responsabilidade para o servidor — diretores dos colégios falta da observância da Lei Geral de Proteção de Dados (LGPD...,2025-10-24T02:00:58.372000-03:00,2025-10-24T08:06:12.273000-03:00,36,6,2026-09-17T20:47:13.441773-03:00
Irmãos que estavam em carro que caiu em ribanceira estão em estado gravíssimo e são transferidos; pais morreram,https://g1.globo.com/sp/sao-carlos-regiao/noticia/2025/04/22/irmaos-que-estavam-em-carro-que-caiu-em-ribanceira-estao-em-estado-gravissimo-e-sao-transferidos-pais-morreram.ghtml,"...que o jovem segue internado na Unidade de Terapia Intensiva (UTI), mas não passou outras informações, alegando seguir diretrizes da LGPD...",2025-04-22T16:07:50.202000-03:00,2025-12-13T04:09:01.289000-03:00,36,7,2026-09-17T20:47:13.441773-03:00
"Clínica de médico suspeito de ameaçar servidora já havia sido interditada outras vezes, diz delegado",https://g1.globo.com/go/goias/noticia/2025/11/26/clinica-de-medico-suspeito-de-ameacar-servidora-ja-havia-sido-fiscalizada-por-medicamentos-vencidos-e-local-insalubre-diz-delegado.ghtml,"...prefeitura, que informou que não pode dar mais detalhes sobre as fiscalizações anteriores em virtude da Lei Geral de Proteção de Dados (LGPD...",2025-11-26T10:45:19.449000-03:00,2025-11-26T13:44:53.988000-03:00,36,8,2026-09-17T20:47:13.441773-03:00
Detran do DF decide usar câmeras corporais em operações a partir de 2026,https://g1.globo.com/df/distrito-federal/noticia/2025/10/29/detran-do-df-decide-usar-cameras-corporais-em-operacoes-a-partir-de-2026.ghtml,"...Isso porque, conforme explicou, há questões ligadas à Lei Geral de Proteção de Dados (LGPD) que devem ser consideradas...",2025-10-29T14:08:11.810000-03:00,2025-10-29T14:08:12.419000-03:00,36,9,2026-09-17T20:47:13.441773-03:00
"Jovem está paraplégica após ser baleada nas costas por mulher ao sair da academia, diz delegado",https://g1.globo.com/sp/santos-regiao/noticia/2025/09/06/jovem-esta-paraplegica-apos-ser-baleada-nas-costas-por-mulher-ao-sair-da-academia-diz-delegado.ghtml,"...O hospital destacou não ter autorização para prestar mais informações por conta da Lei Geral de Proteção de Dados Pessoais (LGPD),...",2025-09-06T06:34:32.575000-03:00,2025-12-13T12:52:50.520000-03:00,36,10,2026-09-17T20:47:13.441773-03:00
Golpistas se passam por médicos e pedem dinheiro a famílias de pacientes de hospital infantil de SC,https://g1.globo.com/sc/santa-catarina/noticia/2025/05/12/golpistas-se-passam-por-medicos-hospital-infantil-joinville.ghtml,"...""Todo o nosso hospital segue as leis da LGPD, da Lei Geral de Proteção de Dados. O nosso sistema é informatizado...",2025-05-12T20:34:43.023000-03:00,2025-12-13T04:54:32.883000-03:00,37,1,2026-09-17T20:47:13.441773-03:00
"Advogada faz exame toxicológico para concurso, laboratório erra e deve pagar indenização: 'Erro inadmissível'",https://g1.globo.com/ac/acre/noticia/2025/01/17/advogada-faz-exame-toxicologico-para-concurso-laboratorio-erra-e-deve-pagar-indenizacao-erro-inadmissivel.ghtml,"...detalhadas sobre os exames realizados, conforme estabelecido pelo Código de Ética Médica, pela Lei Geral de Proteção de Dados Pessoais (LGPD...",2025-01-17T06:00:20.621000-03:00,2025-12-12T23:37:35.338000-03:00,37,2,2026-09-17T20:47:13.441773-03:00
Vítimas expostas: como o g1 descobriu que Justiça divulgou nomes de crianças e mulheres vítimas de estupro e violência doméstica,https://g1.globo.com/politica/noticia/2025/06/01/vitimas-expostas-como-o-g1-descobriu-que-justica-divulgou-nomes-de-criancas-e-mulheres-vitimas-de-estupro-e-violencia-domestica.ghtml,"...Atoji também critica o argumento do CNJ de que a LGPD impediria a divulgação de CPFs... — ...Falar em ocultação total por causa da LGPD não é razoável"", diz a especialista...",2025-06-01T10:11:32.215000-03:00,2025-06-01T11:51:19.732000-03:00,37,3,2026-09-17T20:47:13.441773-03:00
Comissão do Senado debate projeto para atualizar o Código Civil,https://g1.globo.com/politica/noticia/2025/10/09/comissao-do-senado-debate-projeto-para-atualizar-o-codigo-civil.ghtml,"...A proposta incorpora princípios do Marco Civil da Internet e da Lei Geral de Proteção de Dados (LGPD), com o objetivo de garantir segurança...",2025-10-09T21:40:22.204000-03:00,2025-10-09T21:40:22.656000-03:00,37,5,2026-09-17T20:47:13.441773-03:00
Jovem é baleado por policiais militares ao sair de cinema em shopping,https://g1.globo.com/go/goias/noticia/2026/01/07/jovem-e-baleado-ao-sair-de-cinema-em-shopping.ghtml,"...internado, comunicou que não pode passar informações sobre o estado de saúde dos pacientes devido a Lei Geral de Proteção de Dados (LGPD...",2026-01-07T10:54:58.194000-03:00,2026-01-07T11:30:12.545000-03:00,37,6,2026-09-17T20:47:13.441773-03:00
Incêndio em penitenciária no interior de SP deixa 7 mortos e feridos,https://g1.globo.com/sp/bauru-marilia/noticia/2025/11/25/incendio-em-presidio-no-interior-de-sp-causa-intoxicacao-de-presos-e-funcionarios.ghtml,"...A instituição ressaltou que, em respeito à Lei Geral de Proteção de Dados (LGPD), não divulgará o estado clínico dos pacientes atendidos...",2025-11-25T21:17:53.745000-03:00,2025-11-26T14:57:07.889000-03:00,37,7,2026-09-17T20:47:13.441773-03:00
Câmara Municipal de Sorocaba aprova projeto sobre fila da saúde na rede municipal,https://g1.globo.com/sp/sorocaba-jundiai/noticia/2025/07/01/camara-municipal-de-sorocaba-aprova-projeto-sobre-fila-da-saude-na-rede-municipal.ghtml,"...No entanto, conforme diretrizes da Lei Geral de Proteção de Dados Pessoais (LGPD), só o próprio paciente terá acesso aos seus dados...",2025-07-01T20:45:14.890000-03:00,2025-12-13T06:58:10.594000-03:00,37,8,2026-09-17T20:47:13.441773-03:00
Dados sigilosos de crianças e adolescentes de processos do TJ-SP vazam em sites jurídicos e expõem jovens a constrangimentos e riscos,https://g1.globo.com/sp/sao-paulo/noticia/2025/12/11/dados-sigilosos-de-criancas-e-adolescentes-de-processos-do-tj-sp-vazam-em-sites-juridicos-e-expoem-jovens-a-constrangimentos-e-riscos.ghtml,...proteção de dados e com a legislação O Escavador reafirma seu compromisso integral com: a Lei Geral de Proteção de Dados Pessoais (LGPD...,2025-12-11T04:01:13.618000-03:00,2026-05-22T18:54:08.464000-03:00,37,9,2026-09-17T20:47:13.441773-03:00
"Entregador que morreu em acidente com Dodge Ram tinha decidido que iria parar com entregas por causa dos riscos, diz sogro",https://g1.globo.com/go/goias/transito/noticia/2024/12/13/entregador-que-morreu-em-acidente-com-dodge-ram-tinha-decidido-que-iria-parar-com-entregas-por-causa-dos-riscos-diz-sogro.ghtml,"...Contudo, esses dados não foram fornecidos pelo hospital, que alegou sigilo das informações, conforme a LGPD...",2024-12-13T03:30:29.101000-03:00,2025-12-12T20:40:12.460000-03:00,37,10,2026-09-17T20:47:13.441773-03:00
"Após reportagem do g1, Jusbrasil identifica falha que reproduziu dados de crianças do Diário Oficial de Justiça e remove conteúdo",https://g1.globo.com/sp/sao-paulo/noticia/2025/12/12/apos-reportagem-do-g1-jusbrasil-identifica-falha-que-reproduziu-dados-de-criancas-do-diario-oficial-de-justica-e-remove-conteudo.ghtml,...proteção de dados e com a legislação O Escavador reafirma seu compromisso integral com: a Lei Geral de Proteção de Dados Pessoais (LGPD...,2025-12-12T17:19:29.215000-03:00,2026-05-22T18:55:11.065000-03:00,38,1,2026-09-17T20:47:13.441773-03:00
"Prazo se encerra, e prefeitura não apresenta dados sobre a fila da saúde para o Ministério Público: 'São imprescindíveis', diz promotora",https://g1.globo.com/sp/sorocaba-jundiai/noticia/2025/08/06/prazo-se-encerra-e-prefeitura-nao-apresenta-dados-sobre-a-fila-da-saude-para-o-ministerio-publico-sao-imprescindiveis-diz-promotora.ghtml,"...No entanto, conforme diretrizes da Lei Geral de Proteção de Dados Pessoais (LGPD), só o próprio paciente terá acesso aos seus dados...",2025-08-06T07:22:09.909000-03:00,2025-12-13T10:01:49.476000-03:00,38,2,2026-09-17T20:47:13.441773-03:00
Menino de 10 anos morre após ser atropelado enquanto corria atrás de bola na rua; motorista é liberado,https://g1.globo.com/sp/santos-regiao/noticia/2025/10/03/menino-de-10-anos-morre-apos-ser-atropelado-enquanto-corria-atras-de-bola-na-rua-motorista-e-liberado.ghtml,"...a prefeitura, detalhes não podem ser divulgados em respeito ao Código de Ética Médica e também à Lei Geral de Proteção de Dados (LGPD...",2025-10-03T05:10:24.620000-03:00,2025-10-03T14:56:54.773000-03:00,38,3,2026-09-17T20:47:13.441773-03:00
Candidatos denunciam que dados pessoais vazaram em concurso da prefeitura de João Pessoa,https://g1.globo.com/pb/paraiba/noticia/2025/07/25/candidatos-questionam-divulgacao-de-dados-pessoais-em-lista-de-concurso-da-prefeitura-de-joao-pessoa-lesada-em-todos-os-sentidos.ghtml,...VÍDEO: O que é a Lei Geral de Proteção de Dados (LGPD)?... — ...A advogada especialista em Lei Geral de Proteção de Dados (LGPD) Juliana Nóbrega explica que os dados não poderiam ter sido vazados...,2025-07-25T19:31:55.620000-03:00,2025-12-13T09:00:17.116000-03:00,38,4,2026-09-17T20:47:13.441773-03:00
"ChatGPT funciona para emergências médicas? Estudo lista falhas, viés racial e dúvidas sobre uso da IA",https://g1.globo.com/saude/noticia/2026/03/06/chatgpt-emergencias-medicas-estudo-lista-falhas-vies-racial-e-duvidas.ghtml,"...Associação Médica Brasileira (AMB), o Brasil já possui algumas bases regulatórias aplicáveis, como a Lei Geral de Proteção de Dados (LGPD...",2026-03-06T04:01:15.786000-03:00,2026-03-06T04:01:16.426000-03:00,38,5,2026-09-17T20:47:13.441773-03:00
Paraense morre após contrair raiva humana no Amapá; é o 3ª caso no Brasil em 2025,https://g1.globo.com/pa/para/noticia/2025/12/04/paraense-morre-apos-contrair-raiva-humana-no-amapa-e-a-3a-morte-no-brasil-em-2025.ghtml,"...informou, em nota, que não divulga dados clínicos ou administrativos de pacientes, em conformidade com a Lei Geral de Proteção de Dados (LGPD...",2025-12-04T15:30:10.290000-03:00,2025-12-04T16:23:05.654000-03:00,38,7,2026-09-17T20:47:13.441773-03:00
99 e Uber anunciam retomada do serviço de moto por aplicativo na cidade de SP a partir de 11 de dezembro,https://g1.globo.com/sp/sao-paulo/noticia/2025/11/18/99-e-uber-anunciam-retomada-do-servico-de-moto-por-aplicativo-na-cidade-de-sp-a-partir-de-11-de-dezembro.ghtml,"...agregadas e anonimizadas ao poder público para planejamento de mobilidade, redução de acidentes e ações educativas, respeitando a LGPD...",2025-11-18T09:59:29.652000-03:00,2025-11-18T13:45:03.852000-03:00,38,8,2026-09-17T20:47:13.441773-03:00
MPF vê inconstitucionalidade em pacote anticrime de Rodrigo Bacellar; projeto segue para sanção do governador,https://g1.globo.com/rj/rio-de-janeiro/noticia/2025/09/17/mpf-ve-inconstitucionalidade-em-pacote-anticrime-de-rodrigo-bacellar-projeto-segue-para-sancao-do-governador.ghtml,"...Segundo ele, o projeto fere a Lei Geral de Proteção de Dados (LGPD) e “naturaliza práticas de vigilância que afetam de forma desproporcional...",2025-09-17T17:51:53.527000-03:00,2025-09-17T18:40:36.762000-03:00,38,9,2026-09-17T20:47:13.441773-03:00
"MP dá prazo de 30 dias para prefeitura apresentar números da fila de espera de pacientes que aguardam consultas, exames e cirurgias em Sorocaba",https://g1.globo.com/sp/sorocaba-jundiai/noticia/2025/07/04/mp-da-prazo-de-30-dias-para-prefeitura-apresentar-numeros-da-fila-de-espera-de-pacientes-que-aguardam-consultas-exames-e-cirurgias-em-sorocaba.ghtml,"...No entanto, conforme diretrizes da Lei Geral de Proteção de Dados Pessoais (LGPD), só o próprio paciente terá acesso aos seus dados...",2025-07-04T18:58:48.118000-03:00,2025-12-13T06:34:47.952000-03:00,38,10,2026-09-17T20:47:13.441773-03:00
Filha da PM Gisele começa a receber pensão 49 dias após morte da mãe,https://g1.globo.com/sp/sao-paulo/noticia/2026/04/08/filha-da-pm-gisele-comeca-a-receber-pensao-49-dias-apos-morte-da-mae.ghtml,"...O órgão ainda ressaltou que não divulgou o valor do benefício ""em respeito à Lei Geral de Proteção de Dados (LGPD) e considerando tratar-se...",2026-04-08T19:00:39.320000-03:00,2026-04-08T20:10:45.613000-03:00,39,1,2026-09-17T20:47:13.441773-03:00
Prefeitura de SP afirma que vai recorrer no STF sobre retomada de serviço de motos por app na capital,https://g1.globo.com/sp/sao-paulo/noticia/2025/11/18/prefeitura-de-sp-afirma-que-vai-recorrer-no-stf-sobre-retomada-de-servico-de-motos-por-app-na-capital.ghtml,"...agregadas e anonimizadas ao poder público para planejamento de mobilidade, redução de acidentes e ações educativas, respeitando a LGPD...",2025-11-18T16:03:51.049000-03:00,2025-11-18T20:05:08.124000-03:00,39,3,2026-09-17T20:47:13.441773-03:00
Justiça manda indenizar sobrevivente de acidente aéreo que matou dois paraquedistas em Boituva,https://g1.globo.com/sp/itapetininga-regiao/noticia/2025/08/07/justica-manda-indenizar-sobrevivente-de-acidente-aereo-que-matou-dois-paraquedistas-em-boituva.ghtml,...assessoria jurídica da empresa informou que não comenta o processo em razão da Lei Geral de Proteção de Dados (Lei nº 13.709/2018 - LGPD...,2025-08-07T14:17:59.530000-03:00,2025-12-13T08:55:47.408000-03:00,39,4,2026-09-17T20:47:13.441773-03:00
"Prefeitura de Sorocaba entrega dados sobre a fila da saúde, mas MP diz que números estão incompletos",https://g1.globo.com/sp/sorocaba-jundiai/noticia/2025/08/07/prefeitura-de-sorocaba-entrega-dados-sobre-a-fila-da-saude-mas-mp-diz-que-numeros-estao-incompletos.ghtml,"...No entanto, conforme diretrizes da Lei Geral de Proteção de Dados Pessoais (LGPD), só o próprio paciente terá acesso aos seus dados...",2025-08-07T20:19:57.376000-03:00,2025-12-13T10:06:19.386000-03:00,39,5,2026-09-17T20:47:13.441773-03:00
Tribunal de Contas do Paraná suspende processo de privatização da Celepar,https://g1.globo.com/pr/parana/economia/noticia/2025/09/12/tribunal-de-contas-do-parana-suspende-processo-de-privatizacao-da-celepar.ghtml,"...privatização poderia acarretar novos gastos com reestruturação, contratação de pessoal, aquisição de equipamentos e adequações à LGPD...",2025-09-12T18:35:13.955000-03:00,2025-12-13T13:24:53.628000-03:00,39,6,2026-09-17T20:47:13.441773-03:00
Tarifa Zero começa a funcionar em Uberlândia; veja como se cadastrar,https://g1.globo.com/mg/triangulo-mineiro/noticia/2025/02/10/tarifa-zero-comeca-a-funcionar-em-uberlandia-veja-como-se-cadastrar.ghtml,...de endereço comprovante de matrícula declaração de frequência documento oficial de identificação com foto formulário de adesão à LGPD...,2025-02-10T09:46:20.503000-03:00,2025-12-13T00:36:40.505000-03:00,39,7,2026-09-17T20:47:13.441773-03:00
Ex-bombeiro conta como salvou trabalhador que desmaiou e ficou pendurado em fachada de prédio,https://g1.globo.com/sp/santos-regiao/noticia/2025/11/12/o-instinto-fala-mais-alto-ex-bombeiro-salva-trabalhador-que-desmaiou-e-ficou-pendurado-a-cerca-de-30-metros-em-santos.ghtml,"...A Prefeitura de Santos, porém, negou que o Samu tenha sido acionado e informou que, em respeito à Lei Geral de Proteção de Dados (LGPD...",2025-11-12T05:23:10.475000-03:00,2025-11-12T08:47:05.787000-03:00,39,9,2026-09-17T20:47:13.441773-03:00
"Saiba quem eram Rogério e Alessandra, casal de Brasília que morreu após carro cair em ribanceira no interior de SP",https://g1.globo.com/sp/sao-carlos-regiao/noticia/2025/04/23/saiba-quem-eram-rogerio-e-alessandra-casal-de-brasilia-que-morreu-apos-carro-cair-em-ribanceira-no-interior-de-sp.ghtml,"...que o jovem segue internado na Unidade de Terapia Intensiva (UTI), mas não passou outras informações, alegando seguir diretrizes da LGPD...",2025-04-23T00:00:43.904000-03:00,2025-12-13T04:11:22.710000-03:00,39,10,2026-09-17T20:47:13.441773-03:00
Câmara de Avaré aprova sistema de monitoramento em tempo real nas creches municipais,https://g1.globo.com/sp/itapetininga-regiao/noticia/2025/10/02/camara-de-avare-aprova-sistema-de-monitoramento-em-tempo-real-nas-creches-municipais.ghtml,"...As imagens não poderão ser gravadas nem compartilhadas, em respeito à Lei Geral de Proteção de Dados (LGPD). 📲 Participe do canal...",2025-10-02T07:29:51.961000-03:00,2025-10-02T07:29:53.188000-03:00,40,1,2026-09-17T20:47:13.441773-03:00
50 piauienses são vítimas de falso boleto de plano de saúde; criminosos usavam nomes da Humana e Unimed,https://g1.globo.com/pi/piaui/noticia/2025/08/21/40-piauienses-sao-vitimas-de-falso-boleto-de-plano-de-saude-em-2-anos-saiba-como-o-golpe-funcionava.ghtml,"...conscientização, a Unimed Teresina mantém rígidas práticas de segurança da informação, em conformidade com a Lei Geral de Proteção de Dados (LGPD...",2025-08-21T07:20:00.254000-03:00,2025-12-13T11:19:40.601000-03:00,40,2,2026-09-17T20:47:13.441773-03:00
"Uso inadequado de alavanca de combustível causou morte de dois paraquedistas no interior de SP, aponta relatório",https://g1.globo.com/sp/itapetininga-regiao/noticia/2025/08/04/acidente-aereo-em-boituva-relatorio-aponta-uso-inadequado-de-alavanca-de-combustivel-em-acidente-que-matou-paraquedistas-em-2022.ghtml,"...Fun, que era dona do avião, informou que o inquérito está sob segredo de Justiça em obediência à Lei Geral de Proteção de Dados (LGPD...",2025-08-04T19:26:27.109000-03:00,2025-12-13T09:59:44.427000-03:00,40,3,2026-09-17T20:47:13.441773-03:00
"É #FAKE que o Drex, a moeda digital brasileira, vai acabar com o dinheiro físico e visa aumentar controle social",https://g1.globo.com/fato-ou-fake/noticia/2025/01/16/e-fake-que-o-drex-a-moeda-digital-brasileira-vai-acabar-com-o-dinheiro-fisico-e-visa-aumentar-controle-social.ghtml,"...Garantem-se ainda os princípios e regras de privacidade e segurança previstos na lei brasileira, em especial na lei do sigilo bancário e na LGPD...",2025-01-16T06:00:29.683000-03:00,2025-12-12T23:08:54.858000-03:00,40,4,2026-09-17T20:47:13.441773-03:00
Motociclista fica ferido após bater em poste caído no DF,https://g1.globo.com/df/distrito-federal/noticia/2025/09/22/motociclista-fica-ferido-apos-bater-em-poste-caido-no-df.ghtml,"...Conselho Federal de Medicina (CFM), pela Resolução nº 1.638/2002 e pelo Código de Ética Médica, além da Lei Geral de Proteção de Dados (LGPD...",2025-09-22T10:41:41.654000-03:00,2025-09-22T12:35:48.917000-03:00,40,5,2026-09-17T20:47:13.441773-03:00
"'Juros de mora', 'adicionais temporais', 'outra': termos genéricos camuflam penduricalhos em salários de magistrados",https://g1.globo.com/politica/noticia/2026/02/27/juros-de-mora-adicionais-temporais-outra-termos-genericos-camuflam-penduricalhos-em-salarios-de-magistrados.ghtml,...Uma das justificativas apresentadas pelos tribunais para negar as informações é a Lei Geral de Proteção de Dados (LGPD)...,2026-02-27T00:00:52.766000-03:00,2026-02-27T17:24:06.850000-03:00,40,6,2026-09-17T20:47:13.441773-03:00
Órgão ligado ao governo abre processo contra TikTok por suspeita de violação de dados de crianças e adolescentes,https://g1.globo.com/tecnologia/noticia/2024/11/04/orgao-ligado-ao-governo-abre-investigacao-contra-tiktok.ghtml,"...Segundo a ANPD, a equipe técnica identificou indícios de violações à Lei Geral de Proteção de Dados Pessoais (LGPD), com possíveis... — ...O artigo 14 da Lei Geral de Proteção de Dados (LGPD) exige que o tratamento de dados de crianças seja feito com o consentimento de...",2024-11-04T11:36:30.514000-03:00,2025-02-07T18:08:42.076000-03:00,40,9,2026-09-17T20:47:13.441773-03:00
"Após cadeirada em ex-vereador, presidente da Câmara Municipal proíbe uso de câmeras no plenário do Poder Legislativo, em Indiana",https://g1.globo.com/sp/presidente-prudente-regiao/noticia/2025/08/21/apos-cadeirada-em-ex-vereador-presidente-da-camara-municipal-proibe-uso-de-cameras-no-plenario-do-poder-legislativo-em-indiana.ghtml,"...andamento dos trabalhos legislativos""; e a lei federal nº 13.709/2018, também conhecida como Lei Geral de Proteção de Dados Pessoais (LGPD...",2025-08-21T18:30:11.636000-03:00,2025-12-13T11:26:11.496000-03:00,40,10,2026-09-17T20:47:13.441773-03:00
"Menino que morreu depois de sentir dores na coxa dias após partida de futebol em Jundiaí sonhava em ser jogador profissional, diz família",https://g1.globo.com/sp/sorocaba-jundiai/noticia/2025/07/09/menino-que-morreu-depois-de-sentir-dores-na-coxa-dias-apos-partida-de-futebol-em-jundiai-sonhava-em-ser-jogador-profissional-diz-familia.ghtml,...Prefeitura de Jundiaí informa que não poderá divulgar detalhes sobre o caso de forma pública devido à Lei Geral de Proteção de Dados (LGPD...,2025-07-09T14:01:54.762000-03:00,2025-12-13T07:24:55.395000-03:00,41,1,2026-09-17T20:47:13.441773-03:00
Tutores de animais podem ter guarda de pets registrada nos cartórios de Alagoas,https://g1.globo.com/al/alagoas/arquivo/noticia/2024/11/09/tutores-de-animais-podem-ter-guarda-de-pets-registrada-nos-cartorios-de-alagoas.ghtml,"...para órgãos públicos previamente habilitados por convênio, observadas as disposições da Lei Geral de Proteção de Dados Pessoais (LGPD...",2024-11-09T11:59:44.236000-03:00,2025-09-28T12:24:13.196000-03:00,41,2,2026-09-17T20:47:13.441773-03:00
Governo regulamenta cadastro para consultar se celular foi roubado ou furtado,https://g1.globo.com/politica/noticia/2025/07/14/governo-regulamenta-cadastro-para-consultar-se-celular-foi-roubado-ou-furtado.ghtml,...Proteção de dados A portaria estabelece que o tratamento das informações no CNCR segue as regras da Lei Geral de Proteção de Dados (LGPD...,2025-07-14T14:18:24.612000-03:00,2025-07-14T18:16:12.898000-03:00,41,5,2026-09-17T20:47:13.441773-03:00
Acidente na BR-365 em Indianópolis mata uma pessoa e deixa duas feridas,https://g1.globo.com/mg/triangulo-mineiro/noticia/2025/09/18/acidente-na-br-365-em-indianopolis-mata-uma-pessoa-e-deixa-duas-feridas.ghtml,"...O Samu ressaltou ainda que, conforme a Lei Geral de Proteção de Dados (LGPD), não serão divulgadas informações que possam identificar...",2025-09-18T12:18:17.751000-03:00,2025-09-18T13:54:33.104000-03:00,41,7,2026-09-17T20:47:13.441773-03:00
"Condomínio em SP: perguntas e respostas sobre reconhecimento facial, 'efeito carona' e segurança dos dados biométricos",https://g1.globo.com/sp/sao-paulo/noticia/2025/07/24/condominio-em-sp-perguntas-e-respostas-sobre-reconhecimento-facial-efeito-carona-e-seguranca-dos-dados-biometricos.ghtml,...O especialista também aponta que é preciso verificar se a empresa cumpre a Lei Geral de Proteção de Dados (LGPD)...,2025-07-24T15:55:45.328000-03:00,2025-09-10T22:30:50.929000-03:00,41,9,2026-09-17T20:47:13.441773-03:00
"Conheça o que faz um DPO, data protection officer",https://g1.globo.com/sp/ribeirao-preto-franca/videos-jornal-da-eptv-1-edicao/video/conheca-o-que-faz-um-dpo-data-protection-officer-12234604.ghtml,...Funções do profissional estão relacionadas à Lei Geral de Proteção de Dados (LGPD)...,2024-01-02T11:53:35-03:00,2024-01-02T13:21:11-03:00,41,10,2026-09-17T20:47:13.441773-03:00
Ex-marido é preso suspeito de envolvimento em ataque que deixou jovem paraplégica em Santos,https://g1.globo.com/sp/santos-regiao/noticia/2025/09/09/ex-marido-e-preso-suspeito-de-envolvimento-em-ataque-que-deixou-jovem-paraplegica-em-santos.ghtml,"...O hospital destacou não ter autorização para prestar mais informações por conta da Lei Geral de Proteção de Dados Pessoais (LGPD),...",2025-09-09T18:00:13.915000-03:00,2025-12-13T13:12:21.582000-03:00,42,1,2026-09-17T20:47:13.441773-03:00
VÍDEO: imagens feitas de dentro de avião registram desespero de paraquedistas e queda da aeronave que resultou em duas mortes,https://g1.globo.com/sp/itapetininga-regiao/noticia/2025/08/05/video-mostra-desespero-de-paraquedistas-e-queda-da-aeronave-que-resultou-em-duas-mortes-em-boituva.ghtml,"...Fun, que era dona do avião, informou que o inquérito está sob segredo de Justiça em obediência à Lei Geral de Proteção de Dados (LGPD...",2025-08-05T14:07:00.357000-03:00,2025-12-13T09:53:22.192000-03:00,42,2,2026-09-17T20:47:13.441773-03:00
Castro sanciona pacote de enfrentamento ao crime de Bacellar,https://g1.globo.com/rj/rio-de-janeiro/noticia/2025/10/10/castro-sanciona-pacote-de-enfrentamento-ao-crime.ghtml,"...criticou o cerco eletrônico com reconhecimento facial, alegando risco de discriminação e violação à Lei Geral de Proteção de Dados (LGPD...",2025-10-10T10:11:25.666000-03:00,2025-10-10T10:49:13.056000-03:00,42,3,2026-09-17T20:47:13.441773-03:00
Golpe do falso advogado: TJRJ e Polícia Civil firmam parceria para coibir fraudes,https://g1.globo.com/rj/rio-de-janeiro/noticia/2025/10/20/golpe-do-falso-advogado-tjrj-e-policia-civil-firmam-parceria-para-coibir-fraudes.ghtml,"...auxiliem nas investigações, como IPs de acesso e horários de consulta aos processos — tudo dentro da Lei Geral de Proteção de Dados (LGPD...",2025-10-20T12:13:34.682000-03:00,2025-10-20T12:13:35.264000-03:00,42,4,2026-09-17T20:47:13.441773-03:00
Veja quem é o motorista que salvou passageiros na Marginal Botafogo e perdeu o carro em alagamento,https://g1.globo.com/go/goias/noticia/2026/01/21/veja-quem-e-o-motorista-que-salvou-passageiros-na-marginal-botafogo-e-perdeu-o-carro-em-alagamento.ghtml,"...Por este motivo, e em cumprimento à Lei Geral de Proteção de Dados (LGPD), as informações detalhadas sobre o andamento do caso são...",2026-01-21T10:35:47.952000-03:00,2026-01-31T09:44:46.258000-03:00,42,5,2026-09-17T20:47:13.441773-03:00
'Aceitar todos os cookies' é a melhor ideia? Entenda o que fazer quando receber o aviso,https://g1.globo.com/tecnologia/noticia/2025/03/11/saiba-se-aceitar-todos-os-cookies-e-a-melhor-ideia.ghtml,"...Com a entrada em vigor da LGPD, sites costumam apresentar mensagem sobre o gerenciamento de cookies com duas opções: aceitar todos... — ...""Apesar de não existir na LGPD um capítulo específico sobre cookies, a ANPD elaborou em 2022 um guia com recomendações do que deve...",2025-03-11T03:00:24.734000-03:00,2025-03-11T03:00:25.343000-03:00,42,6,2026-09-17T20:47:13.441773-03:00
'Justiceiros de Copacabana': RJ é condenado a pagar R$ 500 mil após PM expor menores e incitar linchamento,https://g1.globo.com/rj/rio-de-janeiro/noticia/2025/11/14/justiceiros-de-copacabana-rj-e-condenado-a-pagar-r-500-mil-apos-pm-expor-menores-e-incitar-linchamento.ghtml,"...crianças e adolescentes previstos na Constituição, no Estatuto da Criança e do Adolescente (ECA) e na Lei Geral de Proteção de Dados (LGPD...",2025-11-14T04:00:57.004000-03:00,2025-11-14T05:35:07.640000-03:00,42,7,2026-09-17T20:47:13.441773-03:00
"Idosa morre à espera de vaga para cirurgia em Juiz de Fora: 'Perdemos nosso pai e agora nossa mãe do mesmo jeito', diz filha",https://g1.globo.com/mg/zona-da-mata/noticia/2025/10/07/idosa-morre-a-espera-de-vaga-para-cirurgia-em-juiz-de-fora-perdemos-nosso-pai-e-agora-nossa-mae-do-mesmo-jeito-diz-filha.ghtml,"...pacientes, visando garantir a segurança e a privacidade dos mesmos, em conformidade com a Lei Geral de Proteção de Dados Pessoais (LGPD...",2025-10-07T12:10:29.389000-03:00,2025-10-07T12:44:57.362000-03:00,42,9,2026-09-17T20:47:13.441773-03:00
Criança morta com marcas de agressão em SC: prefeitura investiga atuação do Conselho Tutelar,https://g1.globo.com/sc/santa-catarina/noticia/2025/08/20/crianca-morta-marcas-agressao-prefeitura-investiga-conselho-tutelar.ghtml,"...Dessa forma, em respeito a Lei Geral de Proteção de Dados (LGPD) e ao próprio (ECA) – Estatuto da Criança e do Adolescente não podemos...",2025-08-20T19:32:14.363000-03:00,2025-12-13T11:14:28.502000-03:00,42,10,2026-09-17T20:47:13.441773-03:00
Governo pode ter acesso a câmeras de lojas e casas para reforçar a segurança; entenda regras,https://g1.globo.com/go/goias/noticia/2025/05/09/governo-pode-ter-acesso-a-cameras-de-seguranca-de-lojas-e-casas-para-reforcar-a-seguranca-entenda-regras.ghtml,"...O projeto assegura mecanismos de proteção de dados e privacidade, em respeito à Lei Geral de Proteção de Dados (LGPD) . ”É importante...",2025-05-09T08:43:20.595000-03:00,2025-12-13T04:44:04.721000-03:00,43,1,2026-09-17T20:47:13.441773-03:00
Instalação de câmeras em salas de aula no DF divide opiniões entre segurança e vigilância,https://g1.globo.com/df/distrito-federal/noticia/2025/10/25/instalacao-de-cameras-em-salas-de-aula-no-df-divide-opinioes-entre-seguranca-e-vigilancia.ghtml,"...Nem que essas medidas não sejam exaustivas, mas tem que ter requisitos mínimos de como aqueles tratamentos de dados vão observar a LGPD...",2025-10-25T15:52:11.089000-03:00,2025-10-25T16:07:35.802000-03:00,43,2,2026-09-17T20:47:13.441773-03:00
Como destruir etiquetas de encomendas e evitar fraudes,https://g1.globo.com/guia/guia-de-compras/casa/home-office/saiba-como-destruir-etiquetas-de-encomendas-e-evitar-fraudes.ghtml,"...A LGPD (Lei Geral de Proteção de Dados) serve para estabelecer padrões sobre quais dados são pessoais ou sensíveis, além de trazer...",2025-10-13T05:04:20.350000-03:00,2025-10-15T10:32:54.863000-03:00,43,5,2026-09-17T20:47:13.441773-03:00
Instituto abre inscrições para curso gratuito de Cibersegurança com foco em Indústria 4.0 em Manaus,https://g1.globo.com/am/amazonas/noticia/2025/06/10/instituto-abre-inscricoes-para-curso-gratuito-de-ciberseguranca-com-foco-em-industria-40-em-manaus.ghtml,"...Entre os temas abordados estão fundamentos da LGPD, Ethical Hacking e ferramentas como Zabbix, Wazuh e Grafana...",2025-06-10T22:13:50.042000-03:00,2025-06-10T22:13:50.516000-03:00,43,6,2026-09-17T20:47:13.441773-03:00
"Prefeituras do Marajó não têm transparência à população, aponta Índice de Governança Pública",https://g1.globo.com/pa/para/noticia/2023/09/12/prefeituras-do-marajo-nao-garantem-transparencia-a-sociedade-civil-aponta-indice-de-transparencia-e-governanca-publica.ghtml,,2023-09-12T13:46:32.715000-03:00,2023-09-12T13:55:05.522000-03:00,43,7,2026-09-17T20:47:13.441773-03:00
Condomínio em SP: os desafios e soluções para as crises nas reuniões e assembleias,https://g1.globo.com/sp/sao-paulo/noticia/2025/09/04/condominio-em-sp-os-desafios-e-solucoes-para-as-crises-nas-reunioes-e-assembleias.ghtml,"...Segundo a LGPD (Lei Geral de Proteção de Dados), não é preciso de autorização prévia dos participantes, apenas informar que a reunião...",2025-09-04T15:34:48.888000-03:00,2025-09-10T22:20:12.807000-03:00,43,9,2026-09-17T20:47:13.441773-03:00
"Antecedentes criminais, vida pessoal e ‘nome sujo’: veja quando a empresa pode ou não checar os candidatos",https://g1.globo.com/trabalho-e-carreira/noticia/2026/01/30/empresa-pode-ou-nao-checar-os-candidatos.ghtml,"...princípios constitucionais como dignidade humana, intimidade e valor social do trabalho, além de violar a Lei Geral de Proteção de Dados (LGPD...",2026-01-30T03:00:51.437000-03:00,2026-01-30T08:04:33.399000-03:00,44,2,2026-09-17T20:47:13.441773-03:00
CNPJ do MEI não trará mais o número do CPF do empreendedor,https://g1.globo.com/empreendedorismo/noticia/2022/12/26/cnpj-do-mei-nao-trara-mais-o-numero-do-cpf-do-empreendedor.ghtml,...empreendedores que tinham seu dado pessoal divulgado no nome empresarial e segue as diretrizes da Lei Geral de Proteção de Dados (LGPD...,2022-12-26T10:49:42.866000-03:00,2022-12-26T10:50:08.082000-03:00,44,3,2026-09-17T20:47:13.441773-03:00
Polícia Civil conclui inquérito sobre queda de avião em Boituva que deixou dois mortos em 2022,https://g1.globo.com/sp/itapetininga-regiao/noticia/2025/09/13/policia-civil-conclui-inquerito-sobre-queda-de-aviao-em-boituva-que-deixou-dois-mortos-em-2022.ghtml,"...Fun, que era dona do avião, informou que o inquérito está sob segredo de Justiça em obediência à Lei Geral de Proteção de Dados (LGPD...",2025-09-13T08:00:42.666000-03:00,2025-12-15T13:03:44.378000-03:00,44,4,2026-09-17T20:47:13.441773-03:00
Senado aprova MP que dá autonomia à Autoridade Nacional de Proteção de Dados,https://g1.globo.com/politica/noticia/2022/10/18/senado-aprova-mp-que-da-autonomia-a-autoridade-nacional-de-protecao-de-dados.ghtml,"...A função da autoridade é fiscalizar a aplicação da Lei Geral de Proteção de Dados (LGPD), de 2018 – que, na maioria das circunstâncias... — ...Atualmente, de acordo com a LGPD, o governo só pode transferir informações pessoais para empresas com objetivo de prevenir fraudes...",2022-10-18T19:46:47.661000-03:00,2022-10-18T19:52:17.666000-03:00,44,6,2026-09-17T20:47:13.441773-03:00
Senado compra programa de reconhecimento facial por IA considerado controverso por especialistas; entenda,https://g1.globo.com/politica/noticia/2024/12/19/senado-compra-programa-de-reconhecimento-facial-por-ia-considerado-controverso-por-especialistas-entenda.ghtml,"...O que é a Lei Geral de Proteção de Dados (LGPD)?... — ...""Vale dizer: mesmo o dado estando disponível na internet, que seria o rosto das pessoas, não é permitido, pela LGPD, que as pessoas...",2024-12-19T04:01:29.157000-03:00,2024-12-19T04:01:30.549000-03:00,44,7,2026-09-17T20:47:13.441773-03:00
"Após proibição de câmeras, presidente da Câmara Municipal libera trabalhos jornalísticos no plenário do Poder Legislativo",https://g1.globo.com/sp/presidente-prudente-regiao/noticia/2025/08/22/apos-proibicao-de-cameras-presidente-da-camara-municipal-libera-trabalhos-jornalisticos-no-plenario-do-poder-legislativo-em-indiana.ghtml,"...andamento dos trabalhos legislativos""; e a lei federal nº 13.709/2018, também conhecida como Lei Geral de Proteção de Dados Pessoais (LGPD...",2025-08-22T18:02:00.343000-03:00,2025-12-13T11:32:31.344000-03:00,44,8,2026-09-17T20:47:13.441773-03:00
"Estudante de medicina que teve bolsa suspensa após ostentar em rede social teve viagens pagas por namorado e está sofrendo 'linchamento moral', diz defesa",https://g1.globo.com/go/goias/noticia/2025/07/26/estudante-de-medicina-que-teve-bolsa-suspensa-apos-ostentar-em-rede-social-teve-viagens-pagas-por-namorado-e-esta-sofrendo-linchamento-moral-diz-defesa.ghtml,...informações solicitadas referentes à estudante e sua vida acadêmica estão resguardadas pela Lei Geral de Proteção de Dados Pessoais (LGPD...,2025-07-26T09:59:13.936000-03:00,2025-12-13T09:03:59.566000-03:00,44,9,2026-09-17T20:47:13.441773-03:00
Feira de Santana prorroga prazo de sindicância sobre vazamento de nomes de pessoas com HIV,https://g1.globo.com/ba/feira-de-santana-regiao/noticia/2025/10/14/feira-de-santana-prorroga-prazo-de-sindicancia-sobre-vazamento-de-nomes-de-pessoas-com-hiv.ghtml,"...de Saúde desmente surto de HIV entre jovens na Bahia Vazamento de dados de mais de 600 pessoas com HIV na BA viola Constituição, LGPD...",2025-10-14T10:50:12.050000-03:00,2025-10-14T10:57:58.577000-03:00,44,10,2026-09-17T20:47:13.441773-03:00
"Com 2 metros de altura aos 14 anos, gêmeos do interior de SP vivem rotina desafiadora após diagnóstico de síndrome rara",https://g1.globo.com/sp/campinas-regiao/noticia/2025/06/21/com-2-metros-de-altura-aos-14-anos-gemeos-do-interior-de-sp-vivem-rotina-desafiadora-apos-diagnostico-de-sindrome-rara.ghtml,"...Família e Combate à Fome (MDS), responsável pelo benefício, mas a pasta informou que, por conta da Lei Geral de Proteção de Dados (LGPD...",2025-06-21T05:00:19.584000-03:00,2025-12-15T12:35:09.468000-03:00,45,1,2026-09-17T20:47:13.441773-03:00
"Avião que caiu com vereador de São Luís não tinha autorização para operar como táxi aéreo, diz Anac",https://g1.globo.com/ma/maranhao/noticia/2025/10/06/aviao-que-caiu-com-vereador-de-sao-luis-nao-tinha-autorizacao-para-operar-como-taxi-aereo-diz-anac.ghtml,"...Sobre informações de pessoal da aviação civil, em respeito à Lei Geral de Proteção de Dados (LGPD) e a outros dispositivos legais de...",2025-10-06T15:46:43.840000-03:00,2025-10-06T16:13:06.732000-03:00,45,2,2026-09-17T20:47:13.441773-03:00
"Farmácias do Rio não podem mais exigir CPF para oferecer desconto, diz Procon Carioca",https://g1.globo.com/rj/rio-de-janeiro/noticia/2025/07/02/farmacias-do-rio-nao-podem-mais-exigir-cpf-para-oferecer-desconto.ghtml,"...É uma prática abusiva, proibida pelo Código de Defesa do Consumidor e também pela Lei Geral de Proteção de Dados Pessoais (LGPD)"" afirmou...",2025-07-02T10:20:28.992000-03:00,2025-07-02T10:29:17.548000-03:00,45,3,2026-09-17T20:47:13.441773-03:00
"Duas pessoas são internadas com suspeita de intoxicação por metanol no Maranhão, diz SES",https://g1.globo.com/ma/maranhao/noticia/2025/10/13/duas-pessoas-sao-internadas-com-suspeita-de-intoxicacao-por-metanol-no-maranhao.ghtml,".... 📲 Clique aqui e se inscreva no canal do g1 Maranhão no WhatsApp Em respeito à Lei Geral de Proteção de Dados (LGPD), a secretaria...",2025-10-13T19:19:55.313000-03:00,2025-10-13T20:53:59.759000-03:00,45,4,2026-09-17T20:47:13.441773-03:00
"Cliques, tempo em reunião e monitoramento de tela ao vivo: os programas que vigiam funcionários em home office",https://g1.globo.com/trabalho-e-carreira/noticia/2025/09/19/cliques-tempo-em-reuniao-e-monitoramento-de-tela-ao-vivo-os-programas-que-vigiam-funcionarios-em-home-office.ghtml,"...O banco nega que tenha feito captura de telas, áudio ou vídeo, já que isto poderia violar a Lei Geral de Proteção de Dados (LGPD)... — ...Pedro Henrique Santos, pesquisador da Data Privacy Brasil, explica que a Lei Geral de Proteção de Dados (LGPD) não proíbe o monitoramento...",2025-09-19T07:51:29.611000-03:00,2025-09-19T14:00:21.444000-03:00,45,7,2026-09-17T20:47:13.441773-03:00
"Registro de íris por dinheiro: World mantém pagamentos, mesmo com ordem contrária do governo",https://g1.globo.com/tecnologia/noticia/2025/01/27/registro-de-iris-por-dinheiro-world-mantem-pagamentos-mesmo-com-ordem-contraria-do-governo.ghtml,"...advertência, multa, publicização da infração, bloqueio ou eliminação dos dados, como previsto na Lei Geral de Proteção de Dados (LGPD... — ...""Nos termos da LGPD, o consentimento para o tratamento de dados pessoais sensíveis, como é o caso de dados biométricos, precisa ser...",2025-01-27T18:50:32.005000-03:00,2025-02-07T18:05:48.168000-03:00,45,9,2026-09-17T20:47:13.441773-03:00
Detran-RJ passa a entregar documentos em casa sem custo para a população,https://g1.globo.com/rj/rio-de-janeiro/noticia/2025/05/06/detran-rj-passa-a-entregar-documentos-em-casa.ghtml,"...A empresa foi escolhida por atender aos critérios da Lei Geral de Proteção de Dados (LGPD), garantindo sigilo e segurança no transporte...",2025-05-06T10:15:40.843000-03:00,2025-05-06T12:48:02.791000-03:00,46,5,2026-09-17T20:47:13.441773-03:00
Boituva registrou pelo menos um caso de estelionato por dia em 2024; veja dicas para não cair em golpes,https://g1.globo.com/sp/itapetininga-regiao/noticia/2025/07/07/boituva-registrou-pelo-menos-um-caso-de-estelionato-por-dia-em-2024-veja-dicas-para-nao-cair-em-golpes.ghtml,"...Atuando no direito há 18 anos, Eduardo reforça que, mesmo com a Lei Geral de Proteção de Dados (LGPD), que proíbe a comercialização...",2025-07-07T10:14:30.244000-03:00,2025-12-13T07:12:21.534000-03:00,46,6,2026-09-17T20:47:13.441773-03:00
Conheça detalhes da lei que protege dados,https://g1.globo.com/ms/videos-mstv-1-edicao-ponta-pora/video/conheca-detalhes-da-lei-que-protege-dados-10337989.ghtml,...LGPD...,2022-02-24T12:00:00-03:00,2022-02-25T19:17:33-03:00,46,7,2026-09-17T20:47:13.441773-03:00
"Morre Danilo Doneda, referência em proteção de dados e direito digital",https://g1.globo.com/pr/parana/noticia/2022/12/05/morre-danilo-doneda-referencia-em-protecao-de-dados-e-direito-digital.ghtml,"...a redação do esboço do projeto da Lei de Proteção de Dados, que serviu como base para a Lei Geral de Proteção de Dados Pessoais (LGPD...",2022-12-05T09:15:34.523000-03:00,2022-12-05T09:27:19.588000-03:00,46,8,2026-09-17T20:47:13.441773-03:00
Hospital da Criança e Maternidade confirma morte de criança por Síndrome Respiratória Aguda Grave,https://g1.globo.com/sp/sao-jose-do-rio-preto-aracatuba/noticia/2021/12/14/hospital-da-crianca-e-maternidade-confirma-morte-de-crianca-por-sindrome-respiratoria-aguda-grave.ghtml,"...Por conta da Lei Geral de Proteção de Dados (LGPD), o hospital não divulgou mais informações, tampouco o que teria causado a síndrome...",2021-12-14T21:04:13.474000-03:00,2021-12-14T21:10:46.968000-03:00,46,9,2026-09-17T20:47:13.441773-03:00
Curitibana cria plataforma que permite mulheres verificarem se namorados em potencial têm histórico de violência,https://g1.globo.com/pr/parana/noticia/2025/10/29/curitibana-cria-plataforma-que-permite-mulheres-verificarem-se-namorados-em-potencial-tem-historico-de-violencia.ghtml,"...bases de dados públicas, disponíveis em tribunais e diários oficiais, e por isso não há infração à Lei Geral de Proteção de Dados (LGPD...",2025-10-29T04:02:11.628000-03:00,2025-10-29T09:55:35.501000-03:00,46,10,2026-09-17T20:47:13.441773-03:00
Fotógrafos de atletas registram até treinos individuais em locais públicos para vender fotos; especialistas dizem que consentimento é essencial,https://g1.globo.com/tecnologia/noticia/2025/03/09/fotografos-de-atletas-registram-ate-treinos-individuais-em-locais-publicos-para-vender-fotos-especialistas-dizem-que-consentimento-e-essencial.ghtml,"...E de lá pra cá, a nossa preocupação com a LGPD, e tudo isso veio muito antes do processo aparecer, e [se manteve] muito depois do fato... — ...Ele diz ainda que a empresa tem processos para garantir a conformidade com a LGPD...",2025-03-09T10:36:04.091000-03:00,2025-03-09T16:59:30.959000-03:00,47,2,2026-09-17T20:47:13.441773-03:00
Roteirista denuncia homofobia e ameaças em restaurante de BH por usar camiseta de presidente Lula,https://g1.globo.com/mg/minas-gerais/noticia/2025/09/02/roteirista-denuncia-homofobia-e-ameacas-em-restaurante-de-bh-por-usar-camiseta-de-presidente-lula.ghtml,"...sistema de vigilância foram preservadas e entregues às autoridades competentes, em plena observância da Lei Geral de Proteção de Dados (LGPD...",2025-09-02T08:58:11.447000-03:00,2025-09-02T17:28:31.184000-03:00,47,3,2026-09-17T20:47:13.441773-03:00
Cuiabá terá cadastro para sorteio de casas populares; veja quem pode participar,https://g1.globo.com/mt/mato-grosso/noticia/2025/06/11/cuiaba-tera-cadastro-para-sorteio-de-casas-populares-veja-quem-pode-participar.ghtml,"...CPF), criar uma senha pessoal e aceitar os termos da Política de Privacidade, em conformidade com a Lei Geral de Proteção de Dados (LGPD...",2025-06-11T19:31:56.078000-03:00,2025-06-11T19:31:56.451000-03:00,47,4,2026-09-17T20:47:13.441773-03:00
Justiça nega recurso de Nunes para suspender ou esticar prazo de 90 dias para regulamentar motos por aplicativo em SP,https://g1.globo.com/sp/sao-paulo/noticia/2025/11/27/justica-nega-recurso-de-nunes-para-suspender-ou-esticar-prazo-de-90-dias-para-regulamentar-motos-por-aplicativo-em-sp.ghtml,"...agregadas e anonimizadas ao poder público para planejamento de mobilidade, redução de acidentes e ações educativas, respeitando a LGPD...",2025-11-27T10:22:38.589000-03:00,2025-11-27T21:55:59.806000-03:00,47,5,2026-09-17T20:47:13.441773-03:00
"Golpistas se passam por médico para exigir dinheiro de família de paciente atendida pelo SUS, em Palmas",https://g1.globo.com/to/tocantins/noticia/2025/09/16/golpistas-se-passam-por-medico-para-exigir-dinheiro-de-familia-de-paciente-atendida-pelo-sus-em-palmas.ghtml,...informa que os prontuários dos pacientes acolhidos no Sistema Único de Saúde (SUS) são resguardados pela Lei de Proteção de Dados (LGPD...,2025-09-16T16:59:14.288000-03:00,2025-09-17T15:49:38.135000-03:00,47,7,2026-09-17T20:47:13.441773-03:00
TSE limita acesso a dados de filiados de partidos políticos,https://g1.globo.com/economia/tecnologia/noticia/2021/08/23/tse-limita-acesso-a-dados-de-filiados-a-partidos-politicos.ghtml,...O órgão afirmou que a medida foi tomada para cumprir a Lei Geral de Proteção de Dados (LGPD)... — ...das mudanças é fazer com que sua resolução de 2019 que trata do Sistema de Filiação Partidária (Filia) atenda às determinações da LGPD...,2021-08-23T21:16:58.821000-03:00,2021-08-27T18:45:52.278000-03:00,47,9,2026-09-17T20:47:13.441773-03:00
"Consignado CLT: Lula sanciona, com vetos, nova modalidade de empréstimo que inclui trabalhadores de app",https://g1.globo.com/politica/noticia/2025/07/25/consignado-clt-lula-sanciona-com-vetos-nova-modalidade-de-emprestimo-e-amplia-para-trabalhadores-de-app.ghtml,...presidente vetou alguns trechos envolvendo o compartilhamento de dados sob o argumento de ferirem a Lei Geral de Proteção de Dados (LGPD...,2025-07-25T09:49:57.136000-03:00,2025-07-25T11:00:23.757000-03:00,47,10,2026-09-17T20:47:13.441773-03:00
Mortes no Hospital Anchieta: conselho de enfermagem do DF quer acesso ao inquérito policial,https://g1.globo.com/df/distrito-federal/noticia/2026/01/21/mortes-no-hospital-anchieta-conselho-de-enfermagem-do-df-quer-acesso-ao-inquerito-policial.ghtml,"...Em razão do respeito ao sigilo do paciente, à Lei Geral de Proteção de Dados (LGPD) e de o caso tramitar em segredo de justiça, por...",2026-01-21T00:00:54.567000-03:00,2026-01-21T00:00:55.358000-03:00,48,1,2026-09-17T20:47:13.441773-03:00
Mortes no Hospital Anchieta: investigadas por 'encobrir' crimes também podem responder por homicídio qualificado; entenda,https://g1.globo.com/df/distrito-federal/noticia/2026/01/21/mortes-no-hospital-anchieta-investigadas-por-encobrir-crimes-tambem-podem-responder-por-homicidio-qualificado-entenda.ghtml,"...Em razão do respeito ao sigilo do paciente, à Lei Geral de Proteção de Dados (LGPD) e de o caso tramitar em segredo de justiça, por...",2026-01-21T00:00:52.104000-03:00,2026-01-21T00:00:52.818000-03:00,48,2,2026-09-17T20:47:13.441773-03:00
Advogada especialista fala sobre Lei Geral de Proteção de Dados,https://g1.globo.com/pe/petrolina-regiao/videos-grtv-1-edicao/video/advogada-especialista-fala-sobre-lei-geral-de-protecao-de-dados-12358246.ghtml,"...A Lei Geral De Proteção De Dados Pessoais (LGPD) estabelece diretrizes importantes e obrigatórias para a coleta, processamento e armazenamento...",2024-02-15T11:44:55-03:00,2024-02-15T13:31:19-03:00,48,3,2026-09-17T20:47:13.441773-03:00
Fraude no INSS: aposentados da mesma família passam transtorno com descontos indevidos; 'A gente se aperta para pagar',https://g1.globo.com/pe/pernambuco/noticia/2025/04/28/fraudes-no-inss-aposentados-da-mesma-familia-relatam-descontos-indevidos-a-gente-se-aperta-para-pagar.ghtml,"...; Não pode encaminhar dados e documentos de um titular a terceiros, em virtude das disposições da Lei Geral de Proteção de Dados (LGPD...",2025-04-28T10:47:26.987000-03:00,2025-12-13T04:16:03.879000-03:00,48,6,2026-09-17T20:47:13.441773-03:00
Mulher sangra até a morte em hospital de Olinda; amiga denuncia que equipe médica foi negligente por achar que ela fez aborto,https://g1.globo.com/pe/pernambuco/noticia/2025/10/22/mulher-sangra-ate-a-morte-em-hospital-de-olinda-amiga-denuncia-que-equipe-medica-foi-negligente-por-achar-que-ela-fez-aborto.ghtml,"...e as informações pertinentes já foram encaminhadas aos órgãos competentes, em conformidade com a Lei Geral de Proteção de Dados (LGPD...",2025-10-22T04:01:25.414000-03:00,2025-10-22T11:59:20.586000-03:00,48,7,2026-09-17T20:47:13.441773-03:00
Intoxicação por metanol causa duas mortes em São Bernardo do Campo e São Paulo; 10 casos suspeitos são investigados,https://g1.globo.com/sp/sao-paulo/noticia/2025/09/27/intoxicacao-por-metanol-causa-duas-mortes-em-sao-bernardo-do-campo-e-sao-paulo-casos-suspeitos-sao-investigados.ghtml,"...Mais informações não serão repassadas em respeito à Lei Geral de Proteção de Dados (LGPD)"", disse a pasta...",2025-09-27T16:58:02.006000-03:00,2025-09-27T21:18:14.098000-03:00,48,9,2026-09-17T20:47:13.441773-03:00
Brasil mantém proibição de pagamento por escaneamento de íris feito pela World,https://g1.globo.com/tecnologia/noticia/2025/08/06/brasil-mantem-proibicao-de-pagamento-por-escaneamento-de-iris-feito-pela-world.ghtml,...Acreditamos que a implementação de um programa de indicação atende à decisão técnica preliminar da Autoridade e cumpre com os requisitos da LGPD...,2025-08-06T11:38:20.618000-03:00,2025-08-06T14:06:50.721000-03:00,49,1,2026-09-17T20:47:13.441773-03:00
Evendo em Arapiraca debate proteção de dados e segurança da informação,https://g1.globo.com/al/alagoas/arquivo/videos-altv-1-edicao/video/evendo-em-arapiraca-debate-protecao-de-dados-e-seguranca-da-informacao-11323583.ghtml,...Palestra sobre a LGPD é voltada para profissionais e estudantes da área de direito...,2023-01-30T12:05:57-03:00,2023-01-30T13:31:06-03:00,49,2,2026-09-17T20:47:13.441773-03:00
Governo proíbe pagamento por registro de íris de brasileiros,https://g1.globo.com/tecnologia/noticia/2025/01/24/orgao-do-governo-determina-suspensao-de-incentivos-financeiros-por-coleta-de-iris.ghtml,"...determina que ela indique em seu site o encarregado pelo tratamento de dados pessoais, algo exigido pela Lei Geral de Proteção de Dados (LGPD... — ...""Nos termos da LGPD, o consentimento para o tratamento de dados pessoais sensíveis, como é o caso de dados biométricos, precisa ser...",2025-01-24T18:55:18.746000-03:00,2025-01-25T11:05:57.003000-03:00,49,3,2026-09-17T20:47:13.441773-03:00
Mulher que atirou em jovem a pedido do ex-marido para dar um 'susto' nela é identificada; vítima está paraplégica,https://g1.globo.com/sp/santos-regiao/noticia/2025/09/24/mulher-que-atirou-em-jovem-a-pedido-do-ex-marido-para-dar-um-susto-nela-e-identificada-vitima-esta-paraplegica.ghtml,"...O hospital destacou não ter autorização para prestar mais informações por conta da Lei Geral de Proteção de Dados Pessoais (LGPD),...",2025-09-24T05:28:04.208000-03:00,2025-09-24T05:28:04.682000-03:00,49,4,2026-09-17T20:47:13.441773-03:00
Lei de Proteção de Dados completa quatro anos,https://g1.globo.com/mg/grande-minas/videos-mg-inter-tv-1-edicao/video/lei-de-protecao-de-dados-completa-quatro-anos-10843728.ghtml,...LGPD estabelece regras sobre segurança de dados pessoais...,2022-08-12T13:16:08-03:00,2022-08-12T14:37:06-03:00,49,5,2026-09-17T20:47:13.441773-03:00
Tribunais apuram exposição de nomes de vítimas; CNJ diz que erros podem ser levados à corregedoria nacional,https://g1.globo.com/politica/noticia/2025/06/02/tribunais-apuram-exposicao-de-nomes-de-vitimas-cnj-diz-que-erros-podem-ser-levados-a-corregedoria-nacional.ghtml,"...Já o Tribunal do Maranhão informou que expediu uma orientação para que os juízes cumpram a LGPD, o sigilo da Lei Maria da Penha e as... — ...Assim, está cumprida a obrigação legal que recai sobre o CNJ, como estabelecido no art. 11, § 6º, da LGPD...",2025-06-02T00:30:13.821000-03:00,2025-06-02T07:28:02.835000-03:00,49,6,2026-09-17T20:47:13.441773-03:00
Bolsonaro nomeia 23 pessoas para conselho consultivo da autoridade de proteção de dados; veja quem são,https://g1.globo.com/economia/tecnologia/noticia/2021/08/10/bolsonaro-nomeia-23-nomes-do-conselho-consultivo-da-autoridade-de-protecao-de-dados-veja-quem-sao.ghtml,"...Autoridade Nacional de Proteção de Dados (ANPD), órgão responsável por fiscalizar e regulamentar a Lei Geral de Proteção de Dados (LGPD... — ...Quais são os seus direitos segundo a LGPD: VÍDEO: Já posso usar a LGPD para buscar os meus direitos?...",2021-08-10T17:58:17.433000-03:00,2021-08-11T09:28:43.649000-03:00,49,9,2026-09-17T20:47:13.441773-03:00
"Famílias de pacientes internados no Hospital Municipal de Mogi são alvo de golpista, diz Prefeitura",https://g1.globo.com/sp/mogi-das-cruzes-suzano/noticia/2024/10/16/familias-de-pacientes-internados-no-hospital-municipal-de-mogi-sao-alvo-de-golpista-diz-prefeitura.ghtml,"...De acordo com a Lei Geral de Proteção de Dados (LGPD), os profissionais não são autorizados a transmitir informações sobre os pacientes...",2024-10-16T11:02:32.123000-03:00,2024-10-16T11:02:32.819000-03:00,49,10,2026-09-17T20:47:13.441773-03:00
Vazamento de dados pessoais: veja como se proteger e o que fazer se for vítima,https://g1.globo.com/tecnologia/noticia/2023/05/08/vazamento-de-dados-pessoais-veja-como-se-proteger-e-o-que-fazer-se-for-vitima.ghtml,...O que é a Lei Geral de Proteção de Dados (LGPD)?... — ...Posso denunciar empresas que desrespeitarem a LGPD?...,2023-05-08T15:14:04.763000-03:00,2024-07-17T17:48:18.412000-03:00,50,2,2026-09-17T20:47:13.441773-03:00
"Vingança após demissão: apagar dados de empresas vira moda, mas põe carreira em risco; entenda",https://g1.globo.com/trabalho-e-carreira/noticia/2025/10/25/apagar-dados-de-empresas-apos-demissao-poe-carreira-em-risco-entenda.ghtml,"...Essas práticas também se relacionam diretamente à Lei Geral de Proteção de Dados (LGPD), que reforça o dever das empresas de proteger...",2025-10-25T04:00:40.777000-03:00,2025-10-25T11:22:15.113000-03:00,50,3,2026-09-17T20:47:13.441773-03:00
ANPD determina que X suspenda tratamento de dados de menores de 18 anos para treinamento de IA,https://g1.globo.com/tecnologia/noticia/2024/12/17/anpd-determina-que-x-suspenda-tratamento-de-dados-de-menores-de-18-anos-para-treinamento-de-ia.ghtml,"...“para qualquer finalidade”, por contrariar o critério da especificidade da finalidade, segundo a Lei Geral de Proteção de Dados (LGPD...",2024-12-17T18:42:08.270000-03:00,2025-02-07T18:06:24.229000-03:00,50,4,2026-09-17T20:47:13.441773-03:00
"Decisão contra a Meta no Brasil não impede inovação em IA, dizem especialistas",https://g1.globo.com/tecnologia/noticia/2024/07/03/decisao-contra-a-meta-no-brasil-nao-impede-inovacao-em-ia-dizem-especialistas.ghtml,"...A gente ouviu esse argumento quando discutiu o Marco Civil da Internet, quando discutiu a Lei Geral de Proteção de Dados (LGPD)""... — ...Mas a autoridade entendeu que o caminho criado pela Meta não está de acordo com a LGPD, que exige opções fáceis para usuários tirarem...",2024-07-03T00:00:19.278000-03:00,2024-07-03T00:00:20.063000-03:00,50,5,2026-09-17T20:47:13.441773-03:00
"Após nova derrota na Justiça, Nunes admite regulamentar motos por app em SP até 8 de dezembro; veja regras",https://g1.globo.com/sp/sao-paulo/noticia/2025/11/27/apos-nova-derrota-na-justica-nunes-admite-regulamentar-motos-por-app-em-sp-ate-8-de-dezembro-veja-regras.ghtml,"...agregadas e anonimizadas ao poder público para planejamento de mobilidade, redução de acidentes e ações educativas, respeitando a LGPD...",2025-11-27T16:26:33.925000-03:00,2025-11-28T06:30:56.079000-03:00,50,6,2026-09-17T20:47:13.441773-03:00
Advogada que salvou mãe e criança de incêndio é transferida para hospital referência em tratamento de queimados no Paraná,https://g1.globo.com/pr/norte-noroeste/noticia/2025/10/17/transferencia-vitima-incendio-cascavel-londrina.ghtml,"...O estado de saúde dela não foi divulgado pelo HUOP, devido à Lei Geral de Proteção de Dados (LGPD)...",2025-10-17T14:20:12.798000-03:00,2025-10-20T09:07:20.752000-03:00,50,7,2026-09-17T20:47:13.441773-03:00
Professor nega que tenha agredido aluno do Guará; servidores do CED 03 fazem carta em apoio ao educador,https://g1.globo.com/df/distrito-federal/noticia/2025/07/05/professor-nega-que-tenha-agredido-aluno-do-guara-servidores-do-ced-03-fazem-carta-em-apoio-ao-educador.ghtml,"...filmagens em locais de trabalho em especial de servidores públicos no exercício da função, caso da Lei Geral de Proteção de Dados (LGPD...",2025-07-05T12:38:09.500000-03:00,2025-07-05T13:16:04.950000-03:00,50,8,2026-09-17T20:47:13.441773-03:00
Demissões no Itaú: trabalhador pode ser monitorado em home office? Qual o limite? Veja o que diz a lei,https://g1.globo.com/trabalho-e-carreira/noticia/2025/09/10/demissoes-no-itau-veja-o-que-diz-a-lei-sobre-monitoramento-no-home-office.ghtml,"...Além disso, a empresa deve respeitar a privacidade do trabalhador e a Lei Geral de Proteção de Dados Pessoais (LGPD)...",2025-09-10T00:00:56.522000-03:00,2025-09-13T07:38:56.274000-03:00,50,9,2026-09-17T20:47:13.441773-03:00
Veja como a lei de proteção de dados deve ser aplicada nas empresas,https://globoplay.globo.com/v/10634914/,...Advogada explica como a LGPD deve ser aplicada...,2022-06-03T09:37:25-03:00,2022-06-03T09:50:41-03:00,50,10,2026-09-17T20:47:13.441773-03:00
Lei Geral de Proteção de Dados completa 6 anos; entenda sua importância,https://g1.globo.com/sp/bauru-marilia/videos-bom-dia-sp-bauru-marilia/video/lei-geral-de-protecao-de-dados-completa-6-anos-entenda-sua-importancia-12825236.ghtml,...A LGPD completou 6 anos no dia 14 de agosto de 2018 e entrou em vigor no dia 18 de setembro de 2020...,2024-08-15T07:45:00-03:00,2024-08-15T09:34:53-03:00,51,1,2026-09-17T20:47:13.441773-03:00
Decisão do TJPE em Caruaru condena Instagram a indenizar usuário por invasão a perfil de rede social para uso profissional,https://g1.globo.com/pe/caruaru-regiao/noticia/2024/03/30/decisao-do-tjpe-em-caruaru-condena-instagram-a-indenizar-usuario-por-invasao-a-perfil-de-rede-social-para-uso-profissional.ghtml,"...provedores e plataformas de internet, bem como o Parágrafo único, do art. 44 da Lei 13.709/2018 a Lei Geral de Proteção de Dados (LGPD... — ...Segundo o magistrado relator, a LGPD tem por objeto regular as atividades de tratamento de dados no Brasil...",2024-03-30T08:07:03.655000-03:00,2024-03-30T08:07:04.021000-03:00,51,2,2026-09-17T20:47:13.441773-03:00
Bases de dados educacionais seguem fora do ar há 1 mês; Inep ainda não divulgou alternativa para ampliar acesso às informações,https://g1.globo.com/educacao/noticia/2022/03/18/bases-de-dados-educacionais-seguem-fora-do-ar-ha-1-mes-inep-ainda-nao-divulgou-alternativa-para-ampliar-acesso-as-informacoes.ghtml,"...privacidade, em continuidade às ações de adequação dos microdados para cumprir as normas da Lei Geral de Proteção de Dados Pessoais (LGPD...",2022-03-18T06:01:02.807000-03:00,2022-03-18T06:01:03.678000-03:00,51,4,2026-09-17T20:47:13.441773-03:00
As acusações do governo Trump contra o Brasil antes de dia do tarifaço global,https://g1.globo.com/economia/noticia/2025/04/01/as-acusacoes-do-governo-trump-contra-o-brasil-antes-de-dia-do-tarifaco-global.ghtml,"...Transferência de dados e combustíveis renováveis Na parte de tecnologia, os americanos reclamam da Lei Geral de Proteção de Dados Pessoais (LGPD... — ...""Os EUA incentivaram o Brasil a trabalhar em estreita colaboração com empresas e organizações afetadas pela LGPD para resolver problemas...",2025-04-01T09:38:39.317000-03:00,2025-04-03T16:55:54.470000-03:00,51,5,2026-09-17T20:47:13.441773-03:00
ANPD abre inscrições para concurso com 213 vagas e salários de até R$ 9 mil; veja como participar,https://g1.globo.com/trabalho-e-carreira/concursos/noticia/2025/05/23/anpd-abre-inscricoes-para-concurso-com-213-vagas-e-salarios-de-ate-r-9-mil-veja-como-participar.ghtml,"...proteção dos dados pessoais, além de orientar, regulamentar e fiscalizar o cumprimento da Lei Geral de Proteção de Dados Pessoais (LGPD...",2025-05-23T00:00:54.531000-03:00,2025-05-23T00:00:55.200000-03:00,51,6,2026-09-17T20:47:13.441773-03:00
Assembleia tira do ar dados do Portal da Transparência,https://g1.globo.com/pr/parana/videos-boa-noite-parana/video/assembleia-tira-do-ar-dados-do-portal-da-transparencia-10854438.ghtml,"...Segundo a mesa diretora, medida é temporária para adequação à LGPD...",2022-08-16T19:31:03-03:00,2022-08-16T19:50:18-03:00,51,8,2026-09-17T20:47:13.441773-03:00
Lei Geral de Proteção de Dados completa cinco anos nesta segunda-feira,https://g1.globo.com/sp/mogi-das-cruzes-suzano/videos-diario-tv-2-edicao/video/lei-geral-de-protecao-de-dados-completa-cinco-anos-nesta-segunda-feira-11863946.ghtml,"...Conhecida como LGPD, legislação foi sancionada em 2018...",2023-08-14T19:15:00-03:00,2023-08-15T08:29:44-03:00,51,10,2026-09-17T20:47:13.441773-03:00
Secretaria de Saúde apura se vereador furou a fila para fazer ressonância magnética em Poços de Caldas,https://g1.globo.com/mg/sul-de-minas/noticia/2025/05/16/secretaria-de-saude-apura-se-vereador-furou-a-fila-para-fazer-ressonancia-magnetica-em-pocos-de-caldas.ghtml,"...""Nós vamos fazer uma representação jurídica porque esses vazamentos de dados, através da LGPD [Lei Geral de Proteção de Dados Pessoais...",2025-05-16T07:45:46.296000-03:00,2025-05-16T07:45:46.779000-03:00,52,3,2026-09-17T20:47:13.441773-03:00
"Câmeras do Smart Sampa vão detectar agressor de mulher que burla medida protetiva, diz prefeito de SP",https://g1.globo.com/sp/sao-paulo/noticia/2025/01/27/cameras-do-smart-sampa-vao-detectar-agressor-de-mulher-que-burla-medida-projetiva-diz-prefeito-de-sp.ghtml,...A prefeitura diz que o programa Smart Sampa respeita a privacidade das pessoas e regras como a Lei Geral de Proteção de Dados (LGPD...,2025-01-27T09:04:19.462000-03:00,2025-01-27T10:30:08.844000-03:00,52,5,2026-09-17T20:47:13.441773-03:00
Como entrar na carreira de TI que paga até R$ 23 mil e lidera as contratações em 2025,https://g1.globo.com/tecnologia/noticia/2025/02/27/como-entrar-na-carreira-de-ti-que-paga-ate-r-23-mil-e-lidera-as-contratacoes-em-2025.ghtml,"...O motivo é a crescente prioridade das empresas em proteger dados, especialmente após a Lei Geral de Proteção de Dados (LGPD) (veja... — ...É ela, por exemplo, que acompanha se a empresa está seguindo a LGPD...",2025-02-27T02:00:30.329000-03:00,2025-02-27T09:41:27.300000-03:00,52,6,2026-09-17T20:47:13.441773-03:00
TCE-PR pede que Assembleia Legislativa divulgue dados no Portal da Transparência,https://g1.globo.com/pr/parana/videos-boa-noite-parana/video/tce-pr-pede-que-assembleia-legislativa-divulgue-dados-no-portal-da-transparencia-10864948.ghtml,...Assembleia afirma que dados foram tirados do ar para adequação à LGPD...,2022-08-19T19:33:40-03:00,2022-08-19T19:40:00-03:00,52,7,2026-09-17T20:47:13.441773-03:00
Empresas vítimas de ransomware precisam avisar sobre ataque? Quem investiga? Veja perguntas e respostas,https://g1.globo.com/tecnologia/noticia/2021/09/28/empresas-vitimas-de-ransomware-precisam-avisar-sobre-ataque-quem-investiga-veja-perguntas-e-respostas.ghtml,"...A Lei Geral de Proteção de Dados (LGPD), que impôs regras sobre o uso de dados pessoais dos brasileiros, não deixa isso claro... — ...Mas a LGPD traz outra lógica, de que a transparência é um compromisso”, afirma...",2021-09-28T06:00:42.385000-03:00,2021-09-28T09:10:01.653000-03:00,52,8,2026-09-17T20:47:13.441773-03:00
Programador dá contragolpe pelo WhatsApp e descobre golpista em cadeia,https://g1.globo.com/tecnologia/noticia/2025/04/12/programador-da-contragolpe-pelo-whatsapp-e-descobre-golpista-em-cadeia.ghtml,"...Nesse caso, o aplicativo poderia ser enquadrado na Lei Geral de Proteção de Dados (LGPD) por realizar tratamento de dado pessoal sem...",2025-04-12T03:00:19.919000-03:00,2025-04-12T10:38:42.861000-03:00,52,9,2026-09-17T20:47:13.441773-03:00
Justiça proíbe WhatsApp de compartilhar dados de brasileiros com Instagram e Facebook para fins publicitários,https://g1.globo.com/tecnologia/noticia/2024/08/15/justica-proibe-whatsapp-de-compartilhar-dados-de-brasileiros-com-instagram-e-facebook-para-fins-publicitarios.ghtml,"...O MPF e o Idec alegam que o WhatsApp ainda violou dispositos da Lei Geral de Proteção de Dados Pessoais (LGPD)... — ...A Autoridade Nacional de Proteção de Dados (ANPD), responsável por fazer cumprir a LGPD, também é alvo da ação porque, segundo eles...",2024-08-15T10:09:59.220000-03:00,2024-08-15T13:26:24.042000-03:00,53,1,2026-09-17T20:47:13.441773-03:00
"Bebê com doença rara mora em hospital há 1 ano, e família recorre à Justiça para levar menina para casa",https://g1.globo.com/sp/campinas-regiao/noticia/2025/02/28/bebe-com-doenca-rara-mora-em-hospital-ha-1-ano-e-familia-recorre-a-justica-para-levar-menina-para-casa.ghtml,...O plano de saúde complementou que não pode dar mais informações por causa da Lei Geral de Proteção de Dados (LGPD)...,2025-02-28T21:01:27.036000-03:00,2025-02-28T21:01:27.504000-03:00,53,3,2026-09-17T20:47:13.441773-03:00
Mercado de startups aposta no crescimento do setor de cibersegurança,https://g1.globo.com/economia/pme/pequenas-empresas-grandes-negocios/noticia/2021/02/21/mercado-de-startups-aposta-no-crescimento-do-setor-de-ciberseguranca.ghtml,"...A Lei Geral de Proteção de Dados (LGPD) e a digitalização em massa, por conta do coronavírus, fizeram a demanda por serviços como o...",2021-02-21T08:16:05.012000-03:00,2021-02-21T08:16:05.456000-03:00,53,4,2026-09-17T20:47:13.441773-03:00
Governo publica estrutura e cargos da Autoridade Nacional de Proteção de Dados,https://g1.globo.com/economia/tecnologia/noticia/2020/08/27/governo-publica-estrutura-e-cargos-da-autoridade-nacional-de-protecao-de-dados.ghtml,"...O órgão será responsável por fiscalizar e editar normas previstas na Lei Geral de Proteção de Dados (LGPD)... — ...Para a LGPD entrar em vigor, é preciso que o presidente Jair Bolsonaro sancione o projeto de lei resultante da aprovação dos demais...",2020-08-27T13:05:53.355000-03:00,2020-08-27T21:19:36.432000-03:00,53,5,2026-09-17T20:47:13.441773-03:00
ANPD publica edital de concurso com 213 vagas e salário inicial de até R$ 9 mil; veja como participar,https://g1.globo.com/trabalho-e-carreira/concursos/noticia/2025/05/09/anpd-publica-edital-de-concurso-veja-como-participar.ghtml,"...pela proteção dos dados pessoais e por orientar, regulamentar e fiscalizar o cumprimento da Lei Geral de Proteção de Dados Pessoais (LGPD...",2025-05-09T10:23:44.543000-03:00,2025-05-09T10:37:13.543000-03:00,53,6,2026-09-17T20:47:13.441773-03:00
Unicap oferece curso gratuito e online sobre transformação digital nas organizações,https://g1.globo.com/pe/pernambuco/educacao/noticia/2021/08/18/unicap-oferece-curso-gratuito-pela-internet-sobre-transformacao-digital-nas-organizacoes.ghtml,"...São cinco disciplinas, com temas que vão do marketing digital à Lei Geral de Proteção de Dados (LGPD)... — ...No segundo dia, o assunto é a LGPD e direito online...",2021-08-18T15:10:57.443000-03:00,2021-08-18T16:00:44.916000-03:00,53,7,2026-09-17T20:47:13.441773-03:00
Escola do Legislativo oferta 45 mil vagas para cursos gratuitos na modalidade EAD,https://g1.globo.com/rr/roraima/noticia/2025/08/21/escola-do-legislativo-oferta-45-mil-vagas-para-cursos-gratuitos-na-modalidade-ead.ghtml,...– 40h; Introdução ao mapeamento de processos – 40h; Introdução ao orçamento público – 40h; Lei de Responsabilidade Fiscal – 40h; LGPD...,2025-08-21T06:00:43.098000-03:00,2025-08-21T06:00:43.771000-03:00,53,9,2026-09-17T20:47:13.441773-03:00
"Inep omite dados do Enem; mudança compromete análise de desempenho de alunos e desigualdade, diz ex-diretora",https://g1.globo.com/educacao/noticia/2022/02/22/inep-divulga-microdados-do-enem-2020-sem-informacoes-sobre-escola-e-municipio-dos-participantes-especialistas-criticam.ghtml,"...A LGPD é uma lei entrou em vigor em 2020 que rege formas de divulgação de dados para proteger as informações pessoais dos cidadãos... — ...Segundo o especialista, as mudanças aplicadas não são as necessárias para adequar os microdados à LGPD...",2022-02-22T01:00:39.822000-03:00,2024-04-29T14:31:15.542000-03:00,54,2,2026-09-17T20:47:13.441773-03:00
Polícia Civil investiga se ataque a sistema de reconhecimento facial expôs dados de moradores de condomínios no interior de SP,https://g1.globo.com/sp/sorocaba-jundiai/noticia/2024/05/05/policia-civil-investiga-se-ataque-a-sistema-de-reconhecimento-facial-expos-dados-de-moradores-de-condominios-no-interior-de-sp.ghtml,"...A Autoridade Nacional de Proteção de Dados (ANPD), autarquia do governo federal, é responsável por fiscalizar e implementar a LGPD... — ...De acordo com a LGPD, explica a advogada Valéria, os condomínios não são obrigados a indicar quem é responsável pelo tratamento de...",2024-05-05T12:03:27.698000-03:00,2024-05-05T12:03:28.357000-03:00,54,3,2026-09-17T20:47:13.441773-03:00
Governo convoca X para explicar mudanças em termos de uso que permitem que dados dos usuários sejam usados para treinamento de inteligência artificial,https://g1.globo.com/politica/blog/julia-duailibi/post/2024/10/22/anpd-convoca-x-para-explicar-mudancas-em-termos-de-uso-que-permitem-que-dados-dos-usuarios-sejam-usados-para-treinamento-de-inteligencia-artificial.ghtml,...lógicas de mercado que se impuseram às decisões políticas de Musk O X é alvo de investigação da agência para avaliar a conformidade à LGPD...,2024-10-22T16:03:11.252000-03:00,2024-10-23T15:46:44.312000-03:00,54,4,2026-09-17T20:47:13.441773-03:00
25 histórias inacabadas: o que dizem famílias de desaparecidos 1 ano após enchente do RS,https://g1.globo.com/rs/rio-grande-do-sul/1-ano-de-enchente-rs/noticia/2025/05/03/historias-inacabadas-o-que-dizem-familias-de-desaparecidos-1-ano-apos-enchente-do-rs.ghtml,"...Contudo, ambas as entidades informaram que esses dados estão protegidos pela Lei Geral de Proteção de Dados Pessoais (LGPD)...",2025-05-03T05:30:14.341000-03:00,2025-12-13T04:31:27.364000-03:00,54,5,2026-09-17T20:47:13.441773-03:00
"Ao lado de pets, Lula assina decreto que lança cadastro nacional gratuito para cães e gatos",https://g1.globo.com/politica/noticia/2025/04/17/governo-lanca-cadastro-nacional-gratuito-para-caes-e-gatos.ghtml,...O governo destacou que as informações inseridas na plataforma estão protegidas pela Lei Geral de Proteção de Dados (LGPD) e que nenhum...,2025-04-17T08:14:22.810000-03:00,2025-04-17T11:21:44.314000-03:00,54,6,2026-09-17T20:47:13.441773-03:00
Descumprir a Lei Geral de Proteção de Dados pode gerar punições a partir deste domingo,https://g1.globo.com/economia/tecnologia/noticia/2021/08/01/descumprir-a-lei-geral-de-protecao-de-dados-pode-gerar-punicoes-a-partir-deste-domingo.ghtml,"...LGPD tem objetivo de proteger dados de cidadãos Franck/Unsplash A Lei Geral de Proteção de Dados (LGPD), que estabelece regras sobre... — ...Quais são os seus direitos segundo a LGPD: VÍDEO: Já posso usar a LGPD para buscar os meus direitos?...",2021-08-01T06:00:42.600000-03:00,2021-08-01T06:00:43.072000-03:00,54,7,2026-09-17T20:47:13.441773-03:00
Bolsonaro indica três militares para autoridade de proteção de dados,https://g1.globo.com/economia/tecnologia/noticia/2020/10/16/bolsonaro-indica-tres-militares-para-autoridade-de-protecao-de-dados.ghtml,"...LGPD tem objetivo de proteger dados de cidadãos... — ...O órgão será responsável por fiscalizar e editar normas previstas na Lei Geral de Proteção de Dados (LGPD), que passou a vigorar em...",2020-10-16T12:22:51.026000-03:00,2020-10-16T12:22:51.776000-03:00,54,8,2026-09-17T20:47:13.441773-03:00
Agência de emprego em cidade no RS firma termo para deixar de pedir dados sem relação direta com vaga,https://g1.globo.com/rs/rio-grande-do-sul/noticia/2024/08/14/agencia-de-emprego-em-cidade-no-rs-firma-termo-para-deixar-de-pedir-dados-sem-relacao-direta-com-vaga.ghtml,"...A investigação identificou que a coleta de dados estava em desacordo com a Lei Geral de Proteção de Dados (LGPD), que estipula que...",2024-08-14T00:00:02.092000-03:00,2024-08-14T00:00:02.879000-03:00,54,9,2026-09-17T20:47:13.441773-03:00
O que são 'cookies' na internet e como eles funcionam?,https://g1.globo.com/tecnologia/noticia/2024/06/09/o-que-sao-cookies-na-internet-e-como-eles-funcionam.ghtml,"...Clique para aceitar nossos cookies"" que vemos ao acessar algum site, por sua vez, tem relação com a Lei Geral de Proteção de Dados (LGPD... — ...No entanto, Mariana explica que, ""uma vez que se considere a coleta de cookies um tratamento de dados pessoais, a LGPD se aplica como...",2024-06-09T06:01:28.872000-03:00,2024-06-09T06:01:29.477000-03:00,54,10,2026-09-17T20:47:13.441773-03:00
"Ainda sem dados de foragidos, sistema de monitoramento de câmeras de SP prendeu 80 pessoas desde fevereiro",https://g1.globo.com/sp/sao-paulo/noticia/2024/07/04/prefeitura-de-sp-inaugura-central-de-monitoramento-de-cameras-com-reconhecimento-facial.ghtml,...considerou o risco de reprodução do racismo estrutural por meio do reconhecimento facial e de violação da Lei Geral de Proteção de Dados (LGPD... — ...Disse ainda que o Smart Sampa contará com um conselho de gestão e transparência para garantir o cumprimento da LGPD...,2024-07-04T18:29:27.441000-03:00,2024-07-04T20:15:12.032000-03:00,55,1,2026-09-17T20:47:13.441773-03:00
"Pagamento por foto da íris atraiu meio milhão de brasileiros, com foco na periferia de SP, até ser barrado pelo governo",https://g1.globo.com/tecnologia/noticia/2025/01/25/pagamento-por-foto-da-iris-atraiu-meio-milhao-de-brasileiros-com-foco-na-periferia-de-sp-ate-ser-barrado-pelo-governo.ghtml,"...O órgão é responsável por fiscalizar o cumprimento da Lei Geral da Proteção de Dados (LGPD)... — ...Peck também diz que o aplicativo da World não tem informações claras, o que é exigido pela LGPD...",2025-01-25T00:00:21.052000-03:00,2025-02-13T17:20:37.913000-03:00,55,2,2026-09-17T20:47:13.441773-03:00
Três pessoas ficam feridas após explosão durante churrasco no ES,https://g1.globo.com/es/espirito-santo/norte-noroeste-es/noticia/2024/11/25/tres-pessoas-ficam-feridas-apos-explosao-durante-churrasco-no-es.ghtml,"...A Secretaria da Saúde (Sesa) informou que, conforme normativas médicas e respeito à Lei Geral de Proteção de Dados Pessoais (LGPD),...",2024-11-25T13:29:47.611000-03:00,2024-11-25T16:40:12.060000-03:00,55,3,2026-09-17T20:47:13.441773-03:00
Regulamento completo do Concurso Cultural 'Paul McCartney e você',https://g1.globo.com/sc/santa-catarina/noticia/2024/09/30/regulamento-completo-do-concurso-cultural-paul-mccartney-e-voce.ghtml,"...DA LGPD 4.1... — ...autor e conexos inclui a vinculação do(s) nome(s) do(s) autor(es) à sua obra, sem que isso gere qualquer violação às disposições da LGPD...",2024-09-30T11:31:49.568000-03:00,2024-09-30T11:37:53.056000-03:00,55,4,2026-09-17T20:47:13.441773-03:00
Intoxicação por metanol: polícia investiga caso de jovens internados após consumo de gin em SP,https://g1.globo.com/sp/sao-paulo/noticia/2025/09/27/intoxicacao-por-metanol-policia-investiga-caso-de-jovens-internados-apos-consumo-de-gin-em-sp.ghtml,"...Mais informações não serão repassadas em respeito à Lei Geral de Proteção de Dados (LGPD)"", disse a pasta...",2025-09-27T17:42:33.171000-03:00,2025-09-27T19:24:05.982000-03:00,55,5,2026-09-17T20:47:13.441773-03:00
Criança de três anos morre após cair do 7° andar de prédio em bairro de Salvador,https://g1.globo.com/ba/bahia/noticia/2024/08/16/queda-em-salvador.ghtml,"...acionadas para a ocorrência, mas não daria detalhes do prontuário médico em virtude do sigilo da Lei Geral de Proteção de Dados Pessoais (LGPD...",2024-08-16T20:03:05.335000-03:00,2024-08-16T20:43:09.416000-03:00,55,6,2026-09-17T20:47:13.441773-03:00
Escolegis abre 45 mil vagas para cursos gratuitos na modalidade EAD; veja como se inscrever,https://g1.globo.com/rr/roraima/noticia/2025/07/21/escolegis-abre-45-mil-vagas-para-cursos-gratuitos-na-modalidade-ead-veja-como-se-inscrever.ghtml,...– 40h; Introdução ao mapeamento de processos – 40h; Introdução ao orçamento público – 40h; Lei de Responsabilidade Fiscal – 40h; LGPD...,2025-07-21T06:30:14.909000-03:00,2025-07-21T06:30:15.573000-03:00,55,7,2026-09-17T20:47:13.441773-03:00
Smart Sampa: 512 foragidos foram presos em São Paulo nos seis primeiros meses de monitoramento de reconhecimento facial,https://g1.globo.com/fantastico/noticia/2025/01/26/smart-sampa-512-foragidos-foram-presos-em-sao-paulo-nos-seis-primeiros-meses-de-monitoramento-de-reconhecimento-facial.ghtml,"...""A gente tem um protocolo para garantir a LGPD (Lei Geral de Proteção de Dados)...",2025-01-26T21:13:23.078000-03:00,2025-01-26T22:04:51.118000-03:00,55,8,2026-09-17T20:47:13.441773-03:00
Ministério faz alerta sobre bebidas alcoólicas adulteradas com metanol após intoxicações em SP; Duas mortes já foram registradas,https://g1.globo.com/sp/sao-paulo/noticia/2025/09/28/ministerio-faz-alerta-sobre-bebidas-alcoolicas-adulteradas-com-metanol-apos-intoxicacoes-em-sp-ao-menos-duas-mortes-ja-foram-registradas.ghtml,"...Mais informações não serão repassadas em respeito à Lei Geral de Proteção de Dados (LGPD)"", disse a pasta...",2025-09-28T08:28:20.605000-03:00,2025-09-29T09:51:06.772000-03:00,55,9,2026-09-17T20:47:13.441773-03:00
Governo do Paraná envia à Assembleia projeto de lei que prevê privatização da Celepar,https://g1.globo.com/pr/parana/noticia/2024/11/05/governo-do-parana-projeto-privatizacao-celepar.ghtml,...privatização não deverá interferir na política de dados dos paranaenses que estão protegidos pela Lei Geral de Proteção de Dados (LGPD...,2024-11-05T09:17:12.409000-03:00,2024-11-05T09:20:32.643000-03:00,55,10,2026-09-17T20:47:13.441773-03:00
'Primeiro passo': como especialistas veem decisão do governo de liberar uso de dados brasileiros para treinar IA da Meta,https://g1.globo.com/tecnologia/noticia/2024/09/03/primeiro-passo-como-especialistas-veem-decisao-do-governo-de-liberar-uso-de-dados-brasileiros-para-treinar-ia-da-meta.ghtml,"...de conformidade"" (veja mais detalhes abaixo), para adequar o tratamento dos dados ao disposto na Lei Geral de Proteção de Dados (LGPD... — ...em relação ao compartilhamento dos dados para o treinamento de IAs acontece por se tratar de algo novo, que não existia quando a LGPD...",2024-09-03T02:00:50.618000-03:00,2024-09-03T13:10:29.820000-03:00,56,1,2026-09-17T20:47:13.441773-03:00
Facebook pedirá permissão a usuários no Brasil para uso de informações,https://g1.globo.com/economia/tecnologia/noticia/2020/07/20/facebook-pedira-permissao-a-usuarios-no-brasil-sobre-uso-de-informacoes.ghtml,"...Facebook anunciou medida para atender à Lei Geral de Proteção de Dados (LGPD) no Brasil Dado Ruvic/Reuters O Facebook começará a... — ...Adiamento do prazo Aprovada em 2014, a LGPD deveria entrar em vigor no mês que vem, após adiamentos...",2020-07-20T11:00:48.874000-03:00,2020-07-20T13:04:11.487000-03:00,56,2,2026-09-17T20:47:13.441773-03:00
Bebê prematuro morre ao aguardar transferência para UTI no Norte do RS; polícia apura,https://g1.globo.com/rs/rio-grande-do-sul/noticia/2024/04/08/bebe-prematuro-morre-ao-aguardar-transferencia-para-uti-no-norte-do-rs-policia-apura.ghtml,"...A Secretaria Estadual da Saúde (SES) afirma que, ""em respeito à Lei Geral de Proteção de Dados (LGPD) e a todos os pacientes que aguardam... — ...da SES: ""A Secretaria Estadual da Saúde do Rio Grande do Sul (SES/RS) informa que, em respeito à Lei Geral de Proteção de Dados (LGPD...",2024-04-08T15:53:25.086000-03:00,2024-04-08T17:31:59.839000-03:00,56,4,2026-09-17T20:47:13.441773-03:00
TRE-SP abre cadastro para voluntários com conhecimento em Libras atuarem nas eleições,https://g1.globo.com/sp/sao-paulo/eleicoes/2024/noticia/2024/06/03/tre-sp-abre-cadastro-para-voluntarios-com-conhecimento-em-libras-atuarem-nas-eleicoes.ghtml,"...segurança e tratamento dos dados da voluntária ou do voluntário que se cadastrar, conforme prevê a Lei Geral de Proteção de Dados (LGPD...",2024-06-03T12:43:48.944000-03:00,2024-06-03T12:43:49.466000-03:00,56,5,2026-09-17T20:47:13.441773-03:00
Polícia investiga maus-tratos contra bebê que morreu após dar entrada em hospital no interior de SP,https://g1.globo.com/sp/sao-jose-do-rio-preto-aracatuba/noticia/2024/09/06/policia-investiga-maus-tratos-contra-bebe-que-morreu-apos-dar-entrada-em-hospital-no-interior-de-sp.ghtml,"...O HCM esclarece ainda que, em virtude do sigilo de dados imposto pela LGPD, não divulga ou manifesta-se sobre casos clínicos de pacientes...",2024-09-06T16:16:32.804000-03:00,2024-09-09T14:37:56.154000-03:00,56,6,2026-09-17T20:47:13.441773-03:00
Advogado de Juiz de Fora orienta sobre Lei Geral de Proteção de Dados,https://g1.globo.com/mg/zona-da-mata/mg1-zona-da-mata/video/advogado-de-juiz-de-fora-orienta-sobre-lei-geral-de-protecao-de-dados-9723650.ghtml,...A LGPD permite mais proteção em relação aos dados de clientes...,2021-07-28T13:49:18-03:00,2021-07-28T13:52:31-03:00,56,9,2026-09-17T20:47:13.441773-03:00
Empresas precisam se adequar à nova Lei Geral de Proteção de Dados,https://g1.globo.com/mg/grande-minas/videos-mg-inter-tv-1-edicao/video/empresas-precisam-se-adequar-a-nova-lei-geral-de-protecao-de-dados-9776757.ghtml,...Confira a segunda reportagem da série ' De olho no LGPD'...,2021-08-17T13:22:12-03:00,2021-08-17T15:01:50-03:00,57,1,2026-09-17T20:47:13.441773-03:00
As denúncias de assédio sexual de alunas contra PMs em escolas cívico-militares no Paraná: 'Fomos comparadas a prostitutas',https://g1.globo.com/pr/norte-noroeste/noticia/2026/02/05/as-denuncias-de-assedio-sexual-de-alunas-contra-pms-em-escolas-civico-militares-no-parana-fomos-comparadas-a-prostitutas.ghtml,"...desligados, segundo o governo do Paraná, também são considerados uma informação sigilosa, protegida pela Lei Geral de Proteção de Dados (LGPD...",2026-02-05T09:35:34.774000-03:00,2026-02-05T15:50:58.424000-03:00,57,3,2026-09-17T20:47:13.441773-03:00
App 'Minha Escola SP' instalado em celulares sem autorização: o que se sabe e o que ainda falta saber,https://g1.globo.com/sp/sao-paulo/noticia/2023/08/11/app-minha-escola-sp-instalado-em-celulares-sem-autorizacao-o-que-se-sabe-e-o-que-ainda-falta-saber.ghtml,"...Eles ressaltam que a privacidade dessas informações está protegida pela Lei Geral de Proteção de Dados (LGPD), de 2018, e pelo Marco... — ..., desde que respeitados todos os seus direitos e os princípios previstos na LGPD”...",2023-08-11T06:00:43.344000-03:00,2024-04-29T16:35:56.660000-03:00,57,4,2026-09-17T20:47:13.441773-03:00
World recorre de ordem do governo e pagamento por foto de íris é mantido temporariamente,https://g1.globo.com/tecnologia/noticia/2025/01/31/world-recorre-de-ordem-do-governo-e-pagamento-por-foto-de-iris-e-mantido-temporariamente.ghtml,...Ela é o órgão responsável pela fiscalização do cumprimento da Lei Geral de Proteção de Dados (LGPD) no Brasil...,2025-01-31T18:03:54.679000-03:00,2025-02-07T18:05:24.569000-03:00,57,5,2026-09-17T20:47:13.441773-03:00
"Golpe do boleto falso: mulher paga R$1,7 mil em parcelas e tem carro apreendido em MS",https://g1.globo.com/ms/mato-grosso-do-sul/noticia/2025/03/17/golpe-do-boleto-falso-mulher-paga-r17-mil-em-parcelas-e-tem-carro-apreendido-em-ms.ghtml,"...Os bancos são responsáveis pelos dados dos clientes e pelo vazamento desses dados, de acordo com a Lei Geral de Proteção de Dados [LGPD...",2025-03-17T12:03:11.197000-03:00,2025-03-17T12:03:12.451000-03:00,57,8,2026-09-17T20:47:13.441773-03:00
Novas imagens mostram quando motorista de caminhonete faz conversão proibida e mata entregador atropelado em avenida de Goiânia,https://g1.globo.com/go/goias/transito/noticia/2024/12/11/novas-imagens-mostram-quando-motorista-de-caminhonete-faz-conversao-proibida-e-mata-entregador-atropelado-em-avenida-de-goiania.ghtml,"...Contudo, esses dados não foram fornecidos pelo hospital, que alegou sigilo das informações, conforme a LGPD...",2024-12-11T07:48:34.225000-03:00,2024-12-12T19:24:39.110000-03:00,57,9,2026-09-17T20:47:13.441773-03:00
Entenda como vai funcionar a Lei Geral de Proteção de Dados,https://g1.globo.com/ms/mato-grosso-do-sul/ms1/video/entenda-como-vai-funcionar-a-lei-geral-de-protecao-de-dados-9730046.ghtml,...LGPD entra na chamada fase final de implementação a partir de agosto...,2021-07-30T12:00:00-03:00,2021-07-30T18:28:33-03:00,57,10,2026-09-17T20:47:13.441773-03:00
Prefeitura de SP lança 'prisômetro' em meio a críticas da Defensoria sobre uso de reconhecimento facial no Carnaval,https://g1.globo.com/sp/sao-paulo/carnaval/2025/noticia/2025/02/25/prefeitura-de-sp-lanca-prisometro-em-meio-a-criticas-da-defensoria-sobre-uso-de-reconhecimento-facial-no-carnaval.ghtml,...A prefeitura diz que o programa Smart Sampa respeita a privacidade das pessoas e regras como a Lei Geral de Proteção de Dados (LGPD...,2025-02-25T13:40:59.423000-03:00,2025-02-25T20:02:02.266000-03:00,58,1,2026-09-17T20:47:13.441773-03:00
Criança de 3 anos que morreu após cair do sétimo andar de prédio em Salvador despencou de uma altura de cerca de 30 metros,https://g1.globo.com/ba/bahia/noticia/2024/08/17/queda-em-salvador.ghtml,"...acionadas para a ocorrência, mas não daria detalhes do prontuário médico em virtude do sigilo da Lei Geral de Proteção de Dados Pessoais (LGPD...",2024-08-17T13:16:40.488000-03:00,2024-08-17T13:18:26.573000-03:00,58,2,2026-09-17T20:47:13.441773-03:00
Drones podem espionar pessoas em suas casas? Veja as regras e o que fazer se for vítima,https://g1.globo.com/tecnologia/noticia/2025/03/07/casos-de-drones-que-espionam-pessoas.ghtml,"...Além disso, a Lei Geral de Proteção de Dados (LGPD) também prevê a transparência na captura de dados pessoais, ou seja, que as pessoas...",2025-03-07T03:00:22.431000-03:00,2025-03-07T03:00:24.443000-03:00,58,3,2026-09-17T20:47:13.441773-03:00
Por que você está recebendo avisos de políticas de privacidade em aplicativos e sites,https://g1.globo.com/economia/tecnologia/noticia/2020/08/26/por-que-voce-esta-recebendo-avisos-de-politicas-de-privacidade-em-aplicativos-e-sites.ghtml,"...LGPD pede para que sites e serviços sejam transparentes em relação à coleta de dados... — ...Após vários adiamentos, a LGPD poderá vigorar ainda neste ano...",2020-08-26T19:01:18.862000-03:00,2020-08-27T11:50:28.553000-03:00,58,6,2026-09-17T20:47:13.441773-03:00
"Com 'geek day' e cosplays, Botucatu recebe 1ª semana de tecnologia da informação do Senac até sexta-feira",https://g1.globo.com/sp/bauru-marilia/noticia/2024/05/14/com-geek-day-e-cosplays-botucatu-recebe-1a-semana-de-tecnologia-da-informacao-do-senac-ate-sexta-feira.ghtml,"...influenciadora geek Inuki Prince Instagram/Reprodução Entre os temas que serão abordados na semana estão: Experiências no Vale do Silício, LGPD...",2024-05-14T08:24:11.683000-03:00,2024-05-14T09:37:53.839000-03:00,58,7,2026-09-17T20:47:13.441773-03:00
"Com mais um óbito por dengue registrado em São José dos Campos, região chega a 65 mortes pela doença",https://g1.globo.com/sp/vale-do-paraiba-regiao/noticia/2024/04/14/com-mais-um-obito-por-dengue-registrado-em-sao-jose-dos-campos-regiao-chega-a-65-mortes-pela-doenca.ghtml,"...A prefeitura de São José dos Campos informou que em respeito à LGPD (Lei Geral de Proteção de Dados), não divulga dados de pacientes...",2024-04-14T12:42:44.180000-03:00,2024-04-14T14:09:01.118000-03:00,58,9,2026-09-17T20:47:13.441773-03:00
"Pais de bebê morto com dengue acusam médicos de receitar remédio contraindicado, em Pitangueiras",https://g1.globo.com/sp/ribeirao-preto-franca/noticia/2024/06/03/pais-de-bebe-morto-com-dengue-acusam-medicos-de-receitar-remedio-contraindicado-em-pitangueiras.ghtml,...Prefeitura de Pitangueiras informou que os dados de pacientes não podem ser divulgados por causa da Lei Geral de Proteção de Dados (LGPD...,2024-06-03T19:25:43.775000-03:00,2024-06-03T21:22:14.451000-03:00,58,10,2026-09-17T20:47:13.441773-03:00
Idoso preso na Bahia após 18 anos foragido é aposentado de prefeitura e vive união estável,https://g1.globo.com/ba/bahia/noticia/2024/10/15/prisao-idoso-condenado-em-mg-vida-na-bahia.ghtml,"...Em nota, a Prefeitura de Feira de Santana informou que, em conformidade com a Lei Geral de Proteção de Dados (LGPD), não pode fornecer...",2024-10-15T18:04:53.479000-03:00,2024-10-17T13:12:38.498000-03:00,59,1,2026-09-17T20:47:13.441773-03:00
'Aceitar todos os cookies': o que significa aviso que se tornou mais comum na internet,https://g1.globo.com/tecnologia/noticia/2022/01/26/aceitar-todos-os-cookies-o-que-significa-aviso-que-se-tornou-mais-comum-na-internet.ghtml,"...Esses avisos ficaram mais frequentes no Brasil desde o ano passado por conta da Lei Geral de Proteção de Dados (LGPD), que prevê a... — ...Com a entrada em vigor da LGPD, mais sites passaram a pedir autorização para usar cookies Altieres Rohr/g1 Para que servem os cookies...",2022-01-26T06:00:59.534000-03:00,2023-12-14T17:14:21.920000-03:00,59,2,2026-09-17T20:47:13.441773-03:00
Punição por uso indevido de dados começa a valer no domingo,https://g1.globo.com/jornal-hoje/video/punicao-por-uso-indevido-de-dados-comeca-a-valer-no-domingo-9729536.ghtml,...Quem infringir a LGPD pode ser multado em até 50 milhões de reais...,2021-07-30T14:55:00-03:00,2021-07-30T14:58:14-03:00,59,3,2026-09-17T20:47:13.441773-03:00
Perfis em redes sociais exploram síndrome de Down por engajamento,https://g1.globo.com/saude/saude-mental/noticia/2025/07/06/perfis-em-redes-sociais-exploram-sindrome-de-down-por-engajamento.ghtml,"...Além disso, a exposição desse tipo de conteúdo afeta dados sensíveis, protegidos pela Lei Geral de Proteção de Dados (LGPD)...",2025-07-06T18:07:56.412000-03:00,2025-07-06T18:07:57.053000-03:00,59,4,2026-09-17T20:47:13.441773-03:00
Meta diz que vai adiar lançamento de modelo de inteligência artificial na União Europeia,https://g1.globo.com/tecnologia/noticia/2024/07/18/alem-do-brasil-meta-diz-que-tambem-vai-adiar-lancamento-de-inteligencia-artificial-na-uniao-europeia.ghtml,"...jornal ""The Guardian"", há dúvidas sobre a conformidade do Llama com o GDPR, lei europeia equivalente à Lei Geral de Proteção de Dados (LGPD...",2024-07-18T13:34:14.681000-03:00,2024-07-18T16:11:03.566000-03:00,59,5,2026-09-17T20:47:13.441773-03:00
São José dos Campos e Santa Branca registram novas mortes por dengue; região chega a 64 óbitos pela doença em 2024,https://g1.globo.com/sp/vale-do-paraiba-regiao/noticia/2024/04/13/sao-jose-dos-campos-e-santa-branca-registram-novas-mortes-por-dengue-regiao-chega-a-64-obitos-pela-doenca-em-2024.ghtml,"...A prefeitura de São José dos Campos informou que em respeito à LGPD (Lei Geral de Proteção de Dados), não divulga dados de pacientes...",2024-04-13T13:26:22.582000-03:00,2024-04-13T17:09:35.847000-03:00,59,6,2026-09-17T20:47:13.441773-03:00
VÍDEO: Entregador de 21 anos é morto ao ser atropelado por carro em avenida de Goiânia,https://g1.globo.com/go/goias/transito/noticia/2024/12/09/video-entregador-de-21-anos-e-morto-ao-ser-atropelado-por-carro-em-avenida-de-goiania.ghtml,"...Contudo, esses dados não foram fornecidos pelo hospital, que alegou sigilo das informações, conforme a LGPD...",2024-12-09T18:25:59.175000-03:00,2024-12-12T19:28:34.350000-03:00,59,7,2026-09-17T20:47:13.441773-03:00
"Cantor sertanejo passa por cateterismo após infarto e situação é estável, diz esposa",https://g1.globo.com/to/tocantins/noticia/2024/09/10/situacao-de-cantor-sertanejo-que-sofreu-infarto-e-estavel-diz-hospital.ghtml,"...Nota do IOP de Palmas Em resposta à solicitação recebida e em conformidade com a Lei Geral de Proteção de Dados (LGPD), o Hospital...",2024-09-10T18:25:14.518000-03:00,2024-09-10T19:21:42.323000-03:00,59,8,2026-09-17T20:47:13.441773-03:00
Números desconhecidos no WhatsApp adicionam usuários a grupos de propaganda sem autorização,https://g1.globo.com/tecnologia/noticia/2024/11/07/numeros-desconhecidos-no-whatsapp-adicionam-usuarios-a-grupos-de-propaganda-sem-autorizacao.ghtml,"...A Compare Plano de Saúde não envia propaganda e posts indevidamente por canais do WhatsApp, infringindo totalmente o resguardo da LGPD...",2024-11-07T02:00:18.161000-03:00,2024-11-08T17:16:52.396000-03:00,59,9,2026-09-17T20:47:13.441773-03:00
"Cemig realiza simulado de evacuação nas proximidades da UHE Salto Grande, em Braúnas e Joanésia",https://g1.globo.com/mg/vales-mg/noticia/2024/11/08/cemig-realiza-simulado-de-evacuacao-nas-proximidades-da-uhe-salto-grande-em-braunas-e-joanesia.ghtml,"...O procedimento segue a Lei Geral de Proteção de Dados (LGPD) e tem objetivo de identificar os moradores e comerciantes da região, além...",2024-11-08T11:44:21.320000-03:00,2024-11-08T11:47:56.345000-03:00,59,10,2026-09-17T20:47:13.441773-03:00
Justiça suspende norma do CFM que obriga médicos a usarem plataforma para emissão de atestados,https://g1.globo.com/df/distrito-federal/noticia/2024/11/06/justica-suspende-norma-do-cfm-que-obriga-medicos-a-usarem-plataforma-para-emissao-de-atestados.ghtml,...base em sua competência legal e total respeito aos princípios que regem a administração pública e à Lei Geral de Proteção de Dados (LGPD...,2024-11-06T03:00:15.730000-03:00,2024-11-06T12:04:03.967000-03:00,60,3,2026-09-17T20:47:13.441773-03:00
MP apura desvio de doações a atingidos por enchentes no RS; secretário e vereador são suspeitos,https://g1.globo.com/rs/rio-grande-do-sul/noticia/2024/06/04/mp-apura-desvio-de-doacoes-a-atingidos-por-enchentes-no-rs-secretario-e-vereador-sao-suspeitos.ghtml,"...Os nomes não foram divulgados pelo Ministério Público, em razão da Lei Geral de Proteção de Dados (LGPD)...",2024-06-04T11:49:20.243000-03:00,2024-06-18T19:19:44.498000-03:00,60,4,2026-09-17T20:47:13.441773-03:00
"Com mais seis óbitos por dengue registrados em São José dos Campos, região chega a 70 mortes pela doença",https://g1.globo.com/sp/vale-do-paraiba-regiao/noticia/2024/04/16/com-mais-seis-obitos-por-dengue-registrados-em-sao-jose-dos-campos-regiao-chega-a-70-mortes-pela-doenca.ghtml,"...A prefeitura de São José dos Campos informou que em respeito à LGPD (Lei Geral de Proteção de Dados), não divulga dados de pacientes...",2024-04-16T12:50:03.683000-03:00,2024-04-16T16:08:03.620000-03:00,60,5,2026-09-17T20:47:13.441773-03:00
"Whatsapp é alvo de ação de MPF e Idec que pede R$ 1,7 bilhão de indenização por violação de privacidade",https://g1.globo.com/sp/sao-paulo/noticia/2024/07/16/whatsapp-e-alvo-de-acao-de-mpf-e-idec-que-pede-r-17-bilhao-de-indenizacao-por-violacao-de-privacidade.ghtml,"...De acordo com a ação, as práticas do Whatsapp desacatou dispositivos da Lei Geral de Proteção de Dados Pessoais (LGPD, Lei 13.709/18... — ...Autoridade Nacional de Proteção de Dados (ANDP), autarquia responsável por fiscalizar o cumprimento da Lei Geral de Proteção de Dados (LGPD...",2024-07-16T20:53:04.432000-03:00,2024-07-17T20:33:30.309000-03:00,60,6,2026-09-17T20:47:13.441773-03:00
Cineatro de Suzano recebe Startup Day neste sábado,https://g1.globo.com/sp/mogi-das-cruzes-suzano/noticia/2024/03/14/cineatro-de-suzano-recebe-startup-day-neste-sabado.ghtml,...9h45 às 10h05: palestra “Economize e Proteja: Como Empresas e Startups Podem Garantir a Segurança de Dados em Conformidade com a LGPD...,2024-03-14T14:35:24.789000-03:00,2024-03-14T14:35:25.301000-03:00,60,7,2026-09-17T20:47:13.441773-03:00
Veja dicas para não cair em golpes nas redes sociais,https://g1.globo.com/economia/tecnologia/noticia/2022/03/09/veja-como-nao-cair-em-golpes-digitais-nas-redes-sociais.ghtml,...O que é a Lei Geral de Proteção de Dados (LGPD)? Como descobrir em fraudes em meu nome?... — ...O que é a Lei Geral de Proteção de Dados (LGPD)? VÍDEO: O que é a Lei Geral de Proteção de Dados (LGPD)? 10...,2022-03-09T13:39:59.678000-03:00,2023-09-19T15:31:08.577000-03:00,60,8,2026-09-17T20:47:13.441773-03:00
Justiça vai contra a lei e expõe nomes e até endereços de crianças e mulheres vítimas de estupro e violência doméstica,https://g1.globo.com/politica/noticia/2025/06/01/contra-a-lei-justica-expoe-nomes-e-enderecos-de-criancas-e-mulheres-vitimas-de-estupro-e-violencia-domestica.ghtml,"...publicação da reportagem, o Tribunal do Maranhão enviou uma nota afirmando que expediu uma orientação para que os juízes cumpram a LGPD...",2025-06-01T10:10:32.016000-03:00,2025-06-10T16:30:57.293000-03:00,60,9,2026-09-17T20:47:13.441773-03:00
Salto registra primeiro caso de monkeypox em 2024,https://g1.globo.com/sp/sorocaba-jundiai/noticia/2024/11/11/salto-registra-primeiro-caso-de-monkeypox-em-2024.ghtml,...O nome e a idade dele não foram divulgados devido à Lei Geral de Proteção de Dados Pessoais (LGPD)...,2024-11-11T16:33:53.189000-03:00,2024-11-11T16:33:53.610000-03:00,60,10,2026-09-17T20:47:13.441773-03:00
Moradores de Sorocaba podem enviar sugestões para o projeto da Lei de Diretrizes Orçamentárias 2025; saiba como participar,https://g1.globo.com/sp/sorocaba-jundiai/noticia/2024/02/01/moradores-de-sorocaba-podem-enviar-sugestoes-para-o-projeto-da-lei-de-diretrizes-orcamentarias-2025-saiba-como-participar.ghtml,"...consentimento de tratamento de dados pessoais, em atendimento ao art. 7º – inciso I, da Lei Geral de Proteção de Dados Pessoais (LGPD...",2024-02-01T19:51:13.443000-03:00,2024-02-01T19:51:14.027000-03:00,61,1,2026-09-17T20:47:13.441773-03:00
Fraude de atestados médicos tem alta de 20% em Uberlândia,https://g1.globo.com/mg/triangulo-mineiro/noticia/2025/02/09/fraude-de-atestados-medicos-tem-alta-de-20percent-em-uberlandia.ghtml,...base em sua competência legal e total respeito aos princípios que regem a administração pública e à Lei Geral de Proteção de Dados (LGPD...,2025-02-09T11:13:17.524000-03:00,2025-02-11T07:40:43.783000-03:00,61,2,2026-09-17T20:47:13.441773-03:00
Dengue: mulher de 29 anos é 8ª morte confirmada em Franca em 2024,https://g1.globo.com/sp/ribeirao-preto-franca/noticia/2024/04/12/dengue-mulher-de-29-anos-e-8a-morte-confirmada-em-franca-em-2024.ghtml,"...Faça parte do canal do g1 Ribeirão e Franca no WhatsApp Com base na Lei Geral de Proteção de Dados (LGPD), a administração municipal...",2024-04-12T11:16:13.870000-03:00,2024-04-12T12:49:23.895000-03:00,61,3,2026-09-17T20:47:13.441773-03:00
Prefeito de Santos veta projeto de lei que torna obrigatória a instalação de câmeras nas escolas municipais,https://g1.globo.com/sp/santos-regiao/noticia/2024/05/16/prefeito-de-santos-veta-projeto-de-lei-que-torna-obrigatoria-a-instalacao-de-cameras-nas-escolas-municipais.ghtml,"...e responsáveis geraria o acesso de cerca de 50 mil contas às imagens, acarretando em violações à Lei Geral de Proteção de Dados (LGPD...",2024-05-16T20:25:59.597000-03:00,2024-05-16T20:26:00.060000-03:00,61,5,2026-09-17T20:47:13.441773-03:00
Temporal no RS: entenda por que corpos de vítimas foram levados para Porto Alegre,https://g1.globo.com/rs/rio-grande-do-sul/noticia/2023/09/07/temporal-no-rs-entenda-por-que-corpos-de-vitimas-foram-levados-para-porto-alegre.ghtml,"...Entenda o processo abaixo) Segundo o Instituto Geral de Perícias, não serão divulgados nomes, devido à Lei Geral de Proteção de Dados (LGPD... — ...Secretaria informou à reportagem da RBS TV que os nomes das vítimas não serão divulgados, em razão da Lei Geral de Proteção de Dados (LGPD...",2023-09-07T15:40:40.338000-03:00,2023-09-07T21:19:05.184000-03:00,61,6,2026-09-17T20:47:13.441773-03:00
Dentista aposentado e proprietário de fazendas: saiba quem é idoso preso na Bahia após 18 anos foragido por homicídio,https://g1.globo.com/ba/bahia/noticia/2024/10/17/idoso-preso-homicidio-bahia.ghtml,"...Em nota, a Prefeitura de Feira de Santana informou que, em conformidade com a Lei Geral de Proteção de Dados (LGPD), não pode fornecer...",2024-10-17T15:16:43.317000-03:00,2024-10-17T15:39:01.978000-03:00,61,7,2026-09-17T20:47:13.441773-03:00
"Um em cada quatro potiguares perdeu dinheiro em golpes digitais nos últimos 12 meses, diz pesquisa",https://g1.globo.com/rn/rio-grande-do-norte/noticia/2024/10/01/rio-grande-do-norte-e-o-estado-do-nordeste-com-mais-vitimas-de-golpes-online-diz-pesquisa.ghtml,"...prestados recai sobre essas instituições, conforme previsto no Marco Civil da Internet (MCI) e na Lei Geral de Proteção de Dados (LGPD...",2024-10-01T13:45:05.971000-03:00,2024-10-01T13:50:42.553000-03:00,61,8,2026-09-17T20:47:13.441773-03:00
"Motorista que matou entregador atropelado não tinha CNH para dirigir Dodge Ram, diz polícia",https://g1.globo.com/go/goias/noticia/2024/12/12/motorista-que-matou-entregador-atropelado-nao-tinha-cnh-para-dirigir-dodge-ram-diz-policia.ghtml,"...Contudo, esses dados não foram fornecidos pelo hospital, que alegou sigilo das informações, conforme a LGPD...",2024-12-12T08:16:47.544000-03:00,2024-12-12T19:22:19.329000-03:00,61,9,2026-09-17T20:47:13.441773-03:00
VÍDEO: passageiro desce de ônibus e arremessa pedra em janela de motorista em Salvador,https://g1.globo.com/ba/bahia/noticia/2024/04/04/briga-video-largo-do-tanque.ghtml,"...Disse ainda que não pode dar mais detalhes, por causa da Lei Geral de Proteção de Dados Pessoais (LGPD)...",2024-04-04T13:05:13.067000-03:00,2024-04-04T13:15:03.440000-03:00,61,10,2026-09-17T20:47:13.441773-03:00
Senado discute regras para inteligência artificial com respeito a 'valores democráticos' como princípio,https://g1.globo.com/politica/noticia/2024/04/26/senado-discute-regras-para-inteligencia-artificial-com-respeito-a-valores-democraticos-como-principio.ghtml,"..., para cada violação cometida pelas empresas de tecnologia e as enquadra nas punições da Lei Geral de Proteção de Dados Pessoais (LGPD... — ...Em relação à manutenção da privacidade e para adequação à LGPD, a proposta prevê a proibição do uso de sistemas de identificação biométrica...",2024-04-26T04:00:38.724000-03:00,2024-04-26T04:00:39.459000-03:00,62,1,2026-09-17T20:47:13.441773-03:00
"São José dos Campos, Taubaté e Guaratinguetá registram novas mortes por dengue; região chega a 59 óbitos pela doença em 2024",https://g1.globo.com/sp/vale-do-paraiba-regiao/noticia/2024/04/11/sao-jose-dos-campos-taubate-e-guaratingueta-registram-novas-mortes-por-dengue-regiao-chega-a-59-obitos-pela-doenca-em-2024.ghtml,"...Já a prefeitura de São José dos Campos informou que em respeito à LGPD (Lei Geral de Proteção de Dados), não divulga dados de pacientes...",2024-04-11T15:04:34.469000-03:00,2024-04-11T15:33:06.565000-03:00,62,4,2026-09-17T20:47:13.441773-03:00
Estão abertas 5.700 vagas para castrações gratuitas de cães e gatos em Curitiba,https://g1.globo.com/pr/parana/noticia/2024/06/28/estao-abertas-5700-vagas-para-castracoes-gratuitas-de-caes-e-gatos-em-curitiba.ghtml,"...Para atender à Lei Geral de Proteção de Dados (LGPD) e resoluções do Conselho Federal de Medicina Veterinária (CFMV), o site da Rede...",2024-06-28T04:00:47.047000-03:00,2024-06-28T04:00:47.705000-03:00,62,5,2026-09-17T20:47:13.441773-03:00
Usa app para controle de ciclo menstrual? Entenda por que você pode estar entregando dados demais,https://g1.globo.com/tecnologia/noticia/2024/04/23/app-para-controle-de-ciclo-menstrual-entenda-por-que-voce-pode-estar-entregando-dados-demais.ghtml,"...Entenda, abaixo, como funciona a coleta de informações nos apps de ciclo menstrual, os detalhes da LGPD sobre esses dados e como se... — ...No parágrafo 4° do artigo 11 da LGPD diz que: “É vedada a comunicação ou o uso compartilhado entre controladores de dados pessoais...",2024-04-23T05:02:36.564000-03:00,2024-04-24T19:19:24.097000-03:00,62,7,2026-09-17T20:47:13.441773-03:00
Bebê de 5 meses morre com suspeita de dengue em Monte Alto,https://g1.globo.com/sp/ribeirao-preto-franca/noticia/2024/06/06/bebe-de-5-meses-morre-com-suspeita-de-dengue-em-monte-alto.ghtml,...Prefeitura de Pitangueiras disse apenas que os dados de pacientes não podem ser divulgados por causa da Lei Geral de Proteção de Dados (LGPD...,2024-06-06T17:38:19.929000-03:00,2024-06-06T19:50:43.565000-03:00,62,8,2026-09-17T20:47:13.441773-03:00
"Cliente que teria jogado suco em atendente de lanchonete em Porto Alegre deve responder pelo crime de injúria real, diz delegado",https://g1.globo.com/rs/rio-grande-do-sul/noticia/2024/10/04/cliente-que-teria-jogado-suco-em-atendente-de-lanchonete-em-porto-alegre-deve-responder-pelo-crime-de-injuria-real-diz-delegado.ghtml,"...Esclarecemos que, em conformidade com as disposições da Lei Geral de Proteção de Dados (LGPD), as imagens de segurança não podem ser...",2024-10-04T03:30:14.289000-03:00,2024-10-04T17:20:01.586000-03:00,62,9,2026-09-17T20:47:13.441773-03:00
"Deputados do Paraná aprovam, em primeiro turno, privatização da Celepar; veja como votaram",https://g1.globo.com/pr/parana/noticia/2024/11/12/deputados-do-parana-primeira-votacao-celepar.ghtml,...privatização não deverá interferir na política de dados dos paranaenses que estão protegidos pela Lei Geral de Proteção de Dados (LGPD...,2024-11-12T18:46:42.688000-03:00,2024-11-12T18:55:38.846000-03:00,62,10,2026-09-17T20:47:13.441773-03:00
Justiça do Acre condena operadora de plano de saúde a pagar indenização de R$ 10 mil por negar tratamento a paciente,https://g1.globo.com/ac/acre/noticia/2024/04/04/justica-do-acre-condena-operadora-de-plano-de-saude-a-pagar-indenizacao-de-r-10-mil-por-negar-tratamento-a-paciente.ghtml,"...“A Unimed Rio Branco, em respeito à Lei Geral de Proteção de Dados (LGPD) e regras de compliance, esclarece que não se manifestará...",2024-04-04T12:33:19.744000-03:00,2024-04-04T12:45:46.847000-03:00,63,1,2026-09-17T20:47:13.441773-03:00
Escaneamento de íris: World interrompe registros após órgão do governo suspender pagamentos; lojas estão vazias desde o início do ano,https://g1.globo.com/tecnologia/noticia/2025/02/11/orgao-do-governo-mantem-suspensao-de-pagamento-por-registro-de-iris-de-brasileiros.ghtml,"...que ela indicasse em seu site o encarregado pelo tratamento de dados pessoais, algo exigido pela Lei Geral de Proteção de Dados (LGPD...",2025-02-11T09:30:52.198000-03:00,2025-02-26T20:37:33.496000-03:00,63,2,2026-09-17T20:47:13.441773-03:00
"Emprego em tecnologia: IA ganha espaço, mas segurança da informação domina contratações durante o 1º semestre de 2025",https://g1.globo.com/tecnologia/noticia/2025/02/26/emprego-em-tecnologia-ia-ganha-espaco-mas-seguranca-da-informacao-domina-contratacoes-durante-o-1o-semestre-de-2025.ghtml,"...Já a cibersegurança é prioridade há mais tempo, especialmente após a Lei Geral de Proteção de Dados (LGPD), que levou as empresas a...",2025-02-26T02:00:15.502000-03:00,2025-02-26T09:36:39.629000-03:00,63,3,2026-09-17T20:47:13.441773-03:00
Polícia investiga desvio de doações a afetados pela enchente em Alvorada,https://g1.globo.com/rs/rio-grande-do-sul/noticia/2024/06/04/policia-investiga-desvio-de-doacoes-a-afetados-pela-enchente-em-alvorada.ghtml,"...Os nomes não foram divulgados pelo Ministério Público, em razão da Lei Geral de Proteção de Dados (LGPD)...",2024-06-04T16:32:53.427000-03:00,2024-06-18T19:20:11.628000-03:00,63,4,2026-09-17T20:47:13.441773-03:00
"Acidente entre van e caminhão na Rodovia Ayrton Senna deixa feridos, diz polícia",https://g1.globo.com/sp/mogi-das-cruzes-suzano/noticia/2024/02/14/acidente-entre-van-e-caminhao-na-rodovia-ayrton-senna-deixa-feridos-diz-policia.ghtml,"...""Em atendimento a Lei Geral de Proteção de Dados (LGPD), dada pela Lei nº 13.853, de 2019, a Prefeitura de Guararema não pode tratar...",2024-02-14T08:21:49.846000-03:00,2024-02-14T14:00:17.427000-03:00,63,5,2026-09-17T20:47:13.441773-03:00
TJ-SP investiga origem da publicação de dados de crianças e adolescentes em sites jurídicos,https://g1.globo.com/sp/sao-paulo/noticia/2025/12/12/tj-sp-investiga-origem-da-publicacao-de-dados-de-criancas-e-adolescentes-em-sites-juridicos.ghtml,...proteção de dados e com a legislação O Escavador reafirma seu compromisso integral com: a Lei Geral de Proteção de Dados Pessoais (LGPD...,2025-12-12T04:01:14.906000-03:00,2025-12-12T04:01:15.630000-03:00,63,7,2026-09-17T20:47:13.441773-03:00
"Governo não tem condições técnicas de impedir uso do Bolsa Família em bets, diz AGU ao STF",https://g1.globo.com/economia/noticia/2024/12/13/governo-nao-tem-condicoes-tecnicas-de-impedir-uso-do-bolsa-familia-em-bets-diz-agu-ao-stf.ghtml,...Governo quer colocar travas para apostadores compulsivos em bets e jogos Vetar uso do débito: LGPD e efeito limitado O governo diz...,2024-12-13T08:28:12.806000-03:00,2024-12-16T16:11:06.377000-03:00,63,8,2026-09-17T20:47:13.441773-03:00
"'Minha vida se foi', diz mãe que acusa médicos de receitar remédio contraindicado a bebê que morreu com dengue",https://g1.globo.com/sp/ribeirao-preto-franca/noticia/2024/06/04/minha-vida-se-foi-diz-mae-que-acusa-medicos-de-receitar-remedio-contraindicado-a-bebe-que-morreu-com-dengue.ghtml,...Prefeitura de Pitangueiras informou que os dados de pacientes não podem ser divulgados por causa da Lei Geral de Proteção de Dados (LGPD...,2024-06-04T06:01:07.747000-03:00,2024-06-04T17:58:53.332000-03:00,63,9,2026-09-17T20:47:13.441773-03:00
Nova lei de proteção de dados entra em vigor nesta quinta-feira,https://g1.globo.com/sp/ribeirao-preto-franca/videos-bom-dia-cidade/video/nova-lei-de-protecao-de-dados-entra-em-vigor-nesta-quinta-feira-8808754.ghtml,"...A LGPD foi aprovada ainda em 2018, no governo Michel Temer...",2020-08-27T09:30:00-03:00,2020-08-27T09:34:25-03:00,63,10,2026-09-17T20:47:13.441773-03:00
Nova lei de proteção de dados entra em vigor nesta quinta-feira,https://g1.globo.com/sp/campinas-regiao/videos-bom-dia-cidade-campinas-e-piracicaba/video/nova-lei-de-protecao-de-dados-entra-em-vigor-nesta-quinta-feira-8808742.ghtml,"...A LGPD foi aprovada ainda em 2018, no governo Michel Temer...",2020-08-27T09:20:00-03:00,2020-08-27T09:30:31-03:00,64,1,2026-09-17T20:47:13.441773-03:00
Deputada pede afastamento do secretário de Educação do Paraná por vídeo contra greve dos professores pago com dinheiro público,https://g1.globo.com/pr/parana/educacao/noticia/2024/07/03/deputada-pede-afastamento-do-secretario-de-educacao-do-parana-por-video-contra-greve-professores.ghtml,...A parlamentar cita ainda na representação que o caso pode ter violado a Lei Geral de Proteção de Dados (LGPD) para fins políticos...,2024-07-03T17:59:43.379000-03:00,2024-07-03T18:45:10.464000-03:00,64,3,2026-09-17T20:47:13.441773-03:00
Cliente joga suco em atendente após ser informada que loja não fornece canudo em shopping de Porto Alegre,https://g1.globo.com/rs/rio-grande-do-sul/noticia/2024/10/02/cliente-joga-suco-em-atendente-apos-ser-informada-que-loja-nao-fornece-canudo-em-porto-alegre.ghtml,"...Esclarecemos que, em conformidade com as disposições da Lei Geral de Proteção de Dados (LGPD), as imagens de segurança não podem ser...",2024-10-02T08:59:14.768000-03:00,2024-10-02T17:22:22.832000-03:00,64,4,2026-09-17T20:47:13.441773-03:00
Golpe usa nome da Anatel para induzir clientes a trocarem de operadora,https://g1.globo.com/tecnologia/noticia/2023/12/14/golpe-usa-nome-da-anatel-para-induzir-clientes-a-trocarem-de-operadora.ghtml,"...explicações de algumas das empresas envolvidas"" e que outras ações podem ser tomadas com base na Lei Geral de Proteção de Dados (LGPD... — ...algumas das empresas envolvidas, sem prejuízo de outras ações que possam ser tomadas com base na Lei Geral de Proteção de Dados (LGPD...",2023-12-14T11:09:53.340000-03:00,2023-12-21T18:10:50.179000-03:00,64,5,2026-09-17T20:47:13.441773-03:00
Órgão alemão determina que World exclua dados de íris escaneadas na União Europeia,https://g1.globo.com/tecnologia/noticia/2024/12/19/espanha-determina-que-world-exclua-todos-os-dados-de-iris-escaneadas-no-pais.ghtml,"...milhões de pessoas e qual é a finalidade da coleta desses dados, que são considerados sensíveis pela Lei Geral de Proteção de Dados (LGPD...",2024-12-19T16:37:04.808000-03:00,2024-12-19T21:04:27.952000-03:00,64,6,2026-09-17T20:47:13.441773-03:00
Presidente da Câmara de SP volta a indicar compulsoriamente vereadores do PT e PSOL para obrigar instalação da 'CPI das íris',https://g1.globo.com/sp/sao-paulo/noticia/2025/05/15/presidente-da-camara-de-sp-volta-a-indicar-compulsoriamente-vereadores-do-pt-e-psol-para-obrigar-instalacao-da-cpi-das-iris.ghtml,"...De acordo com o órgão do governo federal, seguindo as orientações da LGPD (Lei Geral de Proteção de Dados), as informações de biometria...",2025-05-15T08:49:30.341000-03:00,2025-05-15T11:28:28.751000-03:00,64,7,2026-09-17T20:47:13.441773-03:00
MPF pede condenação do Cremesp por abuso de autoridade contra médicos que fizeram aborto legal em SP,https://g1.globo.com/sp/sao-paulo/noticia/2024/12/11/mpf-pede-condenacao-do-cremesp-por-abuso-de-autoridade-contra-medicos-que-fizeram-aborto-legal-em-sp.ghtml,"...violou o sigilo médico, garantido pela Constituição, pelo Código de Ética Médica e pela Lei Geral de Proteção de Dados Pessoais (LGPD...",2024-12-11T14:08:43.660000-03:00,2024-12-11T14:24:47.652000-03:00,64,9,2026-09-17T20:47:13.441773-03:00
"Filha de policial que está em coma há um mês após fazer ressonância não se conforma: 'Chegou lá bem, conversando, rindo’",https://g1.globo.com/go/goias/noticia/2024/07/27/filha-de-policial-que-esta-em-coma-ha-1-mes-apos-fazer-ressonancia-nao-se-conforma-chegou-la-bem-conversando-rindo.ghtml,"...Disse também que, em respeito ao paciente, ao sigilo médico e à Lei Geral de Proteção de Dados Pessoais (LGPD), o hospital não fornece...",2024-07-27T15:56:44.185000-03:00,2024-07-29T16:19:29.273000-03:00,64,10,2026-09-17T20:47:13.441773-03:00
Adesão de empresas à lei de proteção de dados cresce 33% em relação a 2020,https://g1.globo.com/sp/campinas-regiao/videos-jornal-da-eptv-1-edicao-campinas-e-piracicaba/video/adesao-de-empresas-a-lei-de-protecao-de-dados-cresce-33-em-relacao-a-2020-10390695.ghtml,"...LGPD visa proteger direitos de liberdade e de privacidade, com normas a serem seguidas por empresas e governos para a coleta de informações...",2022-03-15T11:41:41-03:00,2022-03-15T12:58:19-03:00,65,1,2026-09-17T20:47:13.441773-03:00
Cliente suspeita de jogar suco em atendente de lanchonete no RS é indiciada por injúria real,https://g1.globo.com/rs/rio-grande-do-sul/noticia/2024/10/14/cliente-suspeita-de-jogar-suco-em-atendente-de-lanchonete-no-rs-e-indiciada-por-injuria-real.ghtml,"...Esclarecemos que, em conformidade com as disposições da Lei Geral de Proteção de Dados (LGPD), as imagens de segurança não podem ser...",2024-10-14T09:27:33.011000-03:00,2024-10-14T09:27:33.359000-03:00,65,2,2026-09-17T20:47:13.441773-03:00
"Sistema de gestão de tributos ficará indisponível temporariamente em Bertioga, SP",https://g1.globo.com/sp/santos-regiao/noticia/2023/06/13/sistema-de-gestao-de-tributos-ficara-indisponivel-temporariamente-em-bertioga-sp.ghtml,...A melhoria no software visa atender as exigências da Lei Geral de Proteção de Dados (LGPD)...,2023-06-13T18:26:41.368000-03:00,2023-06-13T18:26:41.652000-03:00,65,3,2026-09-17T20:47:13.441773-03:00
Zezé Di Camargo briga na Justiça por dívida de R$ 17 mil por não pagamento de conta de água de imóvel em Goiânia,https://g1.globo.com/go/goias/noticia/2023/12/20/zeze-di-camargo-briga-na-justica-por-divida-por-nao-pagamento-de-conta-de-agua-de-imovel-em-goiania.ghtml,"...Compartilhe no WhatsApp Compartilhe no Telegram Em nota, a Saneago informou que, por conta da Lei Geral de Proteção de Dados Pessoais (LGPD...",2023-12-20T08:02:26.544000-03:00,2023-12-20T09:07:10.160000-03:00,65,4,2026-09-17T20:47:13.441773-03:00
Estudante morre após complicações em cirurgia de lipoaspiração em Cuiabá,https://g1.globo.com/mt/mato-grosso/noticia/2024/10/24/estudante-morre-apos-complicacoes-em-cirurgia-de-lipoaspiracao-em-cuiaba.ghtml,...Em respeito à Lei Geral de Proteção de Dados Pessoais (LGPD - Lei nº 13.709/2018) e com o objetivo de preservar a privacidade de nossos...,2024-10-24T11:32:06.224000-03:00,2024-10-24T14:16:52.977000-03:00,65,5,2026-09-17T20:47:13.441773-03:00
Idosa que passou mais de 30 horas ao lado do marido morto em carro caído em ribanceira na BR-365 será indenizada em R$ 120 mil,https://g1.globo.com/mg/triangulo-mineiro/noticia/2024/06/26/idosa-que-passou-mais-de-30-horas-ao-lado-do-marido-morto-em-carro-caido-em-ribanceira-na-br-365-sera-indenizada-em-r-120-mil.ghtml,"...a TV Integração procurou a unidade para saber o estado de saúde, mas por questões relacionadas à Lei Geral de Proteção de Dados (LGPD...",2024-06-26T11:17:18.313000-03:00,2024-06-26T11:18:37.598000-03:00,65,6,2026-09-17T20:47:13.441773-03:00
Netshoes diz que dados de clientes podem ter sido vazados após 'incidente cibernético',https://g1.globo.com/tecnologia/noticia/2024/07/17/netshoes-diz-que-dados-de-clientes-podem-ter-sido-vazados-apos-incidente-cibernetico.ghtml,...A Lei Geral de Proteção de Dados (LGPD) considera exemplos de dados sensíveis aqueles que podem revelar orientação política ou sexual...,2024-07-17T17:34:33.449000-03:00,2024-07-22T17:42:48.119000-03:00,65,7,2026-09-17T20:47:13.441773-03:00
Lei de proteção de dados é criada para combater vazamento de dados de pessoas com Covid-19,https://g1.globo.com/pe/petrolina-regiao/videos-grtv-1-edicao/video/lei-de-protecao-de-dados-e-criada-para-combater-vazamento-de-dados-de-pessoas-com-covid-19-9072222.ghtml,"...A lei LGPD protege dados pessoais, que não deveriam ser compartilhados sem nossa autorização...",2020-12-03T11:24:00-03:00,2020-12-03T13:26:09-03:00,65,8,2026-09-17T20:47:13.441773-03:00
Câmeras registram momento em que cliente joga suco em atendente de lanchonete no RS; VÍDEO,https://g1.globo.com/rs/rio-grande-do-sul/noticia/2024/10/15/cameras-registram-momento-em-que-cliente-joga-suco-em-atendente-de-lanchonete-no-rs-video.ghtml,"...Esclarecemos que, em conformidade com as disposições da Lei Geral de Proteção de Dados (LGPD), as imagens de segurança não podem ser...",2024-10-15T10:01:34.220000-03:00,2024-10-15T10:45:28.952000-03:00,65,9,2026-09-17T20:47:13.441773-03:00
Deputados do Paraná concluem votações e aprovam privatização da Celepar; veja como votaram,https://g1.globo.com/pr/parana/noticia/2024/11/13/votacao-segundo-turno-privatizacao-celepar-parana.ghtml,...privatização não deverá interferir na política de dados dos paranaenses que estão protegidos pela Lei Geral de Proteção de Dados (LGPD...,2024-11-13T10:14:49.985000-03:00,2024-11-13T10:49:34.522000-03:00,65,10,2026-09-17T20:47:13.441773-03:00
Homem é internado em estado grave após tubulação de gás explodir: 'estou todo queimado',https://g1.globo.com/sp/santos-regiao/noticia/2024/05/24/homem-e-internado-em-estado-grave-apos-tubulacao-de-gas-explodir-estou-todo-queimado.ghtml,"...De acordo com a Santa Casa de Santos, mais informações não podem ser passadas, conforme a Lei Geral de Proteção de Dados Pessoais (LGPD...",2024-05-24T19:10:56.660000-03:00,2024-05-24T19:10:57.944000-03:00,66,1,2026-09-17T20:47:13.441773-03:00
"Empresas ainda não sabem como medir a produtividade em home office, dizem especialistas",https://g1.globo.com/trabalho-e-carreira/noticia/2025/09/13/empresas-ainda-nao-sabem-como-medir-a-produtividade-em-home-office-dizem-especialistas.ghtml,...Itaú não considera exclusivamente o uso de mouse ou teclado como métricas de aderência digital e respeita diretrizes previstas na LGPD...,2025-09-13T04:01:38.392000-03:00,2025-09-13T10:27:16.463000-03:00,66,2,2026-09-17T20:47:13.441773-03:00
Criminosos roubam carros de turistas e atropelam entregador de gás durante fuga no litoral de SP; VÍDEO,https://g1.globo.com/sp/santos-regiao/noticia/2024/04/19/criminosos-roubam-carros-de-turistas-e-atropelam-entregador-de-gas-durante-fuga-no-litoral-de-sp-video.ghtml,...disse que não pode passar informações sobre o estado de saúde de pacientes por conta da Lei Geral de Proteção de Dados Pessoais (LGPD...,2024-04-19T12:38:52.712000-03:00,2024-04-19T21:33:25.809000-03:00,66,3,2026-09-17T20:47:13.441773-03:00
Nunes afirma que imagens das câmeras de segurança dias antes de Cracolândia ficar vazia foram apagadas,https://g1.globo.com/sp/sao-paulo/noticia/2025/06/18/nunes-afirma-que-imagens-das-cameras-de-seguranca-dias-antes-da-cracolandia-ficar-vazia-nao-foram-preservadas.ghtml,"...Então, a gente não tem dos últimos 30 dias até porque por uma questão de LGDP, essas imagens não ficam armazenadas"", justificou... — ...Vale ressaltar que o prazo de 30 dias também respeita as boas práticas da Lei Geral de Proteção de Dados (LGPD)""...",2025-06-18T11:57:51.773000-03:00,2025-06-18T15:32:38.447000-03:00,66,4,2026-09-17T20:47:13.441773-03:00
Cobrador é esfaqueado por colega de profissão após briga por entrada em porta de desembarque de ônibus em Salvador,https://g1.globo.com/ba/bahia/noticia/2024/06/17/confusao-cobradores-onibus-salvador.ghtml,"...extremamente rigorosos com o responsável, conforme os procedimentos internos e respeitando integralmente a legislação vigente, incluindo a LGPD...",2024-06-17T12:46:44.263000-03:00,2024-06-17T12:50:57.035000-03:00,66,5,2026-09-17T20:47:13.441773-03:00
Meta AI no WhatsApp vai usar seus dados para treinar robôs?,https://g1.globo.com/tecnologia/noticia/2024/10/24/meta-ai-whatsapp-treinamento-robos.ghtml,"...WhatsApp, ao Instagram e ao Facebook Divulgação/Meta O direito de oposição é previsto na Lei Geral de Proteção de Dados Pessoais (LGPD...",2024-10-24T19:19:37.677000-03:00,2024-10-25T09:24:08.289000-03:00,66,6,2026-09-17T20:47:13.441773-03:00
Senac do ES abre 3 mil vagas em cursos a distância de graça,https://g1.globo.com/es/espirito-santo/educacao/noticia/2023/11/28/senac-do-es-abre-3-mil-vagas-em-cursos-a-distancia-de-graca.ghtml,...Ferramentas de Marketing Digital Gestão das Práticas Ambientais em Pequenos Meios de Hospedagem Lei Geral de Proteção de Dados Pessoais (LGPD...,2023-11-28T07:37:57.289000-03:00,2023-11-28T10:23:28.942000-03:00,66,7,2026-09-17T20:47:13.441773-03:00
Aleac é a pior casa legislativa do país em ranking de transparência,https://g1.globo.com/ac/acre/noticia/2024/02/13/aleac-e-a-pior-casa-legislativa-do-pais-em-ranking-de-transparencia.ghtml,"...Transparência Internacional, a Aleac falha na abordagem de temas relacionados a transparência, como a Lei Geral de Proteção de Dados (LGPD...",2024-02-13T10:21:52.657000-03:00,2024-02-13T10:21:53.397000-03:00,66,8,2026-09-17T20:47:13.441773-03:00
Homem de 51 anos é esfaqueado no tórax em São Carlos,https://g1.globo.com/sp/sao-carlos-regiao/noticia/2023/09/04/homem-de-51-anos-e-esfaqueado-no-torax-em-sao-carlos.ghtml,"...Santa Casa, que confirmou a internação do homem, mas não informou o estado de saúde dele por conta da Lei Geral de Proteção de Dados (LGPD...",2023-09-04T10:35:02.140000-03:00,2023-09-04T10:36:09.271000-03:00,66,9,2026-09-17T20:47:13.441773-03:00
Órgão ligado ao governo dá mais 5 dias para Meta informar que parou de usar de dados de usuários para treinar inteligência artificial,https://g1.globo.com/politica/noticia/2024/07/10/orgao-ligado-ao-governo-prorroga-prazo-para-meta-informar-que-parou-de-usar-de-dados-de-usuarios-para-treinar-inteligencia-artificial.ghtml,"...""O que a LGPD [Lei Geral de Proteção de Dados] exige não é o impacto zero, mas, sim, que eventuais impactos sejam minimizados e levados...",2024-07-10T08:02:14.302000-03:00,2024-07-10T08:27:37.881000-03:00,66,10,2026-09-17T20:47:13.441773-03:00
Polícia pede imagens de câmeras para identificar cliente que teria jogado suco em atendente de lanchonete em Porto Alegre,https://g1.globo.com/rs/rio-grande-do-sul/noticia/2024/10/02/policia-pede-imagens-de-cameras-para-identificar-cliente-que-teria-jogado-suco-em-atendente-de-lanchonete-em-porto-alegre.ghtml,"...Esclarecemos que, em conformidade com as disposições da Lei Geral de Proteção de Dados (LGPD), as imagens de segurança não podem ser...",2024-10-02T16:14:09.303000-03:00,2024-10-02T16:14:09.864000-03:00,67,1,2026-09-17T20:47:13.441773-03:00
Pets podem 'tirar' o RG em cidade no interior de SP; veja para que serve documento,https://g1.globo.com/sp/ribeirao-preto-franca/noticia/2024/07/21/pets-podem-tirar-o-rg-em-cidade-no-interior-de-sp-veja-para-que-serve-documento.ghtml,"...Gomes/EPTV De acordo com Belezine, todas as informações abastecem um banco de dados protegido pela Lei Geral de Proteção de Dados (LGPD...",2024-07-21T10:50:13.252000-03:00,2024-07-21T11:19:37.882000-03:00,67,3,2026-09-17T20:47:13.441773-03:00
Confira 5 dicas para manter uma boa reputação da empresa,https://g1.globo.com/empreendedorismo/pegn/noticia/2023/09/10/confira-5-dicas-para-manter-uma-boa-reputacao-da-empresa.ghtml,"...segurança e privacidade dos dados, é preciso lembrar que essas informações devem estar de acordo com a Lei Geral de Proteção de Dados (LGPD...",2023-09-10T07:55:47.765000-03:00,2023-09-10T07:55:48.134000-03:00,67,4,2026-09-17T20:47:13.441773-03:00
"Meninos foram trocados após o nascimento em hospital de Inhumas, denunciam pais",https://g1.globo.com/go/goias/noticia/2024/12/05/bebes-foram-trocados-apos-o-nascimento-em-hospital-de-inhumas-denunciam-pais.ghtml,"...Ainda, por se tratar de um caso sensível que envolve menores de idade, bem como dados protegidos pela Lei Geral de Proteção de Dados (LGPD...",2024-12-05T10:28:08.258000-03:00,2024-12-05T16:11:51.247000-03:00,67,5,2026-09-17T20:47:13.441773-03:00
Recém-nascida morre à espera de transferência hospitalar em Três Passos,https://g1.globo.com/rs/rio-grande-do-sul/noticia/2024/01/08/recem-nascida-morre-a-espera-de-leito-hospitalar-em-uti-no-rs.ghtml,...Estadual de Saúde disse à RBS TV que não poderia divulgar dados específicos a respeito do caso devido à Lei Geral de Proteção de Dados (LGPD...,2024-01-08T16:29:57.255000-03:00,2024-01-08T17:12:32.035000-03:00,67,6,2026-09-17T20:47:13.441773-03:00
Procon quer saber se ataque hacker que pode ter exposto dados de 560 milhões de clientes da Ticketmaster atingiu brasileiros,https://g1.globo.com/sp/sao-paulo/noticia/2024/05/31/procon-quer-saber-se-ataque-hacker-que-pode-ter-exposto-dados-de-560-milhoes-de-clientes-da-ticketmaster-atingiu-brasileiros.ghtml,...da empresa quantos cadastros de brasileiros foram eventualmente atingidos quais os procedimentos da Ticketmaster em relação à LGPD...,2024-05-31T14:54:54.423000-03:00,2024-05-31T14:57:56.112000-03:00,67,7,2026-09-17T20:47:13.441773-03:00
SENAI está com inscrições abertas para diversos cursos profissionalizantes,https://g1.globo.com/ms/mato-grosso-do-sul/videos-bom-dia-regiao/video/senai-esta-com-inscricoes-abertas-para-diversos-cursos-profissionalizantes-9170928.ghtml,"...SENAI inicia 2021 com novos cursos gratuitos sobre LGPD, cibersegurança, soluções digitais e internet das coisas...",2021-01-12T07:00:00-03:00,2021-01-12T10:20:15-03:00,67,8,2026-09-17T20:47:13.441773-03:00
"ANPD viu 'indícios de violação de direitos' em coleta de dados pela empresa Meta, diz diretora",https://g1.globo.com/politica/noticia/2024/07/02/anpd-viu-indicios-de-violacao-de-direitos-em-coleta-de-dados-pela-empresa-meta-diz-diretora.ghtml,"...O primeiro é um descumprimento à Lei Geral de Proteção de Dados Pessoais (LGPD), ao justificar que a utilização dos dados pessoais...",2024-07-02T17:00:47.866000-03:00,2024-07-02T17:19:56.333000-03:00,67,9,2026-09-17T20:47:13.441773-03:00
Justiça Federal concede pensão especial à órfã de vítima de feminicídio no Sertão de PE,https://g1.globo.com/pe/petrolina-regiao/noticia/2024/02/20/justica-federal-concede-pensao-especial-a-orfa-de-vitima-de-feminicidio-no-sertao-de-pe.ghtml,"...Os nomes das partes foram resguardados em cumprimento à Lei n° 13.709/2018 (LGPD), que protege os direitos fundamentais de liberdade...",2024-02-20T18:39:35.871000-03:00,2024-02-20T23:23:07.230000-03:00,67,10,2026-09-17T20:47:13.441773-03:00
Alep volta a divulgar dados no Portal da Transparência,https://g1.globo.com/pr/parana/noticia/2022/08/22/alep-volta-a-divulgar-dados-no-portal-da-transparencia.ghtml,"...semana passada depois de um ato da Mesa Executiva alegar a necessidade de adaptações para cumprir a Lei Geral de Proteção de Dados (LGPD... — ...Em ofício, o tribunal afirma que a LGPD não deve servir como pretexto para impedir o acesso das informações de Agentes Políticos e...",2022-08-22T21:55:44.747000-03:00,2022-08-22T22:03:52.658000-03:00,68,2,2026-09-17T20:47:13.441773-03:00
Tribunal de Contas pede que Alep volte a divulgar dados no Portal da Transparência,https://g1.globo.com/pr/parana/noticia/2022/08/20/tribunal-de-contas-pede-que-alep-volte-a-divulgar-dados-no-portal-da-transparencia.ghtml,"...A justificativa da Alep é a necessidade de adequação à Lei Geral de Proteção de Dados (LGPD)... — ...Em ofício, o tribunal afirma que a LGPD não deve servir como pretexto para impedir o acesso das informações de Agentes Políticos e...",2022-08-20T14:42:01.265000-03:00,2022-08-20T14:45:29.028000-03:00,68,3,2026-09-17T20:47:13.441773-03:00
Shopping centers apostam no ‘figital’ para acompanhar novos hábitos do consumidor no pós-pandemia,https://g1.globo.com/economia/noticia/2022/12/09/shopping-centers-apostam-no-figital-para-acompanhar-novos-habitos-do-consumidor-no-pos-pandemia.ghtml,"...LEIA TAMBÉM: LGPD: o que é, como funciona e os benefícios para a segurança dos dados Black Friday: vendas pela web tombam no Brasil... — ..., completa Lopes, destacando que toda a captura de informações está em linha com as exigências da Lei Geral de Proteção de Dados (LGPD...",2022-12-09T07:00:23.886000-03:00,2023-09-04T13:58:22.622000-03:00,68,4,2026-09-17T20:47:13.441773-03:00
"Bebê que ficou internado em UTI Neonatal é abandonado pela família, diz Conselho Tutelar",https://g1.globo.com/go/goias/noticia/2023/09/25/bebe-e-abandonado-pela-familia-diz-conselho-tutelar.ghtml,...bebê nasceu afirmou não poder passar informações sobre o bebê ou a condição dele devido a Lei Geral de Proteção de Dados Pessoais (LGPD...,2023-09-25T08:30:39.633000-03:00,2023-09-25T08:36:35.068000-03:00,68,5,2026-09-17T20:47:13.441773-03:00
Cachorro morre e motoboy perde a perna em acidente de trânsito no litoral de SP: 'eu quero andar',https://g1.globo.com/sp/santos-regiao/noticia/2024/05/17/cachorro-morre-e-motoboy-perde-a-perna-em-acidente-de-transito-no-litoral-de-sp-eu-quero-andar.ghtml,"...Questionada pelo g1, a unidade de saúde disse não passar informações sobre pacientes em cumprimento a Lei Geral de Proteção de Dados (LGPD...",2024-05-17T19:30:56.709000-03:00,2024-05-17T19:30:57.512000-03:00,68,6,2026-09-17T20:47:13.441773-03:00
"Curitiba usa reconhecimento facial como ferramenta na segurança pública sem ter regulação específica: 'Sociedade de controle', critica especialista",https://g1.globo.com/pr/parana/noticia/2023/10/02/curitiba-usa-reconhecimento-facial-como-ferramenta-na-seguranca-publica-sem-ter-regulacao-especifica-sociedade-de-controle-critica-especialista.ghtml,"...WhatsApp A prefeitura afirma que todo o projeto da Muralha Digital segue rigorosamente a Lei Geral de Proteção de Dados Pessoais (LGPD... — ...""A LGPD não traz especificamente requisitos sobre o uso de uma tecnologia, mas ela se aplica a toda e qualquer tecnologia que trata...",2023-10-02T05:30:57.533000-03:00,2023-10-02T05:30:58.008000-03:00,68,7,2026-09-17T20:47:13.441773-03:00
Mulher morre com suspeita de embolia pulmonar três dias após lipoaspiração em Ribeirão Preto,https://g1.globo.com/sp/ribeirao-preto-franca/noticia/2023/08/28/mulher-morre-com-suspeita-de-embolia-pulmonar-tres-dias-apos-lipoaspiracao-em-ribeirao-preto.ghtml,...administração municipal disse que não poderia falar sobre como foi o atendimento da vítima devido à Lei Geral de Proteção de Dados (LGPD...,2023-08-28T11:46:59.279000-03:00,2023-08-28T15:06:40.033000-03:00,68,8,2026-09-17T20:47:13.441773-03:00
"Cliente suspeita de jogar suco em atendente de lanchonete no RS fica em silêncio durante depoimento e será indiciada, diz delegado",https://g1.globo.com/rs/rio-grande-do-sul/noticia/2024/10/09/cliente-que-teria-jogado-suco-em-atendente-de-lanchonete-no-rs-fica-em-silencio-durante-depoimento-e-sera-indiciada-diz-delegado.ghtml,"...Esclarecemos que, em conformidade com as disposições da Lei Geral de Proteção de Dados (LGPD), as imagens de segurança não podem ser...",2024-10-09T17:13:23.012000-03:00,2024-10-09T17:48:02.640000-03:00,68,9,2026-09-17T20:47:13.441773-03:00
CGU assina acordo com Petrobras para acessar sistema que pretende dar mais transparência a pedidos de informação,https://g1.globo.com/politica/noticia/2023/11/28/cgu-assina-acordo-com-petrobras-para-acessar-sistema-que-pretende-dar-mais-transparencia-a-pedidos-de-informacao.ghtml,"...A iniciativa foi uma decisão da CGU para ajudar os órgãos a se adequarem à Lei Geral de Proteção de Dados (LGPD), que protege informações...",2023-11-28T20:32:05.079000-03:00,2023-11-28T20:32:31.526000-03:00,68,10,2026-09-17T20:47:13.441773-03:00
"Desenvolvido por startup, software de biometria facial inova sistema de entrada em estádio de futebol em SP",https://g1.globo.com/empreendedorismo/pegn/noticia/2023/08/27/desenvolvido-por-startup-software-de-biometria-facial-inova-sistema-de-entrada-em-estadio-de-futebol-em-sp.ghtml,"...E os dados podem ser direcionados para ações de marketing, tudo de acordo com a Lei Geral de Proteção de Dados (LGPD)...",2023-08-27T07:32:27.739000-03:00,2023-08-27T11:49:14.407000-03:00,69,1,2026-09-17T20:47:13.441773-03:00
"Cemig realiza, nesta quarta-feira (14), simulado de evacuação nas proximidades da usina hidrelétrica de Coroaci",https://g1.globo.com/mg/vales-mg/noticia/2024/08/13/cemig-realiza-nesta-quarta-feira-14-simulado-de-evacuacao-nas-proximidades-da-usina-hidreletrica-de-coroaci.ghtml,"...O procedimento segue a Lei Geral de Proteção de Dados (LGPD) e tem objetivo de identificar os moradores e comerciantes da região, além...",2024-08-13T13:59:59.108000-03:00,2024-08-13T13:59:59.648000-03:00,69,2,2026-09-17T20:47:13.441773-03:00
Polícia investiga morte de adolescente por infecção generalizada após queda em jogo de futebol no interior de SP,https://g1.globo.com/sp/sao-jose-do-rio-preto-aracatuba/noticia/2023/10/22/policia-investiga-morte-de-adolescente-por-infeccao-generalizada-apos-queda-em-jogo-de-futebol-no-interior-de-sp.ghtml,...atendimento e o quadro clínico do paciente em obediência ao código de ética na relação médico-paciente e à Lei Geral de Proteção de Dados (LGPD...,2023-10-22T12:46:55.052000-03:00,2023-10-24T13:04:48.779000-03:00,69,3,2026-09-17T20:47:13.441773-03:00
Pacientes com HIV têm dados vazados e sofrem extorsão de golpistas no DF,https://g1.globo.com/df/distrito-federal/noticia/2024/06/19/pacientes-com-hiv-tem-dados-vazados-e-sofrem-extorsao-de-golpistas-no-df.ghtml,"...apurado de acordo com as legislações vigentes no Brasil, principalmente, seguindo os conceitos da Lei Geral de Proteção de Dados (LGPD...",2024-06-19T13:50:14.124000-03:00,2024-06-19T18:04:14.364000-03:00,69,4,2026-09-17T20:47:13.441773-03:00
Motorista de aplicativo é banido de plataforma após mãe de santo denunciar intolerância religiosa,https://g1.globo.com/pb/paraiba/noticia/2024/04/01/motorista-de-aplicativo-e-banido-de-plataforma-apos-mae-de-santo-denunciar-intolerancia-religiosa.ghtml,"...possível informar quando o banimento aconteceu por questões de privacidade, previstos na Lei Geral de Proteção de Dados Pessoais (LGPD...",2024-04-01T17:12:07.677000-03:00,2024-04-01T17:12:08.405000-03:00,69,5,2026-09-17T20:47:13.441773-03:00
"Cursos gratuitos de saúde, estética e marketing são ofertados no AP; veja como participar",https://g1.globo.com/ap/amapa/noticia/2023/07/18/cursos-gratuitos-de-saude-estetica-e-marketing-sao-ofertados-no-ap-veja-como-participar.ghtml,...marketing pessoal e profissional; Direitos da pessoa com autismo e de sua família: os impactos da Lei Geral de Proteção de Dados (LGPD...,2023-07-18T14:51:03.154000-03:00,2023-07-18T14:51:03.788000-03:00,69,7,2026-09-17T20:47:13.441773-03:00
Homem atropelado no torneio leiteiro de Juiz de Fora é transferido para fazer cirurgia,https://g1.globo.com/mg/zona-da-mata/noticia/2023/09/13/homem-atropelado-no-torneio-leiteiro-de-juiz-de-fora-e-transferido-para-fazer-cirurgia.ghtml,"...diretamente com o HMTJ, que disse que não informa o estado de saúde dos pacientes devido à Lei Geral de Proteção de Dados Pessoais (LGPD...",2023-09-13T19:40:39.719000-03:00,2023-09-13T19:45:00.431000-03:00,69,8,2026-09-17T20:47:13.441773-03:00
TSE reduz transparência sobre bens de candidatos; entidades criticam decisão,https://g1.globo.com/politica/eleicoes/noticia/2022/08/02/tse-reduz-transparencia-sobre-bens-de-candidatos-entidades-criticam-decisao.ghtml,"...Ao g1, o TSE informou que retirou as informações com base na Lei Geral de Proteção de Dados (LGPD)... — ...Segundo o TSE, ""a não divulgação dessas informações está em conformidade à Lei Geral de Proteção de Dados (LGPD)""...",2022-08-02T17:12:12.397000-03:00,2022-08-02T17:12:13.583000-03:00,69,9,2026-09-17T20:47:13.441773-03:00
Policial penal é suspeito de estuprar paciente da ala psiquiátrica do HC-UFU,https://g1.globo.com/mg/triangulo-mineiro/noticia/2024/03/15/policial-penal-e-suspeito-de-estuprar-paciente-da-ala-psiquiatrica-do-hc-ufu.ghtml,...adicionais não serão compartilhadas para evitar a identificação e exposição da paciente em cumprimento à Lei Geral de Proteção de Dados (LGPD...,2024-03-15T17:49:21.368000-03:00,2024-03-15T17:50:05.546000-03:00,69,10,2026-09-17T20:47:13.441773-03:00
Governo assina decreto que prevê obrigatoriedade de gravação de treinamentos dos bombeiros e da PM em MT,https://g1.globo.com/mt/mato-grosso/noticia/2024/03/15/governo-assina-decreto-que-preve-obrigatoriedade-de-gravacao-de-treinamentos-dos-bombeiros-e-da-pm-em-mt.ghtml,"...Segundo a proposta, o registro dos treinamentos devem respeitar a Lei Geral de Proteção de Dados Pessoais (LGPD)...",2024-03-15T13:14:15.816000-03:00,2024-03-15T13:16:00.932000-03:00,70,1,2026-09-17T20:47:13.441773-03:00
"Como é fazer entrevista de emprego com uma inteligência artificial: 'Tempo foi otimizado, mas desumaniza'",https://g1.globo.com/trabalho-e-carreira/noticia/2025/10/27/como-e-fazer-entrevista-de-emprego-com-uma-inteligencia-artificial.ghtml,"...candidatos podem solicitar, pela via judicial, acesso aos dados de sua entrevista e avaliação, com base na Lei Geral de Proteção de Dados (LGPD...",2025-10-27T14:37:21.245000-03:00,2025-10-27T14:46:59.214000-03:00,70,2,2026-09-17T20:47:13.441773-03:00
Autoridade de proteção de dados vai fiscalizar farmácias por uso excessivo de CPF e outras informações de clientes,https://g1.globo.com/tecnologia/noticia/2023/05/23/anpd-pressiona-e-farmacias-terao-que-rever-uso-de-cpf-e-outros-dados-de-clientes.ghtml,"...Segundo o órgão, criado com a Lei de Proteção de Dados (LGPD), os estabelecimentos têm repassado essas informações a terceiros sem... — ...""As respostas dos grupos farmacêuticos confundiam conceitos e princípios da Lei Geral de Proteção de Dados (LGPD) e foi possível notar...",2023-05-23T04:01:08.702000-03:00,2023-05-23T14:14:40.633000-03:00,70,3,2026-09-17T20:47:13.441773-03:00
"Réveillon de Balneário Camboriú, que prevê 1 milhão de pessoas, terá drones com reconhecimento facial",https://g1.globo.com/sc/santa-catarina/noticia/2023/12/07/reveillon-de-balneario-camboriu-tera-drones-com-reconhecimento-facial.ghtml,"...programação de Natal e, conforme o tenente-coronel Rafael Vicente, respeita os parâmetros e regramentos da Lei Geral de Proteção de Dados (LGPD...",2023-12-07T16:42:44.375000-03:00,2023-12-07T16:42:45.353000-03:00,70,4,2026-09-17T20:47:13.441773-03:00
"Bebê que ficou internado em UTI Neonatal está em abrigo após ser abandonado pela família, diz Conselho Tutelar",https://g1.globo.com/go/goias/noticia/2023/09/26/bebe-que-ficou-internado-em-uti-neonatal-esta-em-abrigo-apos-ser-abandonado-pela-familia-diz-conselho-tutelar.ghtml,...bebê nasceu afirmou não poder passar informações sobre o ele ou a condição dele devido a Lei Geral de Proteção de Dados Pessoais (LGPD...,2023-09-26T15:57:20.180000-03:00,2023-09-26T15:58:57.788000-03:00,70,5,2026-09-17T20:47:13.441773-03:00
Judiciário altera normas após reportagem do g1 revelar exposição de dados de crianças e adolescentes,https://g1.globo.com/sp/sao-paulo/noticia/2025/12/17/judiciario-altera-normas-apos-reportagem-do-g1-revelar-exposicao-de-dados-de-criancas-e-adolescentes.ghtml,...proteção de dados e com a legislação O Escavador reafirma seu compromisso integral com: a Lei Geral de Proteção de Dados Pessoais (LGPD...,2025-12-17T05:03:44.955000-03:00,2025-12-22T16:35:22.598000-03:00,70,6,2026-09-17T20:47:13.441773-03:00
Justiça concede liberdade a casal preso após fogo deixar menino com 60% do corpo queimado em Sumaré,https://g1.globo.com/sp/campinas-regiao/noticia/2023/08/11/justica-concede-liberdade-a-casal-preso-apos-fogo-deixar-menino-com-60percent-do-corpo-queimado-em-sumare.ghtml,"...atualizar o estado de saúde, mas o hospital disse que ""sem autorização expressa da família, pela Lei Geral de Proteção de Dados (LGPD...",2023-08-11T15:53:33.091000-03:00,2023-08-11T15:53:58.570000-03:00,70,7,2026-09-17T20:47:13.441773-03:00
É #FAKE que aplicativo Celular Seguro é espião que controla aparelhos,https://g1.globo.com/fato-ou-fake/noticia/2024/01/12/e-fake-que-aplicativo-celular-seguro-e-espiao-que-controla-aparelhos.ghtml,...acessa nenhum dado que esteja no telefone do usuário e que o funcionamento do Celular Seguro segue a Lei Geral de Proteção de Dados (LGPD... — ...Steibel explica que todo aplicativo precisa estar de acordo com a lei geral de proteção de dados pessoais (LGPD) e reitera que os...,2024-01-12T04:01:04.895000-03:00,2024-01-12T04:01:05.456000-03:00,70,8,2026-09-17T20:47:13.441773-03:00
Mercado de startups aposta no crescimento do setor de cibersegurança,https://g1.globo.com/empreendedorismo/pegn/video/mercado-de-startups-aposta-no-crescimento-do-setor-de-ciberseguranca-9285848.ghtml,"...A Lei Geral de Proteção de Dados (LGPD) e a digitalização em massa, por conta do coronavírus, fizeram crescer a demanda por serviços...",2021-02-21T08:15:00-03:00,2021-02-21T08:15:26-03:00,70,9,2026-09-17T20:47:13.441773-03:00
Lei Geral de Proteção de Dados: Prefeitura cria comitê para adequações em Barbacena,https://g1.globo.com/mg/zona-da-mata/noticia/2021/08/09/lei-geral-de-protecao-de-dados-prefeitura-cria-comite-para-adequacoes-em-barbacena.ghtml,"...Digital” para realizar as adequações à Lei Geral de Proteção de Dados (LGPD)... — ...A LGPD, que estabelece regras sobre os uso dos dados pessoais dos brasileiros, está em vigor desde setembro de 2020...",2021-08-09T19:06:17.766000-03:00,2021-08-09T19:09:50.415000-03:00,70,10,2026-09-17T20:47:13.441773-03:00
Decon autua 9 farmácias de Fortaleza por descumprir lei do uso de dados de consumidores,https://g1.globo.com/ce/ceara/noticia/2023/07/12/farmacias-fortaleza-descumprir-lei-dados-consumidores.ghtml,"...De acordo com a Lei Geral de Proteção de Dados (LGPD), o consumidor, titular das informações, tem direito ao acesso facilitado às informações...",2023-07-12T06:38:59.435000-03:00,2023-07-12T06:41:52.468000-03:00,71,2,2026-09-17T20:47:13.441773-03:00
Sesi e Senac ofertam 680 vagas em cursos gratuitos de TI e qualificação profissional; veja como participar,https://g1.globo.com/pe/pernambuco/educacao/noticia/2023/11/07/sesi-e-senac-ofertam-680-vagas-em-cursos-gratuitos-de-ti-e-qualificacao-profissional-veja-como-participar.ghtml,"...cada local, os cursos ofertados são os seguintes: Vitória de Santo Antão: Metodologia Ágil; Caruaru: Lei Geral de Proteção de Dados (LGPD...",2023-11-07T19:21:10.643000-03:00,2023-11-12T13:31:50.354000-03:00,71,6,2026-09-17T20:47:13.441773-03:00
5 passos para começar um negócio digital ou levar sua empresa para a internet,https://g1.globo.com/economia/video/5-passos-para-comecar-um-negocio-digital-ou-levar-sua-empresa-para-a-internet-9181709.ghtml,"...Do planejamento aos cuidados com a LGPD, veja dicas de como montar um empreendimento na internet...",2021-01-15T14:51:00-03:00,2021-01-18T20:57:44-03:00,71,7,2026-09-17T20:47:13.441773-03:00
"TCE-RO abre vaga para pesquisador sênior com bolsa de R$ 7,8 mil",https://g1.globo.com/ro/rondonia/noticia/2023/05/30/tce-ro-abre-vaga-para-pesquisador-senior-com-bolsa-de-r-78-mil.ghtml,...Conhecimento intermediário ou avançado na aplicação das diretrizes da Lei Geral de Proteção de Dados Pessoais (LGPD) e das normas ISO...,2023-05-30T14:34:15.972000-03:00,2023-05-30T14:34:16.247000-03:00,71,8,2026-09-17T20:47:13.441773-03:00
Cremers apura conduta de médico investigado por omissão de socorro a paciente idosa que morreu no RS,https://g1.globo.com/rs/rio-grande-do-sul/noticia/2024/06/18/cremers-apura-conduta-de-medico-investigado-por-omissao-de-socorro-a-paciente-idosa-que-morreu-no-rs.ghtml,...disposição para auxiliar com informações e colabora com toda e qualquer investigação seguindo a Lei Geral de Proteção de Dados Pessoas (LGPD...,2024-06-18T16:12:39.118000-03:00,2024-06-18T16:12:39.667000-03:00,71,9,2026-09-17T20:47:13.441773-03:00
ÁUDIO: Médico do Samu é investigado por omissão de socorro a paciente idosa que morreu no RS,https://g1.globo.com/rs/rio-grande-do-sul/noticia/2024/06/18/medico-do-samu-investigado-omissao-de-socorro-rs.ghtml,...disposição para auxiliar com informações e colabora com toda e qualquer investigação seguindo a Lei Geral de Proteção de Dados Pessoas (LGPD...,2024-06-18T12:40:09.763000-03:00,2024-06-18T15:53:20.793000-03:00,71,10,2026-09-17T20:47:13.441773-03:00
Águas do Rio inicia visitas a clientes para negociação de dívidas e atualização de cadastro,https://g1.globo.com/rj/rio-de-janeiro/noticia/2023/06/19/aguas-do-rio-inicia-visitas-a-clientes-para-negociacao-de-dividas-e-atualizacao-de-cadastro.ghtml,...Vale destacar que os dados são resguardados seguindo as diretrizes da Lei Geral de Proteção de Dados Pessoais (LGPD)...,2023-06-19T15:38:52.967000-03:00,2023-06-19T15:47:11.773000-03:00,72,1,2026-09-17T20:47:13.441773-03:00
Brasileiros sofrem uma tentativa de fraude a cada 7 segundos; saiba como se proteger,https://g1.globo.com/tecnologia/noticia/2022/01/26/brasileiros-sofrem-uma-tentativa-de-fraude-a-cada-7-segundo-saiba-como-se-proteger.ghtml,...O que é a Lei Geral de Proteção de Dados (LGPD)? Como descobrir em fraudes em meu nome?... — ...O que é a Lei Geral de Proteção de Dados (LGPD)? VÍDEO: O que é a Lei Geral de Proteção de Dados (LGPD)? 10...,2022-01-26T16:57:54.353000-03:00,2022-01-26T17:15:54.974000-03:00,72,2,2026-09-17T20:47:13.441773-03:00
Luva de Pedreiro comenta polêmica sobre dirigir carro de luxo supostamente sem habilitação: 'Cristiano Ronaldo estava seguro',https://g1.globo.com/ba/bahia/noticia/2023/09/13/luva-de-pedreiro-fala-sobre-carro.ghtml,"...tem habilitação, mas o órgão informou que não pode passar esse tipo de informação devido a Lei Geral de Proteção de Dados Pessoais (LGPD...",2023-09-13T15:48:43.557000-03:00,2023-09-13T16:59:38.992000-03:00,72,4,2026-09-17T20:47:13.441773-03:00
Celular Seguro: ao menos 30% dos usuários não adicionaram nenhum aparelho; veja como cadastrar,https://g1.globo.com/tecnologia/noticia/2023/12/21/celular-seguro-tem-menos-celulares-do-que-usuarios-registrados-veja-como-adicionar-seu-smartphone.ghtml,"...""Todos os dados são protegidos, de acordo com a LGPD [Lei Geral de Proteção de Dados]""...",2023-12-21T17:03:19.371000-03:00,2024-01-20T13:36:22.672000-03:00,72,5,2026-09-17T20:47:13.441773-03:00
Saiba o que usar para destruir dados de etiquetas e embalagens,https://g1.globo.com/guia/guia-de-compras/casa/home-office/saiba-o-que-usar-para-destruir-dados-de-etiquetas-e-embalagens.ghtml,"...A LGPD (Lei Geral de Proteção de Dados) serve para estabelecer padrões sobre quais dados são pessoais ou sensíveis, além de trazer...",2024-04-02T07:00:19.445000-03:00,2024-05-29T11:47:19.769000-03:00,72,6,2026-09-17T20:47:13.441773-03:00
Caso Klara Castanho: o que pode acontecer com profissional de saúde que divulga dados sigilosos,https://g1.globo.com/saude/noticia/2022/06/27/caso-klara-castanho-o-que-pode-acontecer-com-profissional-de-saude-que-divulga-dados-sigilosos.ghtml,"...profissões da área de saúde tem normas próprias sobre o sigilo - quanto um dano moral é um ilícito por parte do hospital quanto à LGPD... — ...Além disso, a instituição também está sujeita a punições relativas à LGPD...",2022-06-27T19:52:37.740000-03:00,2022-06-27T19:54:29.527000-03:00,72,7,2026-09-17T20:47:13.441773-03:00
Lei Geral de Proteção de Dados: o que muda para os cidadãos? Veja perguntas e respostas,https://g1.globo.com/economia/tecnologia/noticia/2020/09/18/lei-geral-de-protecao-de-dados-o-que-muda-para-os-cidadaos-veja-perguntas-e-respostas.ghtml,...LGPD tem objetivo de proteger dados de cidadãos... — ...O que é LGPD?...,2020-09-18T08:44:34.483000-03:00,2021-07-30T14:50:27.014000-03:00,72,9,2026-09-17T20:47:13.441773-03:00
Congresso promulga PEC que transforma proteção de dados pessoais em direito fundamental,https://g1.globo.com/politica/noticia/2022/02/10/congresso-promulga-pec-que-transforma-protecao-de-dados-pessoais-em-direito-fundamental.ghtml,"...Desde setembro de 2020, está em vigor a Lei Geral de Proteção de Dados Pessoais (LGPD), uma norma que estabelece padrões sobre quais... — ...Veja detalhes: VÍDEO: O que é a Lei Geral de Proteção de Dados (LGPD)?...",2022-02-10T15:50:08.943000-03:00,2022-02-10T21:39:15.116000-03:00,72,10,2026-09-17T20:47:13.441773-03:00
"Pais de bebês trocados na maternidade não puderam acompanhar o parto por causa da pandemia, dizem famílias",https://g1.globo.com/go/goias/noticia/2024/12/06/pais-de-bebes-trocados-na-maternidade-nao-puderam-acompanhar-o-parto-por-causa-da-pandemia-dizem-familias.ghtml,"...Ainda, por se tratar de um caso sensível que envolve menores de idade, bem como dados protegidos pela Lei Geral de Proteção de Dados (LGPD...",2024-12-06T01:30:15.664000-03:00,2024-12-06T01:30:16.297000-03:00,73,2,2026-09-17T20:47:13.441773-03:00
Relator do projeto sobre IA mantém reconhecimento facial; votação fica para julho,https://g1.globo.com/politica/noticia/2024/06/19/relator-do-projeto-sobre-inteligencia-mantem-reconhecimento-facial-votacao-fica-para-julho.ghtml,"...Continua a copiar o modelo europeu, mas cria um Frankenstein com a LGPD"", disse o especialista em tecnologia em uma rede social...",2024-06-19T00:00:10.773000-03:00,2024-06-19T07:32:46.960000-03:00,73,3,2026-09-17T20:47:13.441773-03:00
Senac abre 139 vagas em cursos gratuitos de capacitação técnica e qualificação e aperfeiçoamento profissional,https://g1.globo.com/pe/pernambuco/noticia/2022/07/04/senac-abre-139-vagas-em-cursos-gratuitos-de-capacitacao-tecnica-e-qualificacao-e-aperfeicoamento-profissional.ghtml,"...No Recife, são oferecidos os cursos de metodologia ágil, Lei Geral de Proteção de Dados (LGPD) e metodologia Scrum... — ...Veja lista de cursos e vagas Recife Metodologia ágil – 37 vagas Metodologia Scrum – 17 vagas Lei Geral de Proteção de Dados (LGPD)...",2022-07-04T16:05:52.522000-03:00,2022-07-04T16:07:37.006000-03:00,73,4,2026-09-17T20:47:13.441773-03:00
Bebê de 6 meses morre com sinais de violência sexual em Ouro Preto; mãe e pai são presos,https://g1.globo.com/mg/minas-gerais/noticia/2023/07/02/bebe-de-6-meses-morre-com-sinais-de-violencia-sexual-em-ouro-preto-mae-e-padrasto-sao-presos.ghtml,"...com a Santa Casa de Ouro Preto, que afirmou que, respeitando as normativas vigentes a respeito da Lei Geral de Proteção de Dados (LGPD...",2023-07-02T11:42:11.472000-03:00,2023-07-03T09:52:00.589000-03:00,73,5,2026-09-17T20:47:13.441773-03:00
"Entidades do comércio varejista abrem inscrições para cursos de capacitação em Petrópolis, no RJ",https://g1.globo.com/rj/regiao-serrana/noticia/2022/02/05/entidades-do-comercio-varejista-abrem-inscricoes-para-cursos-de-capacitacao-em-petropolis-no-rj.ghtml,"...Durante o projeto, serão abordados temas direcionados para os setores de bens e serviços, como a Lei Geral de Proteção de Dados (LGPD... — ...A LGPD será o tema inicial dos cursos...",2022-02-05T13:03:14.252000-03:00,2022-02-05T13:11:21.242000-03:00,73,6,2026-09-17T20:47:13.441773-03:00
"Em 5 meses, ANPD não aplicou nenhuma sanção em incidentes envolvendo segurança de dados",https://g1.globo.com/politica/noticia/2022/02/06/em-5-meses-anpd-nao-aplicou-nenhuma-sancao-em-incidentes-envolvendo-seguranca-de-dados.ghtml,...LGPD: o que muda para os cidadãos?... — ...A LGPD está em vigor desde 2020 e estabelece regras para a coleta e tratamento de dados pessoais dos brasileiros...,2022-02-06T08:22:47.732000-03:00,2022-02-06T08:22:48.375000-03:00,73,8,2026-09-17T20:47:13.441773-03:00
"'É muito difícil não ter notícia delas', dizem famílias de mineiras presas com cocaína na Itália",https://g1.globo.com/mg/minas-gerais/noticia/2023/09/12/e-muito-dificil-nao-ter-noticia-delas-dizem-familias-de-mineiras-presas-com-cocaina-na-italia.ghtml,"...Em nota, o Itamaraty respondeu que não comentará o caso especificamente em respeito à Lei Geral de Proteção de Dados (LGPD)...",2023-09-12T06:01:07.767000-03:00,2023-09-12T11:10:07.830000-03:00,73,9,2026-09-17T20:47:13.441773-03:00
Mãe tirou foto com filho minutos antes de bebê ser trocado em hospital,https://g1.globo.com/go/goias/noticia/2024/12/07/mae-tirou-foto-com-filho-minutos-antes-de-bebe-ser-trocado-em-hospital.ghtml,"...Ainda, por se tratar de um caso sensível que envolve menores de idade, bem como dados protegidos pela Lei Geral de Proteção de Dados (LGPD...",2024-12-07T04:01:20.124000-03:00,2024-12-07T06:55:05.077000-03:00,74,1,2026-09-17T20:47:13.441773-03:00
Senado aprova PEC que transforma proteção de dados pessoais em direito fundamental,https://g1.globo.com/politica/noticia/2021/10/20/senado-aprova-pec-que-transforma-protecao-de-dados-pessoais-em-direito-fundamental.ghtml,"...Desde setembro de 2020, está em vigor a Lei Geral de Proteção de Dados Pessoais (LGPD), uma norma que estabelece padrões sobre quais... — ...Veja abaixo detalhes sobre a LGPD: VÍDEO: O que é a Lei Geral de Proteção de Dados (LGPD)?...",2021-10-20T18:41:30.756000-03:00,2021-10-20T20:53:23.627000-03:00,74,2,2026-09-17T20:47:13.441773-03:00
Criança é ferida em ataque de cão e tutor do animal é detido em BH,https://g1.globo.com/mg/minas-gerais/noticia/2023/05/21/crianca-e-ferida-em-ataque-de-caes-e-dono-dos-animais-e-detido-em-bh.ghtml,...Hospital Risoleta Tolentino Neves não informa o estado de saúde dos pacientes conforme a Lei Geral de Proteção de Dados Pessoais (LGPD...,2023-05-21T20:38:37.310000-03:00,2023-05-22T14:36:07.615000-03:00,74,3,2026-09-17T20:47:13.441773-03:00
Vazamento de dados: guia para se proteger e tirar dúvidas,https://g1.globo.com/economia/tecnologia/noticia/2021/02/23/vazamento-de-dados-guia-para-se-proteger-e-tirar-duvidas.ghtml,...O que é a Lei Geral de Proteção de Dados (LGPD)? Já posso usar a LGPD para buscar os meus direitos?... — ...O que é a Lei Geral de Proteção de Dados (LGPD)? VÍDEO: O que é a Lei Geral de Proteção de Dados (LGPD)? 8...,2021-02-23T05:01:37.017000-03:00,2021-02-23T05:01:37.375000-03:00,74,4,2026-09-17T20:47:13.441773-03:00
Arcoverde abre inscrições para cursos gratuitos sobre negócios,https://g1.globo.com/pe/caruaru-regiao/noticia/2022/09/27/arcoverde-abre-inscricoes-para-cursos-gratuitos-sobre-negocios.ghtml,"...Serão ofertadas aulas para formação de consultores, introdução a LGPD, acesso ao crédito, economia criativa, empreendedorismo digital...",2022-09-27T10:32:13.328000-03:00,2022-09-27T10:32:13.657000-03:00,74,5,2026-09-17T20:47:13.441773-03:00
Correios de Uberlândia e Uberaba passam a atender aposentados do INSS com descontos indevidos; confira as agências,https://g1.globo.com/mg/triangulo-mineiro/noticia/2025/05/30/correios-de-uberlandia-e-uberaba-passam-a-atender-aposentados-do-inss-com-descontos-indevidos-confira-as-agencias.ghtml,"...gratuito Segundo o governo federal, O atendimento será feito por profissionais treinados, conforme a Lei Geral de Proteção de Dados (LGPD...",2025-05-30T09:43:52.564000-03:00,2025-05-30T13:04:24.021000-03:00,74,6,2026-09-17T20:47:13.441773-03:00
Lei Geral de Proteção de Dados Pessoais é regulamentada pelo Governo de Rondônia,https://g1.globo.com/ro/rondonia/noticia/2021/10/05/lei-geral-de-protecao-de-dados-pessoais-e-regulamentada-pelo-governo-de-rondonia.ghtml,"...Dados Pessoais Altieres Rohr/G1 O Governo de Rondônia regulamentou, em âmbito estadual, a Lei Federal de Proteção de Dados Pessoais (LGPD... — ...comitê gestor de privacidade e proteção de dados pessoais e demais órgãos e entidades para tirar dúvidas e fixar a interpretação da LGPD...",2021-10-05T17:03:05.254000-03:00,2021-10-05T17:03:05.623000-03:00,74,7,2026-09-17T20:47:13.441773-03:00
Alep tira do ar dados do Portal da Transparência,https://g1.globo.com/pr/parana/noticia/2022/08/16/alep-tira-do-ar-dados-do-portal-da-transparencia.ghtml,"...A justificativa é a adequação à Lei Geral de Proteção de Dados (LGPD), que existe desde 2018... — ...""Nós não podemos violar de fato, e nós estávamos violando, reconheço isso, com base na LGPD, os dados pessoais dos parlamentares, então...",2022-08-16T21:38:38.103000-03:00,2022-08-16T21:41:44.026000-03:00,74,8,2026-09-17T20:47:13.441773-03:00
Empresas oferecem mil bolsas de estudo no setor de tecnologia para pessoas em situação de vulnerabilidade econômica,https://g1.globo.com/ba/bahia/noticia/2023/06/06/empresas-oferecem-mil-bolsas-de-estudo-no-setor-de-tecnologia-para-pessoas-em-situacao-de-vulnerabilidade-economica.ghtml,"...O curso também vai trabalhar comunicação escrita e verbal, negociação, Lei Geral de Proteção de Dados Pessoais (lgpd), Linkedin e preparação...",2023-06-06T07:00:28.483000-03:00,2023-06-06T09:54:54.900000-03:00,74,9,2026-09-17T20:47:13.441773-03:00
"Rifles, carabinas e pistolas: arsenal de gerente preso por matar profissional do sexo incluía armas de uso restrito",https://g1.globo.com/sp/campinas-regiao/noticia/2024/03/18/rifles-carabinas-e-pistolas-arsenal-de-gerente-preso-por-matar-profissional-do-sexo-incluia-armas-de-uso-restrito.ghtml,"...""Demais dados solicitados são protegidos pela LGPD"", disse a Força. O g1 também procurou a defesa do gerente e aguarda retorno...",2024-03-18T18:22:07.873000-03:00,2024-03-18T19:11:01.655000-03:00,74,10,2026-09-17T20:47:13.441773-03:00
Crea-MG disponibiliza aplicativo para receber denúncias de obras irregulares em Minas Gerais,https://g1.globo.com/mg/minas-gerais/noticia/2023/03/19/crea-mg-disponibiliza-aplicativo-para-receber-denuncias-de-obras-irregulares-em-minas-gerais.ghtml,...passou por uma reformulação com o aprimoramento da segurança e adequações relacionadas à Lei Geral de Proteção de Dados Pessoais (LGPD...,2023-03-19T06:00:45.499000-03:00,2023-03-19T06:00:45.994000-03:00,75,1,2026-09-17T20:47:13.441773-03:00
Senac e Porto Digital abrem 558 vagas em cursos gratuitos em tecnologia da informação,https://g1.globo.com/pe/pernambuco/educacao/noticia/2023/10/09/senac-e-porto-digital-abrem-558-vagas-em-cursos-gratuitos-em-tecnologia-da-informacao.ghtml,...Caruaru Lei Geral de Proteção de Dados Pessoais (LGPD); Fundamentos de Segurança Cibernética; HTML e CSS – criação de websites...,2023-10-09T12:29:47.344000-03:00,2023-10-09T12:29:47.755000-03:00,75,2,2026-09-17T20:47:13.441773-03:00
Lei Geral de Proteção de Dados: entenda principais pontos da norma e como se preservar,https://g1.globo.com/df/distrito-federal/noticia/2022/04/10/lei-geral-de-protecao-de-dados-entenda-principais-pontos-da-norma-e-como-se-proteger.ghtml,"...do Distrito Federal (TCDF) lançou um site com informações e orientações para os cidadãos sobre a Lei Geral de Proteção de Dados (LGPD... — ...O especialista diz ainda que a LGPD é um passo importante para a população brasileira, ""um avanço civilizacional""...",2022-04-10T08:50:19.750000-03:00,2022-04-10T11:06:32.898000-03:00,75,3,2026-09-17T20:47:13.441773-03:00
Órgãos e entidades acionam Justiça para barrar sistema de reconhecimento facial no Metrô de São Paulo,https://g1.globo.com/sp/sao-paulo/noticia/2022/03/03/orgaos-e-entidades-acionam-justica-para-barrar-sistema-de-reconhecimento-facial-no-metro-de-sao-paulo.ghtml,"...O Metrô informou, por meio de nota, que ""a implantação do sistema atende aos requisitos da Lei Geral de Proteção de Dados (LGPD), e... — ...A implantação do sistema atende aos requisitos da Lei Geral de Proteção de Dados (LGPD)...",2022-03-03T18:48:21.532000-03:00,2022-03-03T19:00:56.290000-03:00,75,4,2026-09-17T20:47:13.441773-03:00
Mulher que aplicou lentes em jovem que sofreu necrose nos dentes fez curso online com 4h de duração,https://g1.globo.com/sp/santos-regiao/mais-saude/noticia/2024/11/09/mulher-que-aplicou-lentes-em-jovem-que-sofreu-necrose-nos-dentes-fez-curso-online-com-4h-de-duracao.ghtml,"...certificado apresentado pela defesa de Andreza é original, a Optical informou que, em conformidade com a Lei Geral de Proteção de Dados (LGPD...",2024-11-09T06:20:50.030000-03:00,2024-11-09T09:51:31.929000-03:00,75,5,2026-09-17T20:47:13.441773-03:00
Open banking: entenda como é feita a autorização para o compartilhamento de dados,https://g1.globo.com/economia/tecnologia/noticia/2021/08/15/open-banking-entenda-como-e-feita-a-autorizacao-para-o-compartilhamento-de-dados.ghtml,"...As instituições precisam seguir as regras da Lei Geral de Proteção de Dados (LGPD), mas existem também uma regulamentação específica... — ...à LGPD O open banking possui suas próprias regras que funcionam como um complemento à LGPD, explicam especialistas ouvidos pelo G1...",2021-08-15T06:00:40.355000-03:00,2021-08-15T06:00:40.771000-03:00,75,6,2026-09-17T20:47:13.441773-03:00
"PIX: quais dados foram vazados, quais os riscos e como se proteger",https://g1.globo.com/economia/pix/noticia/2022/02/03/pix-quais-dados-foram-vazados-quais-os-riscos-e-como-se-proteger.ghtml,"...Por ora, existe a Lei Geral de Proteção de Dados (LGPD), que entrou em vigor em 2020, e tem como objetivo garantir mais segurança e... — ...""Temos punições previstas pela LGPD, mas é preciso observar como esses casos serão tratados pela Autoridade Nacional de Proteção de...",2022-02-03T17:35:43.840000-03:00,2023-10-04T11:33:21.813000-03:00,75,7,2026-09-17T20:47:13.441773-03:00
"Motociclista morre e garupa fica ferido após acidente com trator na MG-060, em Maravilhas",https://g1.globo.com/mg/centro-oeste/noticia/2022/11/29/motociclista-morre-e-passageiro-fica-ferido-apos-acidente-com-trator-na-mg-260-em-maravilhas.ghtml,"...clínico do rapaz, mas o hospital disse que não repassa informações de pacientes internados devido à Lei Geral de Proteção de Dados (LGPD...",2022-11-29T10:53:06.408000-03:00,2022-11-29T11:16:42.298000-03:00,75,8,2026-09-17T20:47:13.441773-03:00
"Maioria dos estados que adota câmeras corporais nas polícias usa gravação ininterrupta, aponta levantamento da USP",https://g1.globo.com/politica/noticia/2024/05/25/maioria-dos-estados-que-adota-cameras-corporais-nas-policias-usa-gravacao-ininterrupta-aponta-levantamento-da-usp.ghtml,"...Ministério Público, o Poder Judiciário e demais órgãos de controle, seguindo as regras estabelecidas pela Lei Geral de Proteção de Dados (LGPD...",2024-05-25T05:01:16.306000-03:00,2024-05-27T16:38:50.095000-03:00,75,9,2026-09-17T20:47:13.441773-03:00
"Luva de Pedreiro ostenta coleção de carros de luxo nas redes sociais: 'Obrigado, meu Deus'",https://g1.globo.com/ba/bahia/noticia/2023/09/15/luva-de-pedreiro-ostenta-coelcao-de-carros-de-luxo-em-publicacao-nas-redes-sociais-obrigado-meu-deus.ghtml,"...tem habilitação, mas o órgão informou que não pode passar esse tipo de informação devido a Lei Geral de Proteção de Dados Pessoais (LGPD...",2023-09-15T06:51:49.138000-03:00,2023-09-15T06:55:39.797000-03:00,76,3,2026-09-17T20:47:13.441773-03:00
Cresce número de empresas em busca de adequação à Lei Geral de Proteção de Dados,https://g1.globo.com/sp/bauru-marilia/videos-tem-noticias-2-edicao/video/cresce-numero-de-empresas-em-busca-de-adequacao-a-lei-geral-de-protecao-de-dados-10467296.ghtml,"...Desde que passou a valer no Brasil, em setembro de 2020, a Lei Geral de Proteção de Dados (LGPD) fez crescer entre as empresas a necessidade...",2022-04-08T19:11:00-03:00,2022-04-08T20:37:22-03:00,76,4,2026-09-17T20:47:13.441773-03:00
Justiça de SP determina que Metrô interrompa implantação de sistema de reconhecimento facial,https://g1.globo.com/sp/sao-paulo/noticia/2022/03/22/justica-de-sp-determina-que-metro-interrompa-implantacao-de-sistema-de-reconhecimento-facial.ghtml,...começou a ser implementado pelo Metrô de São Paulo não atende aos requisitos legais previstos na Lei Geral de Proteção de Dados (LGPD... — ...A implantação do sistema atende aos requisitos da Lei Geral de Proteção de Dados (LGPD)...,2022-03-22T18:37:30.336000-03:00,2022-03-23T11:50:53.861000-03:00,76,6,2026-09-17T20:47:13.441773-03:00
"FGTS Digital, que promete facilitar vida de empregadores, começa a valer nesta sexta; veja o que muda",https://g1.globo.com/economia/noticia/2024/03/01/fgts-digital-que-promete-facilitar-vida-de-empregadores-comeca-a-valer-nesta-sexta-entenda.ghtml,"...da plataforma, que, além das ferramentas existentes, também está regido pelas regras da Lei Geral de Proteção de Dados Pessoais (LGPD...",2024-03-01T12:19:32.477000-03:00,2024-03-01T15:58:50.476000-03:00,76,8,2026-09-17T20:47:13.441773-03:00
Luva de Pedreiro faz desafio de cantor colombiano: 'aqui meus dentes',https://g1.globo.com/ba/bahia/noticia/2023/09/16/luva-de-pedreiro-faz-desafio-de-cantor-colombiano-jogando-e-dancando.ghtml,"...tem habilitação, mas o órgão informou que não pode passar esse tipo de informação devido a Lei Geral de Proteção de Dados Pessoais (LGPD...",2023-09-16T16:39:49.540000-03:00,2023-09-16T19:04:27.820000-03:00,76,9,2026-09-17T20:47:13.441773-03:00
Justiça suspende pregão da Prefeitura de SP que pretende contratar empresa para gerenciar o 'Smart Sampa',https://g1.globo.com/sp/sao-paulo/noticia/2023/05/19/justica-suspende-pregao-da-prefeitura-de-sp-que-pretende-contratar-empresa-para-gerenciar-o-smart-sampa.ghtml,...Sampa terá um conselho de gestão e transparência formado por órgãos para garantir o cumprimento da Lei Geral de Proteção de Dados (LGPD...,2023-05-19T12:58:13.323000-03:00,2023-05-19T12:58:13.638000-03:00,76,10,2026-09-17T20:47:13.441773-03:00
Encontro discute como melhorar industrialização do café e deixar o rótulo mais simples para o consumidor,https://g1.globo.com/go/goias/noticia/2024/04/18/encontro-discute-como-melhorar-industrializacao-do-cafe-e-deixar-o-rotulo-mais-simples-para-o-consumidor.ghtml,...Palestrante: Nathalia Garcia - gerente do Instituto Senai de Tecnologia em Alimentos e Bebidas Das 13h30 as 14h: Palestra sobre LGPD...,2024-04-18T13:29:00.989000-03:00,2024-04-18T17:20:11.605000-03:00,77,1,2026-09-17T20:47:13.441773-03:00
Transformação digital acelera mudanças nas operações logísticas em Santa Catarina,https://g1.globo.com/sc/santa-catarina/move-sc/noticia/2024/09/09/transformacao-digital-mudancas-logistica-santa-catarina.ghtml,"...processar informações de várias fontes, em tempo real, o que pode trazer questionamentos sobre a Lei Geral de Proteção de Dados (LGPD...",2024-09-09T10:17:59.638000-03:00,2024-09-09T10:18:00.043000-03:00,77,3,2026-09-17T20:47:13.441773-03:00
"Inep republica microdados da educação básica em modelo simplificado; mudança compromete análise de desempenho de alunos, diz ex-diretora",https://g1.globo.com/educacao/noticia/2022/04/01/inep-republica-microdados-da-educacao-basica-em-modelo-simplificado-mudanca-compromete-analise-de-desempenho-de-alunos-diz-ex-diretora.ghtml,"...A LGPD é uma lei entrou em vigor em 2020 que rege formas de divulgação de dados para proteger as informações pessoais dos cidadãos... — ...Segundo o especialista, as mudanças aplicadas não são as necessárias para adequar os microdados à LGPD...",2022-04-01T13:44:01.726000-03:00,2022-04-01T13:44:02.719000-03:00,77,4,2026-09-17T20:47:13.441773-03:00
Ultraleve cai na zona rural de Uberlândia e deixa piloto ferido,https://g1.globo.com/mg/triangulo-mineiro/noticia/2022/06/16/ultraleve-cai-na-zona-rural-de-uberlandia-e-deixa-piloto-ferido.ghtml,...A unidade não informa o estado de saúde de pacientes devido à Lei Geral de Proteção de Dados (LGPD)...,2022-06-16T20:11:16.488000-03:00,2022-06-16T20:11:17.207000-03:00,77,6,2026-09-17T20:47:13.441773-03:00
Projeto com criador do ChatGPT para escanear a íris de toda a população mundial gera alerta em autoridades,https://g1.globo.com/tecnologia/noticia/2023/08/09/worldcoin-quer-escanear-a-iris-de-toda-a-populacao-mundial-e-gera-alerta-em-autoridades.ghtml,"...No Brasil, a Autoridade Nacional de Proteção de Dados (ANPD) afirmou que eventuais violações à Lei Geral de Proteção de Dados (LGPD... — ...lançamento da ferramenta, a ANPD avaliará a necessidade de adoção de providências para verificação da conformidade da plataforma com a LGPD...",2023-08-09T05:04:03.412000-03:00,2023-09-21T15:13:34.969000-03:00,77,7,2026-09-17T20:47:13.441773-03:00
Doméstica processa dona de clínica indiciada por homicídio doloso após ter complicações com peeling e achar foto das manchas em site,https://g1.globo.com/rj/rio-de-janeiro/noticia/2024/06/06/domestica-processa-esteticista-indiciada-por-homicidio-doloso-apos-ter-complicacoes-com-peeling-e-achar-foto-das-manchas-em-site.ghtml,"...“Conforme consta do artigo 2º da LGPD [Lei Geral de Proteção de Dados Pessoais], a proteção de dados pessoais tem como fundamentos...",2024-06-06T15:20:54.663000-03:00,2024-06-07T07:12:39.326000-03:00,77,8,2026-09-17T20:47:13.441773-03:00
Raia Drogasil desiste de pedir impressão digital como forma de liberar descontos,https://g1.globo.com/economia/tecnologia/noticia/2021/07/08/raia-drogasil-suspende-coleta-de-impressao-digital-de-clientes.ghtml,"...garantir praticidade e segurança aos consumidores e estava em conformidade com a legislação, como a Lei Geral de Proteção de Dados (LGPD... — ...SAIBA MAIS: Raia Drogasil já havia recebido notificação extrajudicial do Idec LGPD: o que muda para os cidadãos?...",2021-07-08T15:26:08.802000-03:00,2021-07-08T15:49:49.933000-03:00,77,9,2026-09-17T20:47:13.441773-03:00
Disparo de WhatsApp na eleição pode ser punido por nova lei de proteção de dados; TSE diz que ainda não recebeu nenhuma ação,https://g1.globo.com/politica/eleicoes/2020/noticia/2020/10/13/disparo-de-whatsapp-na-eleicao-pode-ser-punido-por-nova-lei-de-protecao-de-dados-tse-diz-que-ainda-nao-recebeu-nenhuma-denuncia.ghtml,"...Entenda como funcionam os disparos em massa LGPD vale nesta eleição Os princípios de proteção de dados da LGPD já devem ser seguidos... — ...""Considero razoável imaginar que em infrações à LGPD, na propaganda eleitoral, a multa prevista na LGPD deva ser aplicada pela Justiça...",2020-10-13T06:47:52.735000-03:00,2020-10-15T15:17:58.489000-03:00,77,10,2026-09-17T20:47:13.441773-03:00
Inep defende decisão de omitir dados de educação e se compromete a facilitar acesso de pesquisadores,https://g1.globo.com/educacao/noticia/2022/02/22/inep-defende-decisao-de-omitir-dados-de-educacao-e-se-compromete-a-facilitar-acesso-de-pesquisadores.ghtml,"...Em nota, o Inep diz a remodelação visa o ""pleno atendimento às exigências previstas na Lei Geral de Proteção de Dados (LGPD)""... — ...Em nota, 32 movimentos e instituições dizem que a justificativa de se adequar à LGPD é ""genérica"" e ""carece de fundamento legal""...",2022-02-22T18:32:26.074000-03:00,2022-02-22T19:01:01.634000-03:00,78,1,2026-09-17T20:47:13.441773-03:00
Prefeitura de SP assina contrato para instalar sistema de reconhecimento facial e prevê 200 câmeras até outubro no Centro contra tráfico de drogas,https://g1.globo.com/sp/sao-paulo/noticia/2023/08/07/prefeitura-de-sp-assina-contrato-para-instalar-sistema-de-reconhecimento-facial-e-preve-200-cameras-ate-outubro-no-centro-contra-trafico-de-drogas.ghtml,...Sampa terá um conselho de gestão e transparência formado por órgãos para garantir o cumprimento da Lei Geral de Proteção de Dados (LGPD...,2023-08-07T04:01:30.774000-03:00,2023-08-07T11:56:52.163000-03:00,78,2,2026-09-17T20:47:13.441773-03:00
Defensoria Pública da União recomenda que Inep publique íntegra dos microdados do Enem 2020,https://g1.globo.com/educacao/noticia/2022/02/22/defensoria-publica-da-uniao-recomenda-que-inep-publique-integra-dos-microdados-do-enem-2020.ghtml,"...Em nota divulgada nesta segunda-feira (22), 32 movimentos e instituições dizem que a justificativa de se adequar à LGPD é ""genérica... — ...não está alinhada às melhores práticas internacionais de avaliação de risco e impacto de publicação de dados previstas na própria LGPD...",2022-02-22T17:56:36.996000-03:00,2022-02-22T18:53:22.802000-03:00,78,4,2026-09-17T20:47:13.441773-03:00
Justiça de SP nega recurso do Metrô e mantém proibida a instalação de câmeras de reconhecimento facial,https://g1.globo.com/sp/sao-paulo/noticia/2022/04/18/justica-de-sp-nega-recurso-do-metro-e-mantem-proibida-a-instalacao-de-cameras-de-reconhecimento-facial.ghtml,"...legalidade desse serviço"" e que ""a contratação do sistema de monitoramento foi feita obedecendo a Lei Geral de Proteção de Dados (LGPD... — ...começou a ser implementado pelo Metrô de São Paulo não atende aos requisitos legais previstos na Lei Geral de Proteção de Dados (LGPD...",2022-04-18T11:24:32.186000-03:00,2022-04-18T11:24:32.836000-03:00,78,5,2026-09-17T20:47:13.441773-03:00
Dupla de 'saidinha' envolvida em troca de tiros com a PM vai voltar para o presídio,https://g1.globo.com/sp/vale-do-paraiba-regiao/noticia/2023/06/14/dupla-de-saidinha-envolvida-em-troca-de-tiros-com-a-pm-vai-voltar-para-o-presidio.ghtml,"...atualizar o estado de saúde do homem, mas o hospital se recusou em fornecer informações devido a Lei Geral de Proteção de Dados (LGPD...",2023-06-14T18:41:44.009000-03:00,2023-06-14T20:28:59.799000-03:00,78,6,2026-09-17T20:47:13.441773-03:00
Lei Geral de Proteção de Dados pode começar a valer nos próximos dias,https://g1.globo.com/jornal-da-globo/video/lei-geral-de-protecao-de-dados-pode-comecar-a-valer-nos-proximos-dias-8811523.ghtml,"...Governo tentou jogar para 2021 o início da LGPD, mas o Senado não topou...",2020-08-27T23:22:50-03:00,2020-08-28T01:29:04-03:00,78,7,2026-09-17T20:47:13.441773-03:00
Vazamento de dados da XP: entenda quais os cuidados necessários para evitar golpes,https://g1.globo.com/economia/educacao-financeira/noticia/2025/04/26/vazamento-de-dados-da-xp-entenda-quais-os-cuidados-necessarios-para-evitar-golpes.ghtml,...A especialista reitera a importância do cumprimento da Lei Geral de Proteção de Dados (LGPD) e das normas da Autoridade Nacional de...,2025-04-26T00:00:27.818000-03:00,2025-04-26T00:00:28.508000-03:00,78,8,2026-09-17T20:47:13.441773-03:00
Governo de SP lança edital para substituir 10 mil câmeras corporais usadas pela PM e adquirir 2 mil novas,https://g1.globo.com/sp/sao-paulo/noticia/2024/05/22/governo-de-sp-lanca-edital-para-substituir-10-mil-cameras-corporais-usadas-pela-pm-e-adquirir-2-mil-novas.ghtml,"...Ministério Público, o Poder Judiciário e demais órgãos de controle, seguindo as regras estabelecidas pela Lei Geral de Proteção de Dados (LGPD...",2024-05-22T08:50:36.635000-03:00,2024-05-22T08:50:37.198000-03:00,78,9,2026-09-17T20:47:13.441773-03:00
"Igualdade salarial: projeto reforça luta das mulheres, mas aplicação será desafio, dizem especialistas",https://g1.globo.com/politica/noticia/2023/03/12/igualdade-salarial-projeto-reforca-luta-das-mulheres-mas-aplicacao-sera-desafio-dizem-especialistas.ghtml,...Dados (LGPD)... — ...A LGPD começou a valer em 2020...,2023-03-12T04:00:22.974000-03:00,2023-03-12T04:00:23.841000-03:00,78,10,2026-09-17T20:47:13.441773-03:00
Raia Drogasil é questionada por coletar impressão digital de clientes para programa de relacionamento,https://g1.globo.com/economia/tecnologia/noticia/2021/06/24/raia-drogasil-e-questionada-por-coletar-impressao-digital-de-clientes-para-programa-de-relacionamento.ghtml,"...O instituto também pediu a interrupção de eventuais atos que descumpram a Lei Geral de Proteção de Dados (LGPD)... — ...Em vigor desde setembro de 2020, a LGPD estabelece regras para o tratamento de dados pessoais e exige que o titular seja informado...",2021-06-24T20:05:43.538000-03:00,2021-06-24T20:17:01.834000-03:00,79,1,2026-09-17T20:47:13.441773-03:00
TSE decide divulgar detalhes sobre bens declarados por candidatos nas eleições deste ano,https://g1.globo.com/politica/eleicoes/2022/noticia/2022/08/18/tse-decide-divulgar-detalhes-sobre-bens-declarados-por-candidatos-nas-eleicoes-deste-ano.ghtml,...divulgação dos dados dos candidatos às diretrizes de proteção de informações pessoais previstas na Lei Geral de Proteção de Dados (LGPD...,2022-08-18T11:22:44.787000-03:00,2023-08-31T16:04:33.852000-03:00,79,2,2026-09-17T20:47:13.441773-03:00
Carro cai em córrego na MG-455 em Uberlândia e casal fica ferido,https://g1.globo.com/mg/triangulo-mineiro/noticia/2022/04/03/carro-cai-em-corrego-na-mg-455-em-uberlandia-e-casal-fica-ferido.ghtml,...A unidade não informa o estado de saúde dos pacientes devido à Lei Geral de Proteção de Dados (LGPD)...,2022-04-03T11:11:48.306000-03:00,2022-04-03T11:11:49.345000-03:00,79,3,2026-09-17T20:47:13.441773-03:00
Câmara de Uberaba cria Comitê de Proteção de Dados Pessoais,https://g1.globo.com/mg/triangulo-mineiro/noticia/2021/10/14/camara-de-uberaba-cria-comite-de-protecao-de-dados-pessoais.ghtml,"...O comitê é responsável pela criação de um Programa de Implantação de Lei Geral de Proteção de Dados (LGPD); apresentação de um Plano... — ...de Ação com ações de curto, médio e longo prazo para o desenvolvimento da política de implantação da LGPD; e deve se articular tecnicamente...",2021-10-14T10:33:29.043000-03:00,2021-10-14T10:33:29.294000-03:00,79,4,2026-09-17T20:47:13.441773-03:00
Dentista cita 'imprudência' de mulher que fez curso online de 4h para aplicar lentes; jovem sofreu necrose,https://g1.globo.com/sp/santos-regiao/mais-saude/noticia/2024/11/10/dentista-cita-imprudencia-de-mulher-que-fez-curso-online-de-4h-para-aplicar-lentes-jovem-sofreu-necrose.ghtml,"...certificado apresentado pela defesa de Andreza é original, a Optical informou que, em conformidade com a Lei Geral de Proteção de Dados (LGPD...",2024-11-10T06:07:34.130000-03:00,2024-11-10T11:58:50.612000-03:00,79,5,2026-09-17T20:47:13.441773-03:00
Câmara aprova projeto que autoriza o poder público a compartilhar dados do Censo Escolar,https://g1.globo.com/politica/noticia/2022/04/19/camara-aprova-projeto-que-autoriza-o-poder-publico-a-compartilhar-dados-do-censo-escolar.ghtml,"...O relator da matéria, deputado Felipe Rigoni (União-ES), decidiu, em seu parecer, não alterar a Lei Geral de Proteção de Dados (LGPD... — ...""Como é sabido, a LGPD é sistema jurídico recente, em pleno processo de consolidação, inclusive nas próprias instituições...",2022-04-19T21:30:06.736000-03:00,2022-04-19T21:39:08.224000-03:00,79,6,2026-09-17T20:47:13.441773-03:00
"Mecânico tem fratura exposta ao ficar com braço preso em carreta após acidente na BR-365, em Uberlândia",https://g1.globo.com/mg/triangulo-mineiro/noticia/2022/05/26/motociclista-tem-fratura-exposta-ao-ficar-com-braco-preso-em-carreta-apos-acidente-na-br-365-em-uberlandia.ghtml,...O hospital não informa o estado de saúde dos pacientes devido à Lei Geral de Proteção de Dados (LGPD)...,2022-05-26T08:44:12.559000-03:00,2022-05-26T09:10:55.335000-03:00,79,8,2026-09-17T20:47:13.441773-03:00
Professora é internada após ser picada por aranha e ficar com pé inchado: 'Um susto',https://g1.globo.com/to/tocantins/noticia/2023/11/24/professora-e-internada-apos-ser-picada-por-aranha-e-ficar-com-pe-inchado-um-susto.ghtml,...referentes ao tratamento de pacientes ou ao estado de internação dos pacientes para terceiros por conta da Lei Geral de Proteção de Dados (LGPD...,2023-11-24T10:13:16.632000-03:00,2023-11-24T11:46:07.561000-03:00,79,9,2026-09-17T20:47:13.441773-03:00
Novo sistema de consulta de multas permite ao morador de Palmas indicar o condutor infrator e apresentar defesa pela internet,https://g1.globo.com/to/tocantins/noticia/2023/02/24/novo-sistema-de-consulta-de-multas-permite-ao-morador-de-palmas-indicar-o-condutor-infrator-e-apresentar-defesa-pela-internet.ghtml,"...Ressaltamos ainda que todas as informações exigidas para fazer o login são protegidas pela Lei de Proteção de Dados (LGPD) ’’, disse...",2023-02-24T12:47:29.492000-03:00,2023-02-24T12:49:35.287000-03:00,79,10,2026-09-17T20:47:13.441773-03:00
Carreta que tombou na BR-050 em Araguari é retirada e trânsito é liberado,https://g1.globo.com/mg/triangulo-mineiro/noticia/2022/04/11/carreta-que-tombou-na-br-050-em-araguari-e-retirada-e-transito-e-liberado.ghtml,...O HC-UFU não informa o estado de saúde dos pacientes devido à Lei Geral de Proteção de Dados (LGPD)...,2022-04-11T08:05:52.346000-03:00,2022-04-11T08:34:17.423000-03:00,80,1,2026-09-17T20:47:13.441773-03:00
Entenda o que a Meta diz sobre a coleta de informações de usuários para treinar IA e saiba passo a passo para desativar,https://g1.globo.com/tecnologia/noticia/2024/06/23/entenda-o-que-a-meta-diz-sobre-a-coleta-de-informacoes-de-usuarios-para-treinar-ia-e-saiba-passo-a-passo-para-evitar.ghtml,"...🏛️ LGPD - Está em vigor no Brasil a Lei Geral de Proteção de Dados, que rege como as empresas podem armazenar, usar e tratar dados...",2024-06-23T17:51:23.021000-03:00,2024-06-24T19:17:29.065000-03:00,80,2,2026-09-17T20:47:13.441773-03:00
Ciclista é atropelada e motorista de caminhonete foge sem prestar socorro em Uberlândia,https://g1.globo.com/mg/triangulo-mineiro/noticia/2022/04/13/ciclista-e-atropelada-e-motorista-de-caminhonete-foge-sem-prestar-socorro-em-uberlandia.ghtml,...A unidade não informa o estado de saúde dos pacientes devido à Lei Geral de Proteção de Dados (LGPD)...,2022-04-13T08:18:04.333000-03:00,2022-04-13T08:18:04.770000-03:00,80,3,2026-09-17T20:47:13.441773-03:00
"Mulher despejada de casa em terreno de prédio abandonado não terá que pagar por demolição e poderá voltar à residência, diz TJPE",https://g1.globo.com/pe/pernambuco/noticia/2024/08/20/mulher-despejada-de-casa-em-terreno-de-predio-abandonado-nao-tera-que-pagar-por-demolicao-e-podera-voltar-a-residencia-diz-tjpe.ghtml,"...respondeu que ""os dados acerca da titularidade de imóveis na cidade são preservados por cumprimento à Lei Geral de Proteção de Dados (LGPD...",2024-08-20T02:00:08.134000-03:00,2024-08-21T22:16:24.489000-03:00,80,4,2026-09-17T20:47:13.441773-03:00
Lei Geral de Proteção de Dados entra em vigor; entenda o que muda,https://g1.globo.com/sp/mogi-das-cruzes-suzano/videos-bom-dia-diario/video/lei-geral-de-protecao-de-dados-entra-em-vigor-entenda-o-que-muda-8951206.ghtml,"...Entre os critérios estabelecidos, LGPD prevê multa de até 2% do faturamento da empresa ou, no máximo, a R$ 50 milhões...",2020-10-19T08:00:00-03:00,2020-10-19T09:17:17-03:00,80,5,2026-09-17T20:47:13.441773-03:00
Preparado para a Lei Geral de Proteção de Dados? Veja como adequar sua empresa,https://g1.globo.com/especial-publicitario/vae/bradesco/noticia/2021/05/11/preparado-para-a-lei-geral-de-protecao-de-dados-veja-como-adequar-sua-empresa.ghtml,"...Shutterstock Se você tem um negócio e está atento às obrigações, deve ter ouvido falar na Lei Geral de Proteção de Dados (LGPD)... — ...Aprovada em agosto de 2018 e vigente desde setembro do ano passado, a LGPD busca garantir a privacidade dos dados pessoais, lista que...",2021-05-11T15:26:38.959000-03:00,2021-05-11T15:26:39.493000-03:00,80,6,2026-09-17T20:47:13.441773-03:00
Cyrela é multada em R$ 10 mil por infração à Lei Geral de Proteção de Dados,https://g1.globo.com/economia/noticia/2020/09/30/cyrela-e-multada-em-r-10-mil-por-infracao-a-lei-geral-de-protecao-de-dados.ghtml,"...de R$ 10 mil por danos morais a um cliente, em uma das primeiras decisões judiciais por infração à Lei Geral de Proteção de Dados (LGPD... — ...Vídeo: Veja mais notícias sobre a LGPD LGPD: Cresce número de especializações em segurança digital...",2020-09-30T20:00:15.018000-03:00,2020-09-30T20:04:29.912000-03:00,80,7,2026-09-17T20:47:13.441773-03:00
Jovem tem fraturas expostas em acidente entre moto e ônibus em Uberlândia,https://g1.globo.com/mg/triangulo-mineiro/noticia/2022/05/28/jovem-tem-fraturas-expostas-em-acidente-entre-moto-e-onibus-em-uberlandia.ghtml,...O hospital não informa o estado de saúde dos pacientes devido à Lei Geral de Proteção de Dados (LGPD)...,2022-05-28T09:30:02.867000-03:00,2022-05-28T09:36:58.995000-03:00,80,8,2026-09-17T20:47:13.441773-03:00
"Cerca de 4% dos estabelecimentos de saúde e 17% dos médicos no Brasil utilizam IA, aponta pesquisa",https://g1.globo.com/saude/noticia/2024/10/11/cerca-de-4percent-dos-estabelecimentos-de-saude-e-17percent-dos-medicos-no-brasil-utilizam-ia-aponta-pesquisa.ghtml,"...Por outro lado, menos da metade dos estabelecimentos de saúde seguem as medidas da Lei Geral de Proteção de Dados Pessoais (LGPD)...",2024-10-11T13:30:14.199000-03:00,2024-10-11T18:04:59.151000-03:00,80,9,2026-09-17T20:47:13.441773-03:00
Dashcams: o que dizem as seguradoras sobre o uso das gravações como prova,https://g1.globo.com/guia/guia-de-compras/tecnologia/seguranca/dashcams-o-que-dizem-as-seguradoras-sobre-o-uso-das-gravacoes-como-prova.ghtml,"...No Brasil, a Lei Geral de Proteção de Dados (LGPD) protege os direitos à privacidade do cidadão, mas, em um contexto jurídico, está...",2024-04-11T07:00:33.743000-03:00,2024-04-11T09:13:53.562000-03:00,81,2,2026-09-17T20:47:13.441773-03:00
"Motociclistas ficam feridos ao colidirem no Bairro Santa Mônica, em Uberlândia",https://g1.globo.com/mg/triangulo-mineiro/noticia/2022/04/11/motociclistas-ficam-feridos-ao-colidirem-no-bairro-santa-monica-em-uberlandia.ghtml,...As unidades de saúde não informam o estado de saúde dos pacientes devido à Lei Geral de Proteção de Dados (LGPD)...,2022-04-11T08:27:57.047000-03:00,2022-04-11T08:27:58.096000-03:00,81,3,2026-09-17T20:47:13.441773-03:00
Lei Geral de Proteção de Dados: Câmara de Juiz de Fora regulamenta aplicação no âmbito do Legislativo,https://g1.globo.com/mg/zona-da-mata/noticia/2021/08/14/lei-geral-de-protecao-de-dados-camara-de-juiz-de-fora-regulamenta-aplicacao-no-ambito-do-legislativo.ghtml,...A Câmara Municipal de Juiz de Fora publicou neste sábado (14) uma regulamentação da aplicação da Lei Geral de Proteção de Dados (LGPD... — ...VÍDEO: O que é a Lei Geral de Proteção de Dados (LGPD)? VÍDEOS: veja tudo sobre a Zona da Mata e Campos das Vertentes...,2021-08-14T19:20:44.903000-03:00,2021-08-14T19:20:45.458000-03:00,81,4,2026-09-17T20:47:13.441773-03:00
Santa Casa de Campo Grande afirma que não pede pagamentos por telefone e alerta: ligação desse tipo é golpe,https://g1.globo.com/ms/mato-grosso-do-sul/noticia/2022/02/02/santa-casa-de-campo-grande-afirma-que-nao-pede-pagamentos-por-telefone-e-alerta-ligacao-desse-tipo-e-golpe.ghtml,"...telefônica solicitando pagamentos, transferências ou depósitos e reitera que segue rigorosamente a Lei Geral de Proteção de Dados (LGPD...",2022-02-02T13:28:36.135000-03:00,2022-02-02T13:28:36.540000-03:00,81,6,2026-09-17T20:47:13.441773-03:00
MP investiga site educacional do governo de SP por suspeita de enviar dados de alunos para empresas de publicidade,https://g1.globo.com/sp/sao-paulo/noticia/2023/08/22/mp-investiga-sites-educacionais-do-governo-de-sp-por-suspeita-de-enviar-dados-de-alunos-para-empresas-de-publicidade.ghtml,"...dia 17 de agosto investigação para identificar se a Secretaria Estadual de Educação infringiu a Lei Geral de Proteção de Dados, a LGPD... — ...Além disso, a Seduc informou que ""são utilizados mecanismos de segurança em conformidade com a LGPD para garantir a privacidade das...",2023-08-22T05:03:23.280000-03:00,2023-08-22T10:31:25.038000-03:00,81,7,2026-09-17T20:47:13.441773-03:00
"A cada 38 horas, uma pessoa LGBTQIA+ morre no Brasil",https://g1.globo.com/globonews/jornal-das-dez/noticia/2024/05/14/a-cada-38-horas-uma-pessoa-lgbtqia-morre-no-brasil-mostra-serie-de-toda-cor.ghtml,"...principalmente com secretarias de segurança pública, apesar de que várias delas se negam, falando que esses dados são sensíveis a LGPD...",2024-05-14T20:14:23.943000-03:00,2024-05-14T21:07:27.497000-03:00,81,8,2026-09-17T20:47:13.441773-03:00
Suspeito de furtar fiação sofre traumatismo craniano ao cair de poste na zona rural de Uberlândia,https://g1.globo.com/mg/triangulo-mineiro/noticia/2022/03/26/suspeito-de-furtar-fiacao-sofre-traumatismo-craniano-ao-cair-de-poste-na-zona-rural-de-uberlandia.ghtml,...A unidade não informa o estado de saúde dos pacientes devido à Lei Geral de Proteção de Dados (LGPD)...,2022-03-26T10:53:59.944000-03:00,2022-03-26T10:54:00.673000-03:00,81,9,2026-09-17T20:47:13.441773-03:00
Registros do Detran vão permitir que 2 milhões de eleitores do RJ votem sem cadastrar biometria,https://g1.globo.com/rj/rio-de-janeiro/eleicoes/2022/noticia/2022/09/16/registros-do-detran-vao-permitir-que-2-milhoes-de-eleitores-do-rj-votem-sem-cadastrar-biometria.ghtml,...O compartilhamento de dados está previsto em resolução do TSE e na Lei Geral de Proteção de Dados (LGPD)...,2022-09-16T17:35:53.594000-03:00,2022-09-16T17:35:53.989000-03:00,81,10,2026-09-17T20:47:13.441773-03:00
"Capotamento deixa motorista e passageira feridos no Bairro Luizote de Freitas, em Uberlândia",https://g1.globo.com/mg/triangulo-mineiro/noticia/2022/04/11/capotamento-deixa-motorista-e-passageira-feridos-no-bairro-luizote-de-freitas-em-uberlandia.ghtml,...A unidade não informa o estado de saúde dos pacientes devido à Lei Geral de Proteção de Dados (LGPD)...,2022-04-11T10:13:51.484000-03:00,2022-04-11T10:13:51.952000-03:00,82,1,2026-09-17T20:47:13.441773-03:00
Jovem denuncia racismo em praça de alimentação de shopping de Mogi,https://g1.globo.com/sp/mogi-das-cruzes-suzano/noticia/2023/02/01/jovem-denuncia-racismo-em-praca-de-alimentacao-de-shopping-de-mogi.ghtml,...notificado judicialmente sobre o caso e não podemos divulgar qualquer informação referente as reclamações registradas via SAC devido a LGPD...,2023-02-01T17:31:25.355000-03:00,2023-02-01T17:31:25.731000-03:00,82,2,2026-09-17T20:47:13.441773-03:00
Governo do Paraná torna sigilosos documentos da Secretaria de Educação por cinco anos,https://g1.globo.com/pr/parana/noticia/2024/06/07/governo-do-parana-torna-sigilosos-documentos-da-secretaria-de-educacao-por-cinco-anos.ghtml,...A divulgação do material foi questionada por supostamente desrespeitar a Lei Geral de Proteção de Dados Pessoais (LGPD)...,2024-06-07T20:27:50.158000-03:00,2024-06-10T09:41:33.299000-03:00,82,3,2026-09-17T20:47:13.441773-03:00
"Professores e pais de alunos relatam instalação sem autorização de app 'Minha Escola', da secretaria da Educação de SP: 'Apareceu do nada'",https://g1.globo.com/sp/sao-paulo/noticia/2023/08/09/professores-e-pais-de-alunos-relatam-instalacao-sem-autorizacao-de-app-minha-escola-da-secretaria-de-educacao-de-sp-apareceu-do-nada.ghtml,"...""A princípio é uma violação a LGPD pois não houve consentimento, nem qualquer base legal para a instalação do app"", diz... — ...""Me questiono se a LGPD é aplicada na Seduc...",2023-08-09T13:23:47.387000-03:00,2023-08-10T07:41:19.017000-03:00,82,4,2026-09-17T20:47:13.441773-03:00
"Após denúncias de fraude, etapa do concurso da Assembleia Legislativa do Maranhão é anulada",https://g1.globo.com/ma/maranhao/noticia/2022/06/20/apos-denuncias-de-fraudes-etapa-do-concurso-da-assembleia-legislativa-do-maranhao-e-anulado.ghtml,"...denúncias de falhas de execução, fiscalização e segurança na aplicação da prova objetiva, bem como pela correta interpretação sobre a LGPD...",2022-06-20T19:25:58.103000-03:00,2022-07-22T18:36:24.619000-03:00,82,5,2026-09-17T20:47:13.441773-03:00
Lei com diretrizes para instalação de câmeras em escolas de Nova Serrana é sancionada; entenda,https://g1.globo.com/mg/centro-oeste/noticia/2022/06/06/lei-com-diretrizes-para-instalacao-de-cameras-em-escolas-de-nova-serrana-e-sancionada-entenda.ghtml,...O protocolo de permissão e fornecimento será estabelecido com base nas regras da Lei Geral de Proteção de Dados (LGPD)...,2022-06-06T09:28:38.392000-03:00,2022-06-06T09:28:38.848000-03:00,82,9,2026-09-17T20:47:13.441773-03:00
Justiça suspende liminar e Prefeitura de SP retoma pregão para contratar sistema de reconhecimento facial,https://g1.globo.com/sp/sao-paulo/noticia/2023/05/23/justica-suspende-liminar-e-prefeitura-de-sp-retoma-pregao-para-contratar-sistema-de-reconhecimento-facial.ghtml,...Sampa terá um conselho de gestão e transparência formado por órgãos para garantir o cumprimento da Lei Geral de Proteção de Dados (LGPD...,2023-05-23T11:00:24.747000-03:00,2023-05-23T11:00:25.058000-03:00,82,10,2026-09-17T20:47:13.441773-03:00
É #FAKE mensagem que fala que aviso de privacidade do WhatsApp instala vírus no celular,https://g1.globo.com/fato-ou-fake/noticia/2020/08/25/e-fake-mensagem-que-fala-que-aviso-de-privacidade-do-whatsapp-instala-virus-no-celular.ghtml,"...""O WhatsApp não está notificando seus usuários sobre a LGPD por meio de mensagens diretas... — ...É importante que os usuários no Brasil fiquem atentos caso recebam uma comunicação sobre a LGPD em forma de mensagem de um número de...",2020-08-25T19:19:38.758000-03:00,2020-08-26T14:39:59.316000-03:00,83,1,2026-09-17T20:47:13.441773-03:00
Medida Provisória adia Lei Geral de Proteção de Dados para 2021,https://g1.globo.com/economia/tecnologia/noticia/2020/04/29/medida-provisoria-adia-lei-geral-de-protecao-de-dados-para-2021.ghtml,"...do presidente Jair Bolsonaro publicada nesta quarta-feira (29) no Diário Oficial da União adiou a Lei Geral de Proteção de Dados (LGPD... — ...Dados deve impor mudança cultural nas empresas brasileiras No início de abril, o Senado já havia aprovado um projeto que adiava a LGPD...",2020-04-29T19:49:01.070000-03:00,2020-04-30T16:31:13.184000-03:00,83,3,2026-09-17T20:47:13.441773-03:00
Coronavírus: governo pode usar dados de celulares para localizar aglomeração de pessoas,https://g1.globo.com/bemestar/coronavirus/noticia/2020/04/02/coronavirus-governo-pode-usar-dados-de-celulares-para-localizar-aglomeracao-de-pessoas.ghtml,"...Especialistas alertam, ainda, para um novo adiamento da LGPD diante da atual situação... — ...“Usar as diretrizes da LGPD é uma boa ideia. O Marco Civil e a Constituição dão essa linha...",2020-04-02T15:58:26.424000-03:00,2020-04-02T19:27:19.818000-03:00,83,4,2026-09-17T20:47:13.441773-03:00
Inscrições para 500 vagas em cursos de qualificação encerram nesta quinta em Caçapava,https://g1.globo.com/sp/vale-do-paraiba-regiao/noticia/2021/11/18/inscricoes-para-500-vagas-em-cursos-profissionalizantes-encerram-nesta-quinta-em-cacapava.ghtml,"...Os cursos online oferecidos são: Desvendando a Indústria 4.0, Veículos Elétricos e híbridos, Privacidade e Proteção de Dados (LGPD)...",2021-11-18T09:55:20.626000-03:00,2021-11-18T10:33:43.366000-03:00,83,5,2026-09-17T20:47:13.441773-03:00
Autor de homicídio tentado é preso pouco depois do crime em Uberlândia,https://g1.globo.com/mg/triangulo-mineiro/noticia/2022/03/26/autor-de-homicidio-tentado-e-preso-poucos-depois-do-crime-em-uberlandia.ghtml,"...Universidade Federal de Uberlândia (HC-UFU), que não informa o estado de saúde dos pacientes devido à Lei Geral de Proteção de Dados (LGPD...",2022-03-26T17:35:58.952000-03:00,2022-03-26T19:30:16.045000-03:00,83,6,2026-09-17T20:47:13.441773-03:00
Inep segura há pelo menos dois meses divulgação pública dos microdados do Enem 2020,https://g1.globo.com/educacao/noticia/2021/11/09/inep-segura-ha-pelo-menos-dois-meses-divulgacao-publica-dos-microdados-do-enem-2020.ghtml,...adequação quanto à forma de disponibilização dos seus dados no site” para atender aos dispositivos da Lei Geral de Proteção de Dados (LGPD... — ...A LGPD é a nova lei que rege formas de divulgação de dados para proteger as informações pessoais dos cidadãos...,2021-11-09T01:43:03.009000-03:00,2021-11-09T03:48:56.591000-03:00,83,7,2026-09-17T20:47:13.441773-03:00
Senac oferece quase 10 mil vagas para cursos de graça em várias cidades de Goiás; veja lista,https://g1.globo.com/go/goias/noticia/2024/01/15/senac-oferece-quase-10-mil-vagas-para-cursos-de-graca-em-varias-cidades-de-goias-veja-lista.ghtml,...Terapia Intensiva Fotografia Comercial com o Celular Instagram e Facebook – Anúncios Estratégicos Lei Geral de Proteção de Dados (LGPD...,2024-01-15T06:00:22.464000-03:00,2024-01-15T11:33:06.638000-03:00,83,9,2026-09-17T20:47:13.441773-03:00
"Após instalar app em massa sem autorização, Secretaria da Educação de SP diz que vai apurar caso e cita 'falha'",https://g1.globo.com/sp/sao-paulo/noticia/2023/08/09/apos-instalar-app-em-massa-sem-autorizacao-secretaria-da-educacao-de-sp-diz-que-vai-apurar-caso-e-cita-falha.ghtml,"...""A princípio é uma violação da LGPD, pois não houve consentimento, nem qualquer base legal para a instalação do app"", diz... — ...""Me questiono se a LGPD é aplicada na Seduc...",2023-08-09T18:14:23.192000-03:00,2023-08-10T07:40:30.066000-03:00,83,10,2026-09-17T20:47:13.441773-03:00
Mulher morre após ser esfaqueada pelo ex em Prata; atual namorado também foi atingido,https://g1.globo.com/mg/triangulo-mineiro/noticia/2022/05/05/mulher-morre-apos-ser-esfaqueada-pelo-ex-em-prata-atual-namorado-tambem-foi-atingido.ghtml,"...o jovem não foi possível saber o estado de saúde, pois a unidade não divulga informações devido à Lei Geral de Proteção de Dados (LGPD...",2022-05-05T16:37:50.176000-03:00,2022-05-05T16:39:05.559000-03:00,84,1,2026-09-17T20:47:13.441773-03:00
WhatsApp desiste de limitar funções de contas que não aceitarem nova política de privacidade,https://g1.globo.com/economia/tecnologia/noticia/2021/05/31/whatsapp-desiste-de-limitar-funcoes-de-contas-que-nao-aceitarem-nova-politica-de-privacidade.ghtml,"...dos titulares de dados pessoais, que foram definidos pela Lei Geral de Proteção de Dados (LGPD), em vigor desde setembro passado... — ...""Na LGPD, a pessoa poder dizer se aceita ou não cada um dos muitos tipos de tratamento dos dados...",2021-05-31T11:02:52.675000-03:00,2021-06-11T17:30:48.274000-03:00,84,2,2026-09-17T20:47:13.441773-03:00
"VÍDEO: motorista atropela ciclista, bate em poste e foge do local sem prestar socorro em Uberlândia",https://g1.globo.com/mg/triangulo-mineiro/noticia/2022/05/09/motorista-atropela-ciclista-e-bate-em-poste-no-bairro-shopping-park-em-uberlandia.ghtml,"...da vítima, mas por não saber o nome da ciclista e o HC-UFU não fornecer informações por causa da Lei Geral de Proteção de Dados (LGPD...",2022-05-09T08:56:03.298000-03:00,2022-05-09T11:08:43.066000-03:00,84,3,2026-09-17T20:47:13.441773-03:00
Homem fica ferido após ser esfaqueado em Uberlândia,https://g1.globo.com/mg/triangulo-mineiro/noticia/2021/12/17/homem-fica-ferido-apos-ser-esfaqueado-em-uberlandia.ghtml,"...paciente segue internado na unidade, porém, o hospital não informa mais a situação da vítima, devido à Lei Geral de Proteção de Dados (LGPD...",2021-12-17T11:28:32.010000-03:00,2021-12-17T11:43:19.835000-03:00,84,4,2026-09-17T20:47:13.441773-03:00
Trabalhador fica ferido durante manuseio de máquina agrícola em Bambuí,https://g1.globo.com/mg/centro-oeste/noticia/2022/07/15/trabalhador-fica-ferido-durante-manuseio-de-maquina-agricola-em-bambui.ghtml,"...Hospital João XXIII informou que não repassa informações sobre o quadro clínico de pacientes, devido à Lei Geral de Proteção de Dados (LGPD...",2022-07-15T17:17:05.744000-03:00,2022-07-15T17:17:06.314000-03:00,84,5,2026-09-17T20:47:13.441773-03:00
WhatsApp não vai bloquear funções para quem não aceitar a nova política nos primeiros 3 meses,https://g1.globo.com/economia/tecnologia/noticia/2021/05/14/whatsapp-nao-vai-bloquear-app-para-quem-nao-aceitar-a-nova-politica-nos-primeiros-3-meses-diz-anpd.ghtml,"...Risco de desrespeito à LGPD As autoridades brasileiras indicaram que os novos termos do WhatsApp poderiam representar violações aos... — ...""Na LGPD, a pessoa poder dizer se aceita ou não cada um dos muitos tipos de tratamento dos dados...",2021-05-14T13:29:43.867000-03:00,2021-05-14T17:20:45.902000-03:00,84,6,2026-09-17T20:47:13.441773-03:00
Concessionária Águas do Rio oferece desconto na conta para quem fizer cadastro digital,https://g1.globo.com/rj/rio-de-janeiro/noticia/2022/08/12/concessionaria-aguas-do-rio-oferece-desconto-na-conta-para-quem-fizer-cadastro-digital.ghtml,...Todos os dados coletados estarão resguardados seguindo as diretrizes da Lei Geral de Proteção de Dados Pessoais (LGPD)...,2022-08-12T10:53:25.515000-03:00,2022-08-12T11:44:12.267000-03:00,84,7,2026-09-17T20:47:13.441773-03:00
ÁUDIO: Polícia investiga tentativa de golpe com dados de pacientes internados no Hospital Regional em Paranaguá,https://g1.globo.com/pr/parana/noticia/2022/08/30/audio-policia-investiga-tentativa-de-golpe-com-dados-de-pacientes-internados-no-hospital-regional-em-paranagua.ghtml,"...instituição que armazene informações sensíveis, precisam estar adequados ao que determinar a Lei Geral de Proteção de Dados Pessoais (LGPD... — ...""Os hospitais, como qualquer outra organização, precisam passar por um processo de adequação à LGPD...",2022-08-30T09:59:20.205000-03:00,2022-08-30T11:31:07.295000-03:00,84,8,2026-09-17T20:47:13.441773-03:00
Educadores e estudantes de SP protestam contra aulas 'vigiadas' por diretores e pedem volta de livros impressos,https://g1.globo.com/sp/sao-paulo/noticia/2023/08/16/educadores-e-estudantes-de-sp-protestam-contra-aulas-vigiadas-por-diretores-e-pedem-volta-de-livros-impressos.ghtml,"...“A SEDUC violou a Lei Geral de Proteção de Dados (LGPD)”, afirmavam os manifestantes...",2023-08-16T20:13:08.388000-03:00,2023-08-16T20:13:31.379000-03:00,84,9,2026-09-17T20:47:13.441773-03:00
Falso médico aplica golpe em irmão de mulher internada em hospital no litoral de SP: 'me senti um idiota'; FOTOS,https://g1.globo.com/sp/santos-regiao/noticia/2023/09/01/falso-medico-aplica-golpe-em-irmao-de-mulher-internada-em-hospital-no-litoral-de-sp-me-senti-um-idiota-fotos.ghtml,"...Conforme a Lei Geral de Proteção de Dados (LGPD), o HSA explicou que os profissionais não são autorizados a transmitir informações...",2023-09-01T05:11:43.391000-03:00,2023-09-01T14:26:37.736000-03:00,84,10,2026-09-17T20:47:13.441773-03:00
Brasileiros pagos para escanear a íris enfrentam dificuldades com aplicativo do projeto: 'Perdi a conta e o dinheiro',https://g1.globo.com/tecnologia/noticia/2025/02/13/brasileiros-pagos-para-escanear-a-iris-enfrentam-dificuldades-com-aplicativo-do-projeto-perdi-a-conta-e-o-dinheiro.ghtml,"...World apresentasse um encarregado pelo tratamento de dados pessoais no Brasil, conforme exigido pela Lei Geral de Proteção de Dados (LGPD...",2025-02-13T02:00:20.750000-03:00,2025-02-14T08:30:52.984000-03:00,85,1,2026-09-17T20:47:13.441773-03:00
Prefeitura de Mogi abre consulta pública online sobre possível implementação de mototáxi na cidade,https://g1.globo.com/sp/mogi-das-cruzes-suzano/noticia/2022/09/14/prefeitura-de-mogi-abre-consulta-publica-online-sobre-possivel-implementacao-de-mototaxi-na-cidade.ghtml,"...Para atender aos direitos assegurados pela Lei Geral de Proteção de Dados (LGPD), a administração do município informou que os dados...",2022-09-14T20:52:12.087000-03:00,2022-09-14T20:52:12.451000-03:00,85,2,2026-09-17T20:47:13.441773-03:00
Júri de PM acusado de matar 2 em show em Piracicaba é cancelado pela 4ª vez após 'bate-boca' no plenário,https://g1.globo.com/sp/piracicaba-regiao/noticia/2024/09/19/juri-de-policial-acusado-de-matar-2-em-show-em-piracicaba-e-cancelado-em-piracicaba.ghtml,"...Justiça afirmou que: ""O júri não se realizou em razão de insistência da defesa do réu em desrespeitar decisão judicial que, com base na LGPD...",2024-09-19T12:39:54.716000-03:00,2024-09-23T15:01:43.207000-03:00,85,3,2026-09-17T20:47:13.441773-03:00
Guararema oferece nove cursos gratuitos de capacitação e geração de emprego e renda,https://g1.globo.com/sp/mogi-das-cruzes-suzano/concursos-e-emprego/noticia/2023/02/22/guararema-oferece-nove-cursos-gratuitos-de-capacitacao-e-geracao-de-emprego-e-renda.ghtml,...comprovante de residência e carteira de vacinação da Covid-19 e também assinar o termo de Lei Geral de Proteção de Dados Pessoais (LGPD...,2023-02-22T15:52:35.749000-03:00,2023-02-22T15:52:36.058000-03:00,85,4,2026-09-17T20:47:13.441773-03:00
WhatsApp inicia nova política de privacidade neste sábado; veja o que muda,https://g1.globo.com/economia/tecnologia/noticia/2021/05/15/whatsapp-inicia-nova-politica-de-privacidade-neste-sabado-veja-o-que-muda.ghtml,"...foi combinado com autoridades brasileiras, que investigam se as mudanças estão em desacordo com a Lei Geral de Proteção de Dados (LGPD... — ...""Na LGPD, a pessoa poder dizer se aceita ou não cada um dos muitos tipos de tratamento dos dados...",2021-05-15T00:01:36.340000-03:00,2021-06-11T17:44:15.945000-03:00,85,5,2026-09-17T20:47:13.441773-03:00
"Luva de Pedreiro e Távila Gomes curtem hotel em Barcelona; influenciador posa em carro de luxo avaliado em R$ 3,5 milhões",https://g1.globo.com/ba/bahia/noticia/2023/09/20/luva-de-pedreiro-e-tavila-gomes-curtem-hotel-em-barcelona-influenciador-posa-em-carro-de-luxo.ghtml,"...tem habilitação, mas o órgão informou que não pode passar esse tipo de informação devido a Lei Geral de Proteção de Dados Pessoais (LGPD...",2023-09-20T07:56:00.558000-03:00,2023-09-20T08:37:23.046000-03:00,85,6,2026-09-17T20:47:13.441773-03:00
Avó de menino morto por suspeita de envenenamento na Grande SP pede justiça: 'Nem que custe meu último dia de vida',https://g1.globo.com/sp/mogi-das-cruzes-suzano/noticia/2024/11/07/avo-de-menino-morto-por-suspeita-de-envenenamento-na-grande-sp-pede-justica-nem-que-custe-meu-ultimo-dia-de-vida.ghtml,"...Por nota, a assessoria do hospital informou que ""Infelizmente, devido à LGPD, estamos impossiblitados de fornecer informações sobre...",2024-11-07T10:27:03.780000-03:00,2024-11-07T14:37:11.817000-03:00,85,7,2026-09-17T20:47:13.441773-03:00
Site falso vendia ingressos para shows da Taylor Swift no Brasil; veja como se proteger,https://g1.globo.com/tecnologia/noticia/2023/06/21/site-falso-vendia-ingressos-para-shows-da-taylor-swift-no-brasil-veja-como-se-proteger.ghtml,"...No caso da Taylor, o criminoso clonou a frente (home) do portal da Tickets For Fun, mas não em profundidade: havia um link para a LGPD...",2023-06-21T04:01:13.353000-03:00,2023-11-01T15:25:31.107000-03:00,85,8,2026-09-17T20:47:13.441773-03:00
Senai oferece cursos de qualificação profissional à distância; veja opções,https://g1.globo.com/sp/bauru-marilia/noticia/2023/05/18/senai-oferece-cursos-de-qualificacao-profissional-a-distancia-veja-as-opcoes.ghtml,...Privacidade e proteção de dados (LGPD) Conheça as principais diretrizes da lei geral de proteção de dados...,2023-05-18T08:25:32.134000-03:00,2023-05-18T18:39:09.353000-03:00,85,9,2026-09-17T20:47:13.441773-03:00
WhatsApp deve atualizar política de privacidade no Brasil após pedidos de órgãos públicos,https://g1.globo.com/economia/tecnologia/noticia/2021/08/24/whatsapp-deve-atualizar-politica-de-privacidade-no-brasil-apos-pedidos-de-orgaos-publicos.ghtml,"...dos titulares de dados pessoais, que foram definidos pela Lei Geral de Proteção de Dados (LGPD), em vigor desde setembro passado... — ...""Na LGPD, a pessoa poder dizer se aceita ou não cada um dos muitos tipos de tratamento dos dados...",2021-08-24T14:49:11.632000-03:00,2021-08-24T15:02:43.626000-03:00,85,10,2026-09-17T20:47:13.441773-03:00
Seu eletrodoméstico 'inteligente' pode te espionar? Veja como se proteger,https://g1.globo.com/tecnologia/noticia/2025/02/04/eletrodomestico-inteligente-hackeado-veja-como-se-proteger.ghtml,...O órgão foi criado em 2018 e tem como função a fiscalização do cumprimento da Lei Geral de Proteção de Dados (LGPD) no país...,2025-02-04T03:00:32.514000-03:00,2025-02-04T03:00:33.023000-03:00,86,2,2026-09-17T20:47:13.441773-03:00
Cabo do Corpo de Bombeiros que morreu em acidente na BR-369 é enterrado após família autorizar doação de órgãos,https://g1.globo.com/pr/norte-noroeste/noticia/2022/08/24/cabo-do-corpo-de-bombeiros-que-morreu-em-acidente-na-br-369-e-enterrado.ghtml,"...A Central de Transplantes informou que, por causa da Lei Geral de Proteção de Dados (LGPD), não pode informar quais órgãos e nem pra...",2022-08-24T14:40:11.434000-03:00,2022-08-24T14:56:25.655000-03:00,86,3,2026-09-17T20:47:13.441773-03:00
Documentos sigilosos da Educação: veja perguntas e respostas sobre a decisão do Governo do Paraná,https://g1.globo.com/pr/parana/noticia/2024/06/10/documentos-sigilosos-da-educacao-veja-perguntas-e-respostas-sobre-a-decisao-do-governo-do-parana.ghtml,...A divulgação do material foi questionada por supostamente desrespeitar a Lei Geral de Proteção de Dados Pessoais (LGPD)...,2024-06-10T14:56:31.333000-03:00,2024-06-10T15:44:45.150000-03:00,86,4,2026-09-17T20:47:13.441773-03:00
Acidente entre dois caminhões em Uberlândia deixa jovem com graves ferimentos,https://g1.globo.com/mg/triangulo-mineiro/noticia/2022/03/24/acidente-entre-dois-caminhoes-em-uberlandia-deixa-jovem-com-graves-ferimentos.ghtml,"...Devido à questão da Lei Geral de Proteção de Dados (LGPD), a unidade não informa boletins sobre o estado de saúde dos pacientes, mas...",2022-03-24T11:34:45.931000-03:00,2022-03-24T14:08:09.290000-03:00,86,5,2026-09-17T20:47:13.441773-03:00
Trabalhador é obrigado a gravar vídeos para o TikTok da empresa? Entenda o que diz a lei,https://g1.globo.com/trabalho-e-carreira/noticia/2024/01/09/entenda-se-o-trabalhador-e-obrigado-a-gravar-videos-para-o-tiktok-da-empresa.ghtml,"...Na decisão, o juiz Fabrício Lima Silva, da Vara do Trabalho de Teófilo Otoni, citou a Lei Geral de Proteção de Dados Pessoais (LGPD...",2024-01-09T05:02:20.921000-03:00,2024-01-09T10:30:02.963000-03:00,86,6,2026-09-17T20:47:13.441773-03:00
McDonald's diz que dados de clientes no Brasil foram acessados sem autorização após 'incidente',https://g1.globo.com/tecnologia/noticia/2022/04/19/mcdonalds-diz-que-dados-de-clientes-no-brasil-tiveram-acesso-nao-autorizado.ghtml,...Este último endereço de e-mail faz referência à Lei de Proteção de Dados (LGPD)...,2022-04-19T17:25:07.256000-03:00,2022-04-19T17:50:36.534000-03:00,86,8,2026-09-17T20:47:13.441773-03:00
'O que é cringe' e 'como puxar assunto com o crush': veja assuntos mais buscados no Google por internautas do DF em 2021,https://g1.globo.com/df/distrito-federal/noticia/2022/02/06/o-que-e-cringe-e-como-puxar-assunto-com-o-crush-veja-assuntos-mais-buscados-no-google-por-internautas-do-df-em-2021.ghtml,"...em Brasília Metaverso o que é O que comer antes do treino Imunossuprimidos o que é O que é arte Ecmo o que é O que significa tbt LGPD... — ...–, quando a oxigenação do paciente é feita por uma membrana fora do corpo (o mesmo tipo de terapia usada no ator Paulo Gustavo), LGPD...",2022-02-06T08:43:24.138000-03:00,2022-02-06T08:43:24.716000-03:00,86,9,2026-09-17T20:47:13.441773-03:00
Inovação: startups maranhenses investem em Inteligência Artificial para criar soluções tecnológicas de desenvolvimento regional,https://g1.globo.com/ma/maranhao/noticia/2025/06/08/inovacao-startups-maranhenses-investem-em-inteligencia-artificial-para-criar-solucoes-tecnologicas-de-desenvolvimento-regional.ghtml,"...dados anônimos e interpretativos, sempre com consentimento e respeitando as diretrizes da Lei Geral de Proteção de Dados Pessoais (LGPD...",2025-06-08T23:46:16.280000-03:00,2025-08-20T13:47:13.693000-03:00,86,10,2026-09-17T20:47:13.441773-03:00
Instituto Helena Antipoff inaugura revitalização da sede em Divinópolis,https://g1.globo.com/mg/centro-oeste/noticia/2022/04/30/instituto-helena-antipoff-inaugura-revitalizacao-da-sede-em-divinopolis.ghtml,"...funcionários e iniciou o processo de digitalização dos prontuários, conforme as orientações da Lei Geral de Proteção de Dados Pessoais (LGPD...",2022-04-30T18:16:36.906000-03:00,2022-04-30T18:16:37.492000-03:00,87,1,2026-09-17T20:47:13.441773-03:00
Serviços on-line da Prefeitura do Rio afetados por ataque hacker permanecem fora do ar,https://g1.globo.com/rj/rio-de-janeiro/noticia/2022/08/16/servicos-on-line-da-prefeitura-do-rio-afetados-por-ataque-hacker-permanecem-fora-do-ar.ghtml,"...Mesmo depois da LGPD [Lei Geral de Proteção de Dados], nossos dados estão mais em risco que nunca"", diz Wanderley Abreu Jr, especialista...",2022-08-16T06:37:45.512000-03:00,2022-08-16T13:37:46.728000-03:00,87,2,2026-09-17T20:47:13.441773-03:00
"Luva de Pedreiro e Tavila Gomes desmentem fim de namoro; 'Tudo o que eu faço estou errado', reclama influenciador",https://g1.globo.com/ba/bahia/noticia/2023/09/17/luva-de-pedreiro-e-tavila-gomes-desmentem-fim-de-namoro-tudo-o-que-eu-faco-eu-estou-errado-reclama-influenciador.ghtml,"...tem habilitação, mas o órgão informou que não pode passar esse tipo de informação devido a Lei Geral de Proteção de Dados Pessoais (LGPD...",2023-09-17T21:31:38.622000-03:00,2023-09-17T21:47:54.996000-03:00,87,3,2026-09-17T20:47:13.441773-03:00
Luva de Pedreiro brinca com jogador do Barcelona em estádio europeu: 'vem para o Vasco',https://g1.globo.com/ba/bahia/noticia/2023/09/23/luva-de-pedreiro-brinca-com-jogador-em-barcelona.ghtml,"...tem habilitação, mas o órgão informou que não pode passar esse tipo de informação devido a Lei Geral de Proteção de Dados Pessoais (LGPD...",2023-09-23T16:31:05.019000-03:00,2023-09-23T17:13:40.557000-03:00,87,4,2026-09-17T20:47:13.441773-03:00
Empresas alegam falhas e favorecimento e pedem suspensão de pregão para novas câmeras corporais da PM de SP,https://g1.globo.com/sp/sao-paulo/noticia/2024/07/15/empresas-alegam-falhas-e-favorecimento-e-pedem-suspensao-de-pregao-para-novas-cameras-corporais-da-pm-de-sp.ghtml,"...Ministério Público, o Poder Judiciário e demais órgãos de controle, seguindo as regras estabelecidas pela Lei Geral de Proteção de Dados (LGPD...",2024-07-15T05:02:32.270000-03:00,2024-07-15T19:09:11.502000-03:00,87,5,2026-09-17T20:47:13.441773-03:00
"Em meio à apuração de 'fura-filas', São Carlos decide aplicar 2ª dose da vacina em 495 investigados",https://g1.globo.com/sp/sao-carlos-regiao/noticia/2021/03/04/em-meio-a-apuracao-de-fura-filas-sao-carlos-decide-aplicar-2a-dose-da-vacina-em-495-investigados.ghtml,"...nomes Segundo a Secretaria de Estado da Saúde, a divulgação de nomes de vacinados fere a Lei Geral de Proteção de Dados Pessoais (LGPD... — ...já emitiu decisões contrárias à publicação de listas contendo os registros nominais dos vacinados, considerando as diretrizes da LGPD...",2021-03-04T06:33:11.776000-03:00,2021-03-04T09:59:06.515000-03:00,87,6,2026-09-17T20:47:13.441773-03:00
'Não existe sigilo de cem anos': especialista explica como medida da Lei de Acesso à Informação foi deturpada no governo Bolsonaro,https://g1.globo.com/podcast/o-assunto/noticia/2022/12/13/nao-existe-sigilo-de-cem-anos-especialista-explica-como-medida-da-lei-de-acesso-a-informacao-foi-deturpada-no-governo-bolsonaro.ghtml,...O que acontece é que muito antes da LGPD (Lei Geral de Proteção de Dados) a LAI (Lei de Acesso à Informação) já previa a proteção de...,2022-12-13T05:00:23.983000-03:00,2022-12-13T19:26:21.561000-03:00,87,7,2026-09-17T20:47:13.441773-03:00
"Em meio à apuração de 'fura-fila', São Carlos impede aplicação de 2ª dose da CoronaVac em 495 pessoas",https://g1.globo.com/sp/sao-carlos-regiao/noticia/2021/03/03/sao-carlos-impede-495-pessoas-com-nome-investigado-na-lista-de-vacinas-de-tomar-a-2a-dose-da-coronavac.ghtml,"...nomes Segundo a Secretaria de Estado da Saúde, a divulgação de nomes de vacinados fere a Lei Geral de Proteção de Dados Pessoais (LGPD... — ...já emitiu decisões contrárias à publicação de listas contendo os registros nominais dos vacinados, considerando as diretrizes da LGPD...",2021-03-03T06:56:14.635000-03:00,2021-03-03T19:01:21.997000-03:00,87,8,2026-09-17T20:47:13.441773-03:00
RPC: veja as informações adicionais das reportagens do dia 10/10/2022,https://g1.globo.com/pr/parana/informacoes-adicionais-dos-telejornais/noticia/2022/10/10/rpc-veja-as-informacoes-adicionais-das-reportagens-do-dia-10102022.ghtml,"...Nesta edição, os temas abrangem metaverso, web 3.0, mídias digitais, LGPD, Nova Lei de Licitações, o mercado de trabalho na área de...",2022-10-10T07:13:16.574000-03:00,2022-10-10T12:03:39.887000-03:00,87,9,2026-09-17T20:47:13.441773-03:00
Evento em Manaus apresenta requisitos e desafios para implantação da Lei Geral de Proteção de Dados,https://g1.globo.com/am/amazonas/noticia/2019/11/13/evento-em-manaus-apresenta-requisitos-e-desafios-para-implantacao-da-lei-geral-de-protecao-de-dados.ghtml,"...Para discutir as mudanças que entrarão em vigor, o evento terá debates sobre a aplicação da LGPD no setor público e o privado e sobre... — ...Motor da Amazônia Ltda. 16h a 16h30: O procedimento do Procon Amazonas diante da LGPD – Maurílio Brasil, do Procon-AM 16h30 a 17h:...",2019-11-13T22:30:44.033000-03:00,2019-11-13T22:30:44.393000-03:00,87,10,2026-09-17T20:47:13.441773-03:00
"Novo adiamento da lei de dados gera incerteza jurídica e mantém problema da falta de órgão regulador, dizem especialistas",https://g1.globo.com/economia/tecnologia/noticia/2020/04/30/novo-adiamento-da-lei-de-dados-gera-incerteza-juridica-e-mantem-problema-da-falta-de-orgao-regulador-dizem-especialistas.ghtml,"..., com diferentes vigências para aspectos distintos da LGPD... — ...O que a LGPD estabelece?...",2020-04-30T17:14:14.475000-03:00,2020-05-01T21:02:44.912000-03:00,88,1,2026-09-17T20:47:13.441773-03:00
'Acesso não autorizado': entenda o termo usado por empresas em casos de suspeitas de ataque hacker,https://g1.globo.com/tecnologia/noticia/2022/06/24/acesso-nao-autorizado-entenda-o-termo-usado-por-empresas-em-casos-de-suspeitas-de-ataque-hacker.ghtml,"...LGPD: o que lei de proteção de dados muda na sua vida Ransomware: como o vírus é usado em extorsões e saiba como se proteger O g1 pediu... — ...A escassez de detalhes por parte das empresas também tem relação com a forma como a Lei Geral de Proteção de Dados (LGPD) funciona,...",2022-06-24T06:00:28.308000-03:00,2022-06-24T06:00:28.950000-03:00,88,2,2026-09-17T20:47:13.441773-03:00
Comissão de juristas envia à Câmara projeto sobre proteção de dados de crimes e investigações,https://g1.globo.com/politica/noticia/2020/11/05/comissao-de-juristas-envia-a-camara-projeto-sobre-protecao-de-dados-de-crimes-e-investigacoes.ghtml,"...Nacional de Proteção de Dados (ANPD), órgão responsável por fiscalizar e editar normas previstas na Lei Geral de Proteção de Dados (LGPD... — ...A Câmara é que irá definir se mantém a mesma autoridade da LGPD ou não”, afirmou Cordeiro...",2020-11-05T16:35:50.720000-03:00,2020-11-05T18:36:24.586000-03:00,88,3,2026-09-17T20:47:13.441773-03:00
Open banking: entenda o que é e como funciona,https://g1.globo.com/economia/open-banking/noticia/2021/08/14/open-banking-entenda-o-que-e-e-como-funciona.ghtml,"...O BC exige que, com base na Lei Geral de Proteção de Dados (LGPD), que os dados e seu tratamento deve estar limitado unicamente às...",2021-08-14T05:00:39.970000-03:00,2023-10-04T12:07:55.692000-03:00,88,4,2026-09-17T20:47:13.441773-03:00
Estudantes novos na rede municipal em Petrópolis devem se cadastrar para ter gratuidade no transporte público,https://g1.globo.com/rj/regiao-serrana/noticia/2023/02/01/estudantes-novos-na-rede-municipal-em-petropolis-devem-se-cadastrar-para-ter-gratuidade-no-transporte-publico.ghtml,"...O documento está em conformidade com a Lei n° 13.709 – Lei Geral de Proteção de Dados Pessoais (LGPD), que permite o tratamento dos...",2023-02-01T11:49:04.841000-03:00,2023-02-01T11:49:05.193000-03:00,88,5,2026-09-17T20:47:13.441773-03:00
"Aplicativo do TSE recebe denúncias sobre irregularidades em campanhas eleitorais; Arujá, Mogi, Poá e Itaquaquecetuba registram queixas",https://g1.globo.com/sp/mogi-das-cruzes-suzano/noticia/2022/08/30/aplicativo-do-tse-recebe-denuncias-sobre-irregularidades-em-campanhas-eleitorais-aruja-mogi-e-poa-registram-queixas.ghtml,"...a acessibilidade para o usuário e assegurar o sigilo das informações do eleitor, conforme prevê a Lei Geral de Proteção de Dados (LGPD...",2022-08-30T08:31:59.204000-03:00,2022-08-30T09:54:12.567000-03:00,88,6,2026-09-17T20:47:13.441773-03:00
MPF cobra Inep na Justiça para retomar divulgação de dados sobre raça e renda no Enem,https://g1.globo.com/politica/noticia/2022/05/05/mpf-cobra-inep-na-justica-para-retomar-divulgacao-de-dados-sobre-raca-e-renda-no-enem.ghtml,"...na administração pública, por força de disposição constitucional, e o sigilo é a exceção, e que a Lei Geral de Proteção de Dados (LGPD...",2022-05-05T10:23:59.031000-03:00,2022-05-05T12:22:13.236000-03:00,88,7,2026-09-17T20:47:13.441773-03:00
"Prefeitura divulga nome de moradores com diagnóstico positivo de Covid-19 na internet, no Paraná",https://g1.globo.com/pr/campos-gerais-sul/noticia/2021/06/15/prefeitura-divulga-nome-de-moradores-com-diagnostico-positivo-de-covid-19-na-internet-no-parana.ghtml,"...Para o especialista em Lei Geral de Proteção de Dados (LGPD) Gabriel Hayduk, a medida fere ""o princípio da necessidade"" e também expõe... — ...informações sobre estado de saúde, ""consideradas dados sensíveis pela LGPD""...",2021-06-15T15:46:31.750000-03:00,2021-06-15T16:40:35.998000-03:00,88,8,2026-09-17T20:47:13.441773-03:00
Justiça determina que instituto forneça dados sobre comercialização de agrotóxicos em MT,https://g1.globo.com/mt/mato-grosso/noticia/2022/06/03/justica-determina-que-instituto-forneca-dados-sobre-comercializacao-de-agrotoxicos-em-mt.ghtml,"...produtores rurais, técnicos agrícolas e fabricantes/registrantes estariam protegidos pela Lei Geral de Proteção de Dados Pessoais (LGPD...",2022-06-03T17:26:12.783000-03:00,2022-06-03T17:26:13.278000-03:00,88,9,2026-09-17T20:47:13.441773-03:00
Ciclo de debates do Tribunal de Contas do Estado orienta autoridades públicas em Presidente Prudente,https://g1.globo.com/sp/presidente-prudente-regiao/noticia/2022/05/10/ciclo-de-debates-do-tribunal-de-contas-do-estado-orienta-autoridades-publicas-em-presidente-prudente.ghtml,"...públicos sobre temas relacionados à nova lei de licitações (lei n° 14.143/2021), ao terceiro setor e à Lei Geral de Proteção de Dados (LGPD...",2022-05-10T20:32:18.288000-03:00,2022-05-10T20:32:19.008000-03:00,88,10,2026-09-17T20:47:13.441773-03:00
"Veja como estudantes podem comprar meia passagem de ônibus em Ribeirão Preto, SP",https://g1.globo.com/sp/ribeirao-preto-franca/noticia/2023/01/16/veja-como-estudantes-podem-comprar-meia-passagem-de-onibus-em-ribeirao-preto-sp.ghtml,"...Consentimento: seja para estudantes maiores ou menores de 18 anos, conforme a Lei nº 13.709/2018 Lei Geral de Proteção de dados Pessoais (LGPD...",2023-01-16T06:52:13.958000-03:00,2023-01-16T06:52:14.283000-03:00,89,1,2026-09-17T20:47:13.441773-03:00
Jovem fica gravemente ferido após batida de frente com carro que fugia da PM em Uberlândia,https://g1.globo.com/mg/triangulo-mineiro/noticia/2021/12/17/jovem-fica-gravemente-ferido-apos-batida-de-frente-com-carro-que-fugia-da-pm-em-uberlandia.ghtml,"...Porém, em relação ao estado de saúde, o HC-UFU não informa mais a situação da vítima, devido à Lei Geral de Proteção de Dados (LGPD...",2021-12-17T09:45:54.450000-03:00,2021-12-17T10:29:04.481000-03:00,89,2,2026-09-17T20:47:13.441773-03:00
Facebook no Brasil é condenado a pagar R$ 44 mil para irmãos vítimas do 'golpe do perfil falso no Whatsapp',https://g1.globo.com/df/distrito-federal/noticia/2021/10/19/facebook-no-brasil-e-condenado-a-pagar-r-44-mil-para-irmaos-vitimas-do-golpe-do-perfil-falso-no-whatsapp.ghtml,"...Decisão baseada na LGPD No processo, a magistrada lembrou que ""dados em mãos erradas podem causar grandes prejuízos"" e disse que o... — ...caso se encaixa no artigo no artigo 42 da Lei Geral e Proteção de Dados (LGPD), que está em vigor desde setembro de 2020...",2021-10-19T13:00:34.926000-03:00,2021-10-20T12:53:51.750000-03:00,89,3,2026-09-17T20:47:13.441773-03:00
Homem atinge outro com golpe de faca na Avenida Rondon Pacheco em Uberlândia,https://g1.globo.com/mg/triangulo-mineiro/noticia/2022/05/09/homem-atinge-outro-com-golpe-de-faca-na-avenida-rondon-pacheco-em-uberlandia.ghtml,"...possível saber se ainda estava na unidade de saúde, que também não informa estado de saúde devido à Lei Geral de Proteção de Dados (LGPD...",2022-05-09T10:01:11.179000-03:00,2022-05-09T10:01:12.615000-03:00,89,4,2026-09-17T20:47:13.441773-03:00
Faculdade de Piracicaba promove painéis online sobre direito e a tecnologia,https://g1.globo.com/sp/piracicaba-regiao/noticia/2021/08/13/faculdade-de-piracicaba-promove-paineis-online-sobre-direito-e-a-tecnologia.ghtml,"...aproximar os participantes de temas tecnológicos que também são aplicadas a área do Direito, como a Lei Geral de Proteção de Dados (LGPD...",2021-08-13T15:35:16.704000-03:00,2021-08-13T15:35:17.144000-03:00,89,5,2026-09-17T20:47:13.441773-03:00
É #FAKE que aplicativo e-título do TSE é vírus espião,https://g1.globo.com/fato-ou-fake/noticia/2022/04/13/e-fake-que-aplicativo-e-titulo-do-tse-e-virus-espiao.ghtml,...Todas as solicitações cumprem as diretrizes da Lei Geral de Proteção de Dados (LGPD)...,2022-04-13T11:53:53.688000-03:00,2022-05-25T16:36:18.057000-03:00,89,7,2026-09-17T20:47:13.441773-03:00
Lei Geral de Proteção de Dados entra em vigor nesta sexta,https://g1.globo.com/politica/noticia/2020/09/18/bolsonaro-sanciona-a-lei-geral-de-protecao-de-dados.ghtml,"...A Lei Geral de Proteção de Dados (LGPD) começar a vigorar a partir desta sexta-feira (18)... — ...A LGPD é um dispositivo — inspirado em um modelo europeu — que estabelece padrões sobre quais dados são pessoais ou sensíveis, além...",2020-09-18T08:38:12.719000-03:00,2020-09-18T12:35:51.822000-03:00,89,8,2026-09-17T20:47:13.441773-03:00
Quatro homens morrem após troca de tiros e PM é baleado em colete em São Carlos,https://g1.globo.com/sp/sao-carlos-regiao/noticia/2022/10/12/troca-de-tiros-em-sao-carlos-deixa-um-pm-baleado-e-4-suspeitos-mortos.ghtml,...Segurança Pública (SSP) informou que não fornece dados pessoais de envolvidos em ocorrências devido à Lei Geral de Proteção de Dados (LGPD...,2022-10-12T08:17:13.133000-03:00,2022-10-13T14:22:29.959000-03:00,89,10,2026-09-17T20:47:13.441773-03:00
Santa Isabel é a única cidade do Alto Tietê a divulgar os dados completos de vacinados contra a Covid-19,https://g1.globo.com/sp/mogi-das-cruzes-suzano/noticia/2021/04/30/santa-isabel-e-a-unica-cidade-do-alto-tiete-a-divulgar-os-dados-completos-de-vacinados-contra-a-covid-19.ghtml,"...Segundo a Prefeitura, por razões éticas e em conformidade com a Lei Geral de Proteção de Dados (LGPD), os nomes dos imunizados não... — ...Suzano A Prefeitura de Suzano esclarece que, por razões éticas e em conformidade com a Lei Geral de Proteção de Dados Pessoais – LGPD...",2021-04-30T07:46:56.166000-03:00,2021-04-30T07:46:56.472000-03:00,90,2,2026-09-17T20:47:13.441773-03:00
Abertas inscrições para cursos profissionalizantes do Sest Senat Petrolina,https://g1.globo.com/pe/petrolina-regiao/noticia/2021/09/06/abertas-inscricoes-para-cursos-profissionalizantes-do-sest-senat-petrolina.ghtml,...eletricidade; informática básica; oratória 2; assistente de administração de pessoal; NR 35- segurança trabalho em altura; excel básico; LGPD...,2021-09-06T19:02:12.255000-03:00,2021-09-06T19:02:12.493000-03:00,90,3,2026-09-17T20:47:13.441773-03:00
Guararema disponibiliza lista semanal com informações sobre a vacinação no município,https://g1.globo.com/sp/mogi-das-cruzes-suzano/noticia/2021/02/17/guararema-disponibiliza-lista-semanal-com-informacoes-sobre-a-vacinacao-no-municipio.ghtml,"...Por razões éticas e em conformidade com a Lei Geral de Proteção de Dados (LGPD), os nomes dos imunizados não são expostos...",2021-02-17T12:23:07.720000-03:00,2021-02-17T12:23:07.999000-03:00,90,4,2026-09-17T20:47:13.441773-03:00
"Censo 2022 já ouviu mais de 2,8 milhões de pessoas no Paraná; saiba como identificar recenseador",https://g1.globo.com/pr/parana/noticia/2022/08/30/censo-2022-ja-ouviu-mais-de-28-milhoes-de-pessoas-no-parana-saiba-como-identificar-recenseador.ghtml,"...Porém, o superintendente reforça que a Lei Geral de Proteção de Dados (LGPD) e regulamentações do próprio IBGE protegem as informações...",2022-08-30T21:44:49.049000-03:00,2022-08-30T21:45:42.485000-03:00,90,5,2026-09-17T20:47:13.441773-03:00
Veja dicas de leitura para empreender,https://g1.globo.com/sc/santa-catarina/techsc/noticia/2021/05/09/veja-dicas-de-leitura-para-empreender.ghtml,...A primeira sugestão de leitura é o livro LGPD – Lei geral de proteção de dados: sua empresa está protegida?...,2021-05-09T07:46:35.199000-03:00,2021-05-09T11:54:34.026000-03:00,90,6,2026-09-17T20:47:13.441773-03:00
Correção: Lei Geral de Proteção de Dados nas eleições,https://g1.globo.com/politica/eleicoes/2020/noticia/2020/10/13/correcao-lei-geral-de-protecao-de-dados-nas-eleicoes.ghtml,...nenhuma denúncia havia sido enviada ao Tribunal Superior Eleitoral (TSE) sobre descumprimento da Lei Geral de Proteção de Dados (LGPD...,2020-10-13T13:06:32.585000-03:00,2020-10-13T13:07:48.166000-03:00,90,7,2026-09-17T20:47:13.441773-03:00
Médico denuncia Conselho de Medicina por consulta sobre vacina contra Covid em criança,https://g1.globo.com/ce/ceara/noticia/2024/01/17/medico-denuncia-conselho-de-medicina-por-consulta-sobre-vacina-contra-covid-em-crianca.ghtml,"...Ou seja, há uma quebra de sigilo muito grave, ferindo preceitos éticos e a própria LGPD"", destaca...",2024-01-17T12:25:06.908000-03:00,2024-01-17T12:25:23.720000-03:00,90,8,2026-09-17T20:47:13.441773-03:00
Investimento em tecnologia é fundamental para proteção de dados nos negócios,https://g1.globo.com/empreendedorismo/pegn/noticia/2022/03/06/investimento-em-tecnologia-e-fundamental-para-protecao-de-dados-nos-negocios.ghtml,"...responsabilidade e não investirem suficiente em tecnologia, e os dados vazarem, elas podem sofrer consequências penais e jurídicas por causa da LGPD...",2022-03-06T07:43:46.704000-03:00,2022-03-06T07:43:47.453000-03:00,90,9,2026-09-17T20:47:13.441773-03:00
Autoridade Nacional de Proteção de Dados diz que investigará vazamento de informações de brasileiros,https://g1.globo.com/politica/noticia/2021/02/11/autoridade-nacional-de-protecao-de-dados-diz-que-investigara-vazamento-de-informacoes-de-brasileiros.ghtml,...O ANPD é responsável por fiscalizar e editar normas previstas na Lei Geral de Proteção de Dados (LGPD)... — ...- A ANPD atuará de forma diligente em relação a eventuais violações à Lei 13.709/2018 (Lei Geral de Proteção de Dados Pessoais – LGPD...,2021-02-11T11:39:30.878000-03:00,2021-02-11T21:42:59.507000-03:00,90,10,2026-09-17T20:47:13.441773-03:00
Câmara aprova MP que adia para dezembro vigência da Lei Geral de Proteção de Dados,https://g1.globo.com/politica/noticia/2020/08/25/camara-aprova-mp-que-adia-para-dezembro-vigencia-da-lei-geral-de-protecao-de-dados.ghtml,...provisória (MP) que adia de 14 de agosto para 31 de dezembro deste ano a entrada em vigor de trechos da Lei Geral de Proteção de Dados (LGPD... — ...A LGPD é uma legislação — inspirada no modelo europeu (chamado GDPR) — que estabelece padrões sobre quais dados são pessoais ou sensíveis...,2020-08-25T20:03:11.338000-03:00,2020-08-26T15:17:55.378000-03:00,91,2,2026-09-17T20:47:13.441773-03:00
"Após instalação indevida de app, alunos e professores de SP relatam novos problemas; Tarcísio diz que 'vamos ter que apurar e superar'",https://g1.globo.com/sp/sao-paulo/noticia/2023/08/10/apos-instalacao-indevida-de-app-alunos-e-professores-de-sp-relatam-novos-problemas-tarcisio-diz-que-vamos-ter-que-apurar-e-superar.ghtml,"...""A princípio é uma violação da LGPD, pois não houve consentimento, nem qualquer base legal para a instalação do app"", diz... — ...""Me questiono se a LGPD é aplicada na Seduc...",2023-08-10T20:03:00.654000-03:00,2023-08-10T20:03:01.327000-03:00,91,3,2026-09-17T20:47:13.441773-03:00
"84% das empresas têm dificuldade para contratar profissionais, diz pesquisa",https://g1.globo.com/trabalho-e-carreira/noticia/2022/12/11/84percent-das-empresas-tem-dificuldade-para-contratar-profissionais-diz-pesquisa.ghtml,"...maiores mudanças foram: o recebimento de currículos, que passou a ser de forma virtual para 31% dos entrevistados, a adequação à LGPD...",2022-12-11T07:00:30.886000-03:00,2022-12-11T07:00:32.283000-03:00,91,4,2026-09-17T20:47:13.441773-03:00
Cursos gratuitos para empreendedores são realizados de graça em Rio Preto,https://g1.globo.com/sp/sao-jose-do-rio-preto-aracatuba/noticia/2021/05/16/cursos-gratuitos-para-empreendedores-sao-realizados-de-graca-em-rio-preto.ghtml,"...As aulas são direcionadas a diferentes áreas, como criação de loja virtual, conteúdo para redes sociais legislação e LGPD no e-commerce...",2021-05-16T12:59:49.108000-03:00,2021-05-16T12:59:49.384000-03:00,91,6,2026-09-17T20:47:13.441773-03:00
Turista morre durante viagem a Morro de São Paulo; suspeita é que tenha sido picado por inseto,https://g1.globo.com/ba/bahia/noticia/2024/07/15/turista-morre-na-ba.ghtml,"...Em cumprimento à Lei Geral de Proteção de Dados (LGPD), não divulgamos dados sensíveis referente aos atendimentos dos pacientes...",2024-07-15T15:10:44.874000-03:00,2024-07-15T20:17:21.111000-03:00,91,7,2026-09-17T20:47:13.441773-03:00
Senai oferece cursos de qualificação profissional em modalidade EAD; veja as opções,https://g1.globo.com/sp/bauru-marilia/noticia/2022/11/29/senai-oferece-cursos-de-qualificacao-profissional-em-modalidade-ead-veja-as-opcoes.ghtml,...Privacidade e proteção de dados (lGPD) Conheça as principais diretrizes da lei geral de proteção de dados...,2022-11-29T08:11:51.954000-03:00,2022-11-29T08:48:58.358000-03:00,91,8,2026-09-17T20:47:13.441773-03:00
Prefeitura de Bauru disponibiliza novo sistema de informações sobre tributos,https://g1.globo.com/sp/bauru-marilia/noticia/2021/12/26/prefeitura-de-bauru-disponibiliza-novo-sistema-de-informacoes-sobre-tributos.ghtml,"...ambiente sem necessidade de logar, o contribuinte tem à disposição os seguintes serviços, respeitando a Lei Geral de Proteção de Dados (LGPD...",2021-12-26T13:39:41.261000-03:00,2021-12-26T13:42:30.654000-03:00,91,9,2026-09-17T20:47:13.441773-03:00
Serviço de emissão de guias do IPTU 2022 está indisponível e pesquisa por número e rua está suspensa em Divinópolis,https://g1.globo.com/mg/centro-oeste/noticia/2022/02/21/servico-de-emissao-de-guias-do-iptu-2022-esta-indisponivel-e-pesquisa-por-numero-e-rua-esta-suspensa-em-divinopolis.ghtml,"...Segundo a Prefeitura, a mudança na busca visa atender a legislação em vigor e as novas medidas da Lei Geral de Proteção de Dados (LGPD...",2022-02-21T18:01:46.714000-03:00,2022-02-21T18:02:56.848000-03:00,91,10,2026-09-17T20:47:13.441773-03:00
Câmara Municipal oferta 91 cursos gratuitos na modalidade EaD em Manaus,https://g1.globo.com/am/amazonas/noticia/2023/06/16/camara-municipal-oferta-91-cursos-gratuitos-na-modalidade-ead-em-manaus.ghtml,...MAPEAMENTO DE PROCESSOS INTRODUÇÃO AO ORÇAMENTO PÚBLICO LEI DE RESPONSABILIDADE FISCAL LEI ORGANICA MUNICIPAL E REGIMENTO INTERNO LGPD...,2023-06-16T09:51:40.840000-03:00,2023-06-16T17:31:40.444000-03:00,92,1,2026-09-17T20:47:13.441773-03:00
"Além dos efeitos do ataque hacker, usuários do ConecteSUS sofrem com erros nos cadastros",https://g1.globo.com/saude/noticia/2021/12/11/alem-dos-efeitos-do-ataque-hacker-usuarios-do-conectesus-sofrem-com-erros-nos-cadastros.ghtml,"...Desde agosto, o uso e a manipulação indevida de dados podem ser punidos com base na LGPD... — ...Todas podem ser submetidas aos critérios vigentes da LGPD...",2021-12-11T05:00:11.958000-03:00,2021-12-11T05:00:12.487000-03:00,92,2,2026-09-17T20:47:13.441773-03:00
Prefeitura divulga relação de vacinados contra Covid em Itápolis,https://g1.globo.com/sp/bauru-marilia/noticia/2021/05/19/prefeitura-divulga-relacao-de-vacinados-contra-covid-em-itapolis.ghtml,...com os nomes e dados pessoais dos moradores vacinados contra a Covid-19 por causa do que dispõe na Lei Geral de Proteção de Dados (LGPD...,2021-05-19T19:18:06.766000-03:00,2021-05-19T19:18:07.264000-03:00,92,3,2026-09-17T20:47:13.441773-03:00
Justiça determina bloqueio de R$ 3 milhões do Sinetram por descumprir decisão que proíbe substituição do sistema de bilhetagem em Manaus,https://g1.globo.com/am/amazonas/noticia/2022/06/22/justica-determina-bloqueio-de-r-3-milhoes-do-sinetram-por-descumprir-decisao-que-proibe-substituicao-do-sistema-de-bilhetagem-em-manaus.ghtml,"...acesso, que antes era livre e irrestrito, agora submetido liberação mediante prévia solicitação e agendamento, devido ao advento da LGPD... — ...Ademais, nos termos do que dispõe o art. 26 da LGPD, há possibilidade do uso compartilhado de dados pessoais pelo Poder Público, que...",2022-06-22T16:50:23.074000-03:00,2022-06-22T16:50:24.421000-03:00,92,4,2026-09-17T20:47:13.441773-03:00
Procon-SP notifica Serasa pedindo explicações sobre megavazamento de dados,https://g1.globo.com/economia/tecnologia/noticia/2021/01/28/procon-sp-notifica-serasa-pedindo-explicacoes-sobre-vazamento-de-dados.ghtml,"...Já as sanções previstas pela Lei Geral de Proteção de Dados (LGPD) podem chegar a R$ 50 milhões, mas só podem ser aplicadas a partir... — ...LGPD: o que muda para os cidadãos? Procurada pelo Valor, a Serasa afirma que a alegação é infundada...",2021-01-28T10:15:31.784000-03:00,2021-02-04T08:37:59.360000-03:00,92,5,2026-09-17T20:47:13.441773-03:00
Entenda briga na Justiça do cantor Zezé Di Camargo com empresa de saneamento por não pagamento de conta de água,https://g1.globo.com/go/goias/noticia/2023/12/21/entenda-briga-na-justica-do-cantor-zeze-di-camargo-com-empresa-de-saneamento-por-nao-pagamento-de-conta-de-agua.ghtml,"...Saneago Reprodução/Saneago Em nota, a Saneago informou que, por conta da Lei Geral de Proteção de Dados Pessoais (LGPD), não compartilha...",2023-12-21T04:01:02.737000-03:00,2023-12-21T06:38:18.733000-03:00,92,6,2026-09-17T20:47:13.441773-03:00
Sesi em RR oferta 250 vagas gratuitas para Educação de Jovens e Adultos profissionalizante,https://g1.globo.com/rr/roraima/noticia/2021/11/23/sesi-em-rr-oferta-250-vagas-gratuitas-para-educacao-de-jovens-e-adultos-profissionalizante.ghtml,...gratuidade; Termo de compromisso; Declaração de baixa ou ausência de renda; Termo de consentimento da Lei Geral de Proteção de Dados (LGPD...,2021-11-23T07:00:20.861000-03:00,2021-11-23T07:00:21.342000-03:00,92,7,2026-09-17T20:47:13.441773-03:00
Procon-SP pede explicações de operadoras e empresa de segurança sobre vazamento de dados,https://g1.globo.com/economia/tecnologia/noticia/2021/02/17/procon-sp-pede-explicacoes-de-operadoras-e-empresa-de-seguranca-sobre-vazamento-de-dados.ghtml,"...questionadas sobre quais medidas técnicas e organizacionais adotam para o cumprimento das determinações da Lei Geral de Proteção de Dados (LGPD... — ...As sanções da LGPD serão aplicadas somente a partir de agosto, incluindo multas de até R$ 50 milhões...",2021-02-17T11:44:04.573000-03:00,2021-02-17T11:52:25.542000-03:00,92,8,2026-09-17T20:47:13.441773-03:00
Hacker põe à venda dados de brasileiros atribuídos ao Athletico Paranaense e à plataforma de educação Geekie,https://g1.globo.com/economia/tecnologia/blog/altieres-rohr/post/2020/11/05/hacker-poe-a-venda-dados-de-brasileiros-atribuidos-ao-athletico-paranaense-e-a-plataforma-de-educacao-geekie.ghtml,"...para garantir a máxima segurança da informação, sempre aliado com as melhores práticas e conformidades com a Lei n. 13.709/2018 – LGPD... — ...Lei Geral de Proteção de Dados A Lei Geral de Proteção de Dados no Brasil (LGPD) entrou em vigor no dia 18 de setembro após diversos...",2020-11-05T15:56:03.448000-03:00,2020-11-05T15:56:04.054000-03:00,92,9,2026-09-17T20:47:13.441773-03:00
Empresa diz que mais de 100 milhões de brasileiros tiveram dados de celulares expostos,https://g1.globo.com/economia/tecnologia/noticia/2021/02/10/empresa-diz-que-mais-de-100-milhoes-de-brasileiros-tiveram-dados-celulares-expostos.ghtml,...A ANPD é o órgão responsável por fiscalizar e editar normas previstas na Lei Geral de Proteção de Dados (LGPD)... — ...- A ANPD atuará de forma diligente em relação a eventuais violações à Lei 13.709/2018 (Lei Geral de Proteção de Dados Pessoais – LGPD...,2021-02-10T20:49:17.427000-03:00,2021-02-11T14:32:28.101000-03:00,92,10,2026-09-17T20:47:13.441773-03:00
"Servidores de Cabo Frio, RJ, devem fazer recadastramento obrigatório de dados até 20 de março",https://g1.globo.com/rj/regiao-dos-lagos/noticia/2022/02/14/servidores-de-cabo-frio-rj-devem-fazer-recadastramento-de-dados-obrigatorios-ate-21-de-marco.ghtml,"...A retirada das informações pessoais será de forma presencial e intransferível, respeitando a Lei Geral de Proteção de Dados (LGPD)...",2022-02-14T15:32:18.882000-03:00,2022-02-16T08:57:52.903000-03:00,93,2,2026-09-17T20:47:13.441773-03:00
Mãe denuncia escola após filha autista de 7 anos passar mal e dizer que recebeu 'balinha com gosto de remédio',https://g1.globo.com/es/espirito-santo/noticia/2024/06/20/mae-denuncia-escola-apos-filha-autista-de-7-anos-passar-mal-e-dizer-que-recebeu-balinha-com-gosto-de-remedio.ghtml,...e adolescentes são protegidas por sigilo imposto pelo Estatuto da Criança e do Adolescente e pela Lei Geral de Proteção de Dados (LGPD...,2024-06-20T03:30:12.474000-03:00,2024-06-20T03:30:14.647000-03:00,93,3,2026-09-17T20:47:13.441773-03:00
Influenciador Gabriel Rangangan fica gravemente ferido após acidente no Anel Rodoviário; amigo de infância morreu,https://g1.globo.com/mg/minas-gerais/noticia/2022/08/08/influenciador-gabriel-rangangan-fica-gravemente-ferido-apos-acidente-no-anel-rodoviario-amigo-de-infancia-morreu.ghtml,"...Segundo a instituição, ""a Lei Geral de Proteção de Dados (LGPD) impede a transmissão de informações sobre estado de saúde de pacientes...",2022-08-08T13:47:34.052000-03:00,2022-08-08T18:03:41.413000-03:00,93,4,2026-09-17T20:47:13.441773-03:00
"Após suspeitas de fraude, Assembleia Legislativa do Maranhão rescinde contrato com instituição responsável por primeira etapa de concurso",https://g1.globo.com/ma/maranhao/noticia/2022/07/22/apos-suspeitas-de-fraude-assembleia-legislativa-rescinde-contrato-com-instituicao-responsavel-pela-primeira-etapa-de-concurso.ghtml,"...denúncias de falhas de execução, fiscalização e segurança na aplicação da prova objetiva, bem como pela correta interpretação sobre a LGPD...",2022-07-22T17:41:13.601000-03:00,2022-07-22T17:59:19.964000-03:00,93,5,2026-09-17T20:47:13.441773-03:00
Menina de 17 anos morre em SP após 2 anos esperando por um novo coração,https://g1.globo.com/sp/santos-regiao/mais-saude/noticia/2022/02/03/menina-de-17-anos-morre-em-sp-apos-2-anos-esperando-por-um-novo-coracao.ghtml,"...O Incor informou ao g1 que, em observância à Lei Geral de Proteção de Dados (LGPD) e ao Código de Ética Médica, o instituto está impossibilitado...",2022-02-03T05:02:56.276000-03:00,2022-02-03T07:46:00.474000-03:00,93,6,2026-09-17T20:47:13.441773-03:00
Justiça do Maranhão condena Facebook a indenizar brasileiros que tiveram dados vazados,https://g1.globo.com/ma/maranhao/noticia/2023/03/24/justica-do-maranhao-condena-facebook-a-indenizar-brasileiros-que-tiveram-dados-vazados.ghtml,"...A sentença destacou ainda as normas do Marco Civil da Internet e da Lei Geral de Proteção de Dados Pessoais (LGPD), que citam o respeito...",2023-03-24T13:59:28.757000-03:00,2023-03-24T14:04:16.343000-03:00,93,7,2026-09-17T20:47:13.441773-03:00
"WhatsApp impõe compartilhamento de dados com Facebook, mas tem exceção para a Europa",https://g1.globo.com/economia/tecnologia/noticia/2021/05/14/whatsapp-impoe-compartilhamento-de-dados-com-facebook-mas-tem-excecao-para-a-europa.ghtml,"...dos titulares de dados pessoais, que foram definidos pela Lei Geral de Proteção de Dados (LGPD), em vigor desde setembro passado... — ...""Na LGPD, a pessoa poder dizer se aceita ou não cada um dos muitos tipos de tratamento dos dados...",2021-05-14T07:00:58.094000-03:00,2021-05-14T15:58:51.266000-03:00,93,9,2026-09-17T20:47:13.441773-03:00
Aeroporto de Ribeirão Preto testa programa de embarque que usa reconhecimento facial,https://g1.globo.com/sp/ribeirao-preto-franca/noticia/2021/08/13/aeroporto-de-ribeirao-preto-testa-programa-de-embarque-que-usa-reconhecimento-facial.ghtml,...Reconhecimento facial Business Wire/AP Cunha ressalta que o programa respeita a Lei Geral de Proteção de Dados (LGPD)...,2021-08-13T10:54:18.827000-03:00,2021-08-13T10:54:19.072000-03:00,93,10,2026-09-17T20:47:13.441773-03:00
Evento gratuito discute a Lei Geral de Proteção de Dados Pessoais e como evitar prejuízos ao fornecer informações digitalizadas,https://g1.globo.com/ba/bahia/noticia/2019/09/12/evento-gratuito-discute-a-lei-geral-de-protecao-de-dados-pessoais-e-como-evitar-prejuizos-ao-fornecer-informacoes-digitalizadas.ghtml,"...Upgrade Digital - Bahia HUB de Inovação e Negócios, que visa esclarecer dúvidas sobre a Lei Geral de Proteção de Dados Pessoais (LGPD... — ...O não cumprimento da LGPD por parte das empresas pode gerar multas de até R$50 milhões...",2019-09-12T07:13:12.312000-03:00,2019-09-12T07:13:12.649000-03:00,94,1,2026-09-17T20:47:13.441773-03:00
Senac abre 801 vagas para cursos gratuitos em sete cidades; saiba como se inscrever,https://g1.globo.com/pe/pernambuco/noticia/2022/06/20/senac-abre-801-vagas-para-cursos-gratuitos-em-sete-cidades-veja-como-se-inscrever.ghtml,...Gestão de Projetos de TI HTML e CCS – criação de web sites Javascript – interatividade para web Lei Geral de Proteção de Dados (LGPD...,2022-06-20T16:04:48.534000-03:00,2022-06-21T07:53:38.800000-03:00,94,2,2026-09-17T20:47:13.441773-03:00
Facebook permite transferir publicações e notas para outras plataformas,https://g1.globo.com/economia/tecnologia/noticia/2021/04/19/facebook-permite-transferir-publicacoes-e-notas-para-outras-plataformas.ghtml,"...No Brasil, a Lei Geral de Proteção de Dados (LGPD) também trata sobre a transferência de dados – mas o tema ainda precisa ser regulamentado...",2021-04-19T13:49:54.012000-03:00,2021-04-19T13:51:07.887000-03:00,94,7,2026-09-17T20:47:13.441773-03:00
"Senado nega ampliar prazo, e Lei Geral de Proteção de Dados deve entrar em vigor até setembro",https://g1.globo.com/politica/noticia/2020/08/26/senado-nao-vota-adiamento-e-lei-geral-de-protecao-de-dados-entra-em-vigor-nesta-quinta.ghtml,"...A LGPD é uma legislação — inspirada em um modelo europeu — que estabelece padrões sobre quais dados são pessoais ou sensíveis, além... — ...Com isso, a LGPD deve entrar em vigor ainda no mês de setembro, quando esse processo for concluído...",2020-08-26T18:20:10.099000-03:00,2020-08-26T21:00:21.621000-03:00,94,8,2026-09-17T20:47:13.441773-03:00
Cinco adultos e 4 crianças ficam feridos em 2 acidentes em Uberlândia,https://g1.globo.com/mg/triangulo-mineiro/noticia/2022/03/26/cinco-adultos-e-4-criancas-ficam-feridos-em-2-acidentes-em-uberlandia.ghtml,...A unidade não informa o estado de saúde dos pacientes devido à Lei Geral de Proteção de Dados (LGPD)...,2022-03-26T10:25:54.332000-03:00,2022-03-26T10:25:54.878000-03:00,94,9,2026-09-17T20:47:13.441773-03:00
"TSE deu 'respostas para o todo', diz Fachin sobre questionamentos ao processo eleitoral",https://g1.globo.com/politica/noticia/2022/06/20/tse-deu-respostas-para-o-todo-diz-fachin-sobre-questionamentos-ao-processo-eleitoral.ghtml,"...ministro, 11 se referiam a datas já passadas do calendário eleitoral e uma contrariava a Lei Geral de Proteção de Dados Pessoais (LGPD...",2022-06-20T19:45:10.365000-03:00,2022-06-20T20:55:27.235000-03:00,95,1,2026-09-17T20:47:13.441773-03:00
Covid-19: sobe para 3 número de abrigos de idosos monitorados em Uberaba devido a surto da doença,https://g1.globo.com/mg/triangulo-mineiro/noticia/2021/09/17/covid-19-sobe-para-3-numero-de-abrigos-de-idosos-monitorados-em-uberaba-devido-a-surto-da-doenca.ghtml,...A SMS explicou que os nomes dos abrigos de idosos não foram divulgados devido à Lei Geral de Proteção de Dados (LGPD)...,2021-09-17T11:50:49.564000-03:00,2021-09-17T11:50:49.881000-03:00,95,2,2026-09-17T20:47:13.441773-03:00
"Felipe Neto, Castanhari e Nyvi Estephan afirmam ter dados pessoais alterados de forma ilegal em plataforma do SUS",https://g1.globo.com/sp/sao-paulo/noticia/2021/10/28/felipe-neto-castanhari-e-nyvi-estephan-afirmam-ter-dados-pessoais-alterados-de-forma-ilegal-em-plataforma-do-sus.ghtml,"...A Portaria também estabelece que o acesso às informações da RNDS está sujeito à Lei Geral de Proteção de Dados Pessoais (LGPD), que...",2021-10-28T17:14:42.854000-03:00,2023-09-15T17:51:18.284000-03:00,95,3,2026-09-17T20:47:13.441773-03:00
Como evitar que golpistas usem o open banking para obter seus dados? Veja dicas,https://g1.globo.com/economia/open-banking/noticia/2021/09/21/como-evitar-que-golpistas-usem-o-open-banking-para-obter-seus-dados-veja-dicas.ghtml,"...A estrutura do open banking também está sob a proteção da Lei Geral de Proteção de Dados (LGPD), que entrou em vigor no ano passado... — ...Atenção ao prazo de compartilhamento de informações O BC exige que, com base na Lei Geral de Proteção de Dados (LGPD), que os dados...",2021-09-21T08:00:46.506000-03:00,2021-09-21T08:00:46.991000-03:00,95,4,2026-09-17T20:47:13.441773-03:00
"VÍDEO: horas após acidente, idosa é encontrada viva e marido morto em carro caído em ribanceira na BR-365, em São Gonçalo do Abaeté",https://g1.globo.com/mg/triangulo-mineiro/noticia/2022/03/23/video-horas-apos-acidente-idosa-e-encontrada-viva-e-marido-morto-em-carro-caido-em-ribanceira-na-br-365-em-sao-goncalo-do-abaete.ghtml,"...A TV Integração procurou a unidade para saber o estado de saúde, mas por questões relacionadas à Lei Geral de Proteção de Dados (LGPD...",2022-03-23T13:26:49.894000-03:00,2022-03-23T16:43:53.338000-03:00,95,5,2026-09-17T20:47:13.441773-03:00
"'Quantas pessoas mal-intencionadas têm acesso a essas informações?', diz Atila Iamarino após ter dados alterados ilegalmente no ConecteSUS",https://g1.globo.com/sp/sao-paulo/noticia/2021/11/10/quantas-pessoas-ma-intencionadas-tem-acesso-a-essas-informacoes-diz-atila-iamarino-apos-ter-dados-alterados-ilegalmente-no-conectesus.ghtml,"...especialista em proteção de dados da Zilveti Advogados, os episódios envolvem o mesmo tipo de desrespeito à Lei Geral de Proteção de Dados (LGPD...",2021-11-10T17:35:30.730000-03:00,2023-09-15T17:47:24.796000-03:00,95,6,2026-09-17T20:47:13.441773-03:00
"Nome, convênio, quarto em hospital: com dados de paciente, falso médico tenta fazer família pagar R$ 7 mil por tratamento",https://g1.globo.com/sp/ribeirao-preto-franca/noticia/2023/07/03/nome-convenio-quarto-em-hospital-com-dados-de-paciente-falso-medico-tenta-fazer-familia-pagar-r-7-mil-por-tratamento.ghtml,"...sigilosas de pacientes deve se restringir ao cumprimento do dever assistencial, seguindo as diretrizes da Lei Geral de Proteção de Dados (LGPD...",2023-07-03T14:07:52.867000-03:00,2023-07-03T21:23:09.887000-03:00,95,7,2026-09-17T20:47:13.441773-03:00
Megavazamento de dados de 223 milhões de brasileiros: o que se sabe e o que falta saber,https://g1.globo.com/economia/tecnologia/noticia/2021/01/28/vazamento-de-dados-de-223-milhoes-de-brasileiros-o-que-se-sabe-e-o-que-falta-saber.ghtml,...VÍDEO: O que é a Lei Geral de Proteção de Dados (LGPD)?... — ...LGPD: o que muda para os cidadãos?...,2021-01-28T18:34:54.133000-03:00,2021-03-22T11:41:23.782000-03:00,95,8,2026-09-17T20:47:13.441773-03:00
Regulamento completo do Concurso Cultural 'Paul McCartney Got Back',https://g1.globo.com/fantastico/noticia/2023/11/12/regulamento-completo-do-concurso-cultural-paul-mccartney-got-back.ghtml,"...de cadastro, serão tratados para fins de cadastramento, seguindo os termos da Lei 13.709/2018, a Lei Geral de Proteção de Dados – “LGPD... — ...A Globo será a controladora destes dados e o Participante poderá exercer os direitos previstos na LGPD, incluindo aqueles de acesso...",2023-11-12T21:09:52.302000-03:00,2023-11-12T21:09:52.870000-03:00,95,9,2026-09-17T20:47:13.441773-03:00
Por que a Cufa interrompeu o uso de reconhecimento facial após polêmica,https://g1.globo.com/economia/tecnologia/noticia/2021/04/27/por-que-a-cufa-interrompeu-o-uso-de-reconhecimento-facial-apos-polemica.ghtml,"...As informações biométricas são consideradas sensíveis pela Lei Geral de Proteção de Dados (LGPD)... — ...A LGPD prevê que o compartilhamento desses dados ""com o objetivo de obter vantagem econômica poderá ser vedado ou regulamentado pelas...",2021-04-27T20:17:57.986000-03:00,2021-04-27T21:14:28.319000-03:00,95,10,2026-09-17T20:47:13.441773-03:00
Câmara aprova nova multa para empresas que não pagam salário igual a mulheres e homens na mesma função,https://g1.globo.com/politica/noticia/2023/05/04/camara-aprova-nova-multa-para-empresas-que-nao-pagam-salario-igual-a-mulheres-e-homens-na-mesma-funcao.ghtml,...Todos os dados precisarão seguir a Lei Geral de Proteção de Dados (LGPD) e serão anônimos...,2023-05-04T12:39:23.184000-03:00,2023-05-04T15:04:03.718000-03:00,96,2,2026-09-17T20:47:13.441773-03:00
Open banking: saiba que dados dos cartões de crédito poderão ser compartilhados,https://g1.globo.com/economia/open-banking/noticia/2021/08/27/open-banking-saiba-que-dados-dos-cartoes-de-credito-poderao-ser-compartilhados.ghtml,"...As instituições precisam seguir as regras da Lei Geral de Proteção de Dados (LGPD), mas existem também uma regulamentação específica... — ...LEIA MAIS: Descumprir a LGPD pode gerar punições; entenda Entenda o que é Open Banking...",2021-08-27T10:30:36.857000-03:00,2021-08-27T10:30:37.272000-03:00,96,3,2026-09-17T20:47:13.441773-03:00
"Concurso da Caixa: veja o que vai cair nas provas, segundo o edital",https://g1.globo.com/trabalho-e-carreira/concursos/noticia/2024/03/13/concurso-da-caixa-veja-o-que-vai-cair-nas-provas-segundo-o-edital.ghtml,"..., publicidade e eficiência). 6 - Sigilo Bancário: Lei Complementar nº 105/2001 e suas alterações; Lei Geral de Proteção de Dados (LGPD... — ...moralidade, publicidade e eficiência); Sigilo Bancário: Lei Complementar nº 105/2001 e suas alterações; Lei Geral de Proteção de Dados (LGPD...",2024-03-13T05:02:39.670000-03:00,2024-03-13T08:32:35.727000-03:00,96,5,2026-09-17T20:47:13.441773-03:00
Filho de idosa que morreu após queda de elevador segue internado em Uberlândia,https://g1.globo.com/mg/triangulo-mineiro/noticia/2022/05/20/filho-de-idosa-que-morreu-apos-queda-de-elevador-segue-internado-em-uberlandia.ghtml,"...estado de saúde dele, que não foi informado devido ao Código de Ética e Conduta da Ebserh e pela Lei Geral de Proteção de Dados (LGPD...",2022-05-20T12:41:58.895000-03:00,2022-05-20T12:41:59.327000-03:00,96,6,2026-09-17T20:47:13.441773-03:00
5 passos para começar um negócio digital ou levar sua empresa para a internet,https://g1.globo.com/economia/pme/noticia/2021/01/19/5-passos-para-comecar-um-negocio-digital-ou-levar-sua-empresa-para-a-internet.ghtml,"...Adequar à LGPD Por estar no ambiente online, o empreendedor precisa seguir regras específicas da LGPD... — ...Além da LGPD, o empreendedor ainda deve estar atento ao Marco Civil da Internet e o Código de Defesa do Consumidor...",2021-01-19T06:00:24.026000-03:00,2021-01-26T15:18:18.967000-03:00,96,7,2026-09-17T20:47:13.441773-03:00
"Jornalista esportivo morre aos 34 anos após fazer cirurgia bariátrica, em Goiânia",https://g1.globo.com/go/goias/noticia/2022/03/18/jornalista-esportivo-morre-apos-fazer-cirurgia-bariatrica-em-goiania.ghtml,"...diretamente aos pacientes e/ou às famílias"", em ""respeito ao sigilo médico e ao que determina a Lei Geral de Proteção de Dados Pessoais (LGPD...",2022-03-18T11:21:30.640000-03:00,2022-03-18T20:22:22.906000-03:00,96,8,2026-09-17T20:47:13.441773-03:00
Serasa responde notificação do Procon-SP sobre megavazamento de dados,https://g1.globo.com/economia/tecnologia/noticia/2021/02/18/serasa-responde-notificacao-do-procon-sp-sobre-megavazamento-de-dados.ghtml,"...ao Procon-SP, a companhia disse que suas operações com dados pessoais respeitam as diretrizes da Lei Geral de Proteção de Dados (LGPD... — ...Já as sanções previstas pela Lei Geral de Proteção de Dados (LGPD) podem chegar a R$ 50 milhões, mas só podem ser aplicadas a partir...",2021-02-18T10:28:51.634000-03:00,2021-02-18T21:07:27.530000-03:00,96,9,2026-09-17T20:47:13.441773-03:00
Seminário internacional em SC vai discutir a lei de proteção de dados,https://g1.globo.com/sc/santa-catarina/noticia/2019/09/07/seminario-internacional-em-sc-vai-discutir-a-lei-de-protecao-de-dados.ghtml,"...Globo Florianópolis vai sediar um evento para discutir os impactos e desafios do setor público com a lei geral de proteção de dados (LGPD... — ...O ""Seminário Internacional Lei Geral de Proteção de Dados (LGPD): desafio da gestão de dados pessoais na gestão pública"" tem como objetivo...",2019-09-07T07:30:03.850000-03:00,2019-09-07T07:30:04.198000-03:00,96,10,2026-09-17T20:47:13.441773-03:00
Câmara aprova PEC que transforma proteção de dados pessoais em direito fundamental,https://g1.globo.com/politica/noticia/2021/08/31/camara-aprova-pec-que-transforma-protecao-de-dados-pessoais-em-direito-fundamental.ghtml,"...Desde setembro de 2020, está em vigor a Lei Geral de Proteção de Dados Pessoais (LGPD), um dispositivo que estabelece padrões sobre...",2021-08-31T21:22:21.156000-03:00,2021-08-31T21:30:18.786000-03:00,97,1,2026-09-17T20:47:13.441773-03:00
Quem é o 'gênio de Uberlândia' que ajudou PL a questionar urnas,https://g1.globo.com/mg/triangulo-mineiro/noticia/2024/02/08/quem-e-o-genio-de-uberlandia-que-ajudou-pl-a-questionar-urnas.ghtml,"...sempre com observância nos contratos celebrados, as leis contratuais e de segurança da informação, incluindo, mas não se limitando a LGPD...",2024-02-08T12:49:25.031000-03:00,2024-02-09T13:50:35.976000-03:00,97,2,2026-09-17T20:47:13.441773-03:00
Senai abre inscrições para cursos de aprendizagem industrial e técnica no Alto Tietê,https://g1.globo.com/sp/mogi-das-cruzes-suzano/concursos-e-emprego/noticia/2020/11/27/senai-abre-inscricoes-para-cursos-de-aprendizagem-industrial-e-tecnica-no-alto-tiete.ghtml,"...Curso on-line O Senai-SP abriu inscrições para o curso de Privacidade e Proteção de Dados (LGPD)... — ...Por meio de vídeos, conteúdos interativos e exercícios, o aluno terá acesso aos temas de introdução à LGPD, direitos assegurados, deveres...",2020-11-27T12:06:33.397000-03:00,2020-11-27T12:06:33.866000-03:00,97,3,2026-09-17T20:47:13.441773-03:00
Senado aprova PEC que inclui proteção de dados na lista de direitos fundamentais,https://g1.globo.com/politica/noticia/2019/07/02/senado-aprova-pec-que-inclui-protecao-de-dados-na-lista-de-direitos-fundamentais.ghtml,"...Em agosto de 2018, o então presidente Michel Temer sancionou a Lei Geral de Proteção de Dados (LGPD), que regulamentou o uso, proteção... — ...“Convictos de que o Brasil necessita muito mais do que uma lei ordinária sobre o assunto, apesar da envergadura jurídica da LGPD, propomos...",2019-07-02T20:49:58.924000-03:00,2019-07-02T20:51:39.462000-03:00,97,4,2026-09-17T20:47:13.441773-03:00
Ministério da Justiça dá 15 dias para operadoras explicarem vazamento de dados de celulares,https://g1.globo.com/economia/tecnologia/noticia/2021/02/15/ministerio-da-justica-da-15-dias-para-operadoras-explicarem-vazamentos-de-dados-de-celulares.ghtml,"...Nacional de Proteção de Dados (ANPD), órgão responsável por fiscalizar e editar normas previstas na Lei Geral de Proteção de Dados (LGPD...",2021-02-15T21:05:00.074000-03:00,2021-02-15T21:36:28.870000-03:00,97,5,2026-09-17T20:47:13.441773-03:00
Três vítimas e suspeito de atropelamento próximo à Praça da Bicota seguem internados em Uberlândia; veja vídeo do crime,https://g1.globo.com/mg/triangulo-mineiro/noticia/2022/03/15/tres-vitimas-e-suspeito-de-atropelamento-proximo-a-praca-da-bicota-seguem-internados-em-uberlandia-veja-video-do-crime.ghtml,"...A unidade, porém, devido à questão da Lei Geral de Proteção de Dados (LGPD) não informa boletins sobre o estado de saúde dos pacientes...",2022-03-15T09:49:36.224000-03:00,2022-03-15T09:49:36.714000-03:00,97,6,2026-09-17T20:47:13.441773-03:00
Saiba como transformar áudios do WhatsApp em textos,https://g1.globo.com/tecnologia/noticia/2022/09/14/saiba-como-transformar-audios-do-whatsapp-em-textos.ghtml,"...os dados são armazenados temporariamente, de acordo com a finalidade do uso e com as previsões da Lei Geral de Proteção de Dados (LGPD...",2022-09-14T06:01:13.020000-03:00,2022-09-14T09:55:43.075000-03:00,97,9,2026-09-17T20:47:13.441773-03:00
"Número de roubos a comércios na Grande SP quase triplica neste ano, na comparação com mesmo período de 2022",https://g1.globo.com/sp/sao-paulo/noticia/2023/05/20/numero-de-roubos-a-comercios-na-grande-sp-quase-triplica-neste-ano-na-comparacao-com-mesmo-periodo-de-2022.ghtml,...Sampa terá um conselho de gestão e transparência formado por órgãos para garantir o cumprimento da Lei Geral de Proteção de Dados (LGPD...,2023-05-20T19:21:55.304000-03:00,2023-05-20T20:11:24.066000-03:00,97,10,2026-09-17T20:47:13.441773-03:00
Comissão do Senado aprova PEC que inclui proteção de dados na lista de direitos fundamentais,https://g1.globo.com/politica/noticia/2019/05/22/comissao-do-senado-aprova-pec-que-inclui-protecao-de-dados-na-lista-de-direitos-fundamentais.ghtml,"...Em agosto de 2018, o então presidente Michel Temer sancionou a Lei Geral de Proteção de Dados (LGPD), que regulamentou o uso, proteção... — ...Sabemos que existem diversas propostas de leis estaduais e municipais versando sobre o assunto, inclusive em flagrante réplica da LGPD...",2019-05-22T21:29:32.651000-03:00,2019-05-22T21:31:06.269000-03:00,98,1,2026-09-17T20:47:13.441773-03:00
"A 100 dias da eleição, Justiça Eleitoral está pronta para votação 'transparente e segura', diz Fachin",https://g1.globo.com/politica/eleicoes/2022/noticia/2022/06/23/a-100-dias-da-eleicao-fachin-diz-que-justica-eleitoral-esta-pronta-para-votacao-limpa-transparente-e-segura.ghtml,...Uma delas não pôde ser implementada por contrariar a Lei Geral de Proteção de Dados Pessoais (LGPD)...,2022-06-23T10:52:52.572000-03:00,2022-06-23T21:39:23.287000-03:00,98,2,2026-09-17T20:47:13.441773-03:00
Senado aprova diretores de órgão que vai fiscalizar Lei Geral de Proteção de Dados,https://g1.globo.com/politica/noticia/2020/10/20/senado-aprova-diretores-de-orgao-que-vai-fiscalizar-lei-geral-de-protecao-de-dados.ghtml,"...O órgão será responsável por fiscalizar e editar normas previstas na Lei Geral de Proteção de Dados (LGPD), que passou a vigorar em... — ...""A LGPD requer que a ANPD dê orientação sobre vários assuntos como: compartilhamentos de dados, portabilidade de dados, regras para...",2020-10-20T19:24:17.654000-03:00,2020-10-20T21:24:31.770000-03:00,98,3,2026-09-17T20:47:13.441773-03:00
Bard: as polêmicas e os recursos de rival do ChatGPT que Google lança em português,https://g1.globo.com/tecnologia/noticia/2023/07/13/bard-as-polemicas-e-os-recursos-de-rival-do-chatgpt-que-google-lanca-em-portugues.ghtml,...Mas afirmou que a Lei Geral de Proteção de Dados Pessoais (LGPD) brasileira será seguida...,2023-07-13T08:11:29.670000-03:00,2023-07-13T10:21:54.743000-03:00,98,4,2026-09-17T20:47:13.441773-03:00
Abertas as inscrições para a oficina de robótica da 9ª ExpoCigra em Uberaba; veja como participar,https://g1.globo.com/mg/triangulo-mineiro/noticia/2021/10/18/abertas-as-inscricoes-para-a-oficina-de-robotica-da-9a-expocigra-em-uberaba-veja-como-participar.ghtml,"...palestras e apresentações sobre diversos assuntos, como customer experience, exportação e importação, Lei Geral de Proteção de Dados (LGPD...",2021-10-18T15:19:56.560000-03:00,2021-10-18T15:19:56.864000-03:00,98,5,2026-09-17T20:47:13.441773-03:00
Santa Casa de Araxá pede doações para quitar contas de energia em atraso que passam de R$ 2 milhões,https://g1.globo.com/mg/triangulo-mineiro/noticia/2021/12/20/santa-casa-de-araxa-pede-doacoes-para-quitar-contas-de-energia-em-atraso-que-passam-de-r-2-milhoes.ghtml,"...reportagem que não repassa informações sobre débitos ou outros dados de clientes, em conformidade com a Lei Geral de Proteção de Dados (LGPD...",2021-12-20T18:52:04.613000-03:00,2021-12-20T18:52:04.962000-03:00,98,6,2026-09-17T20:47:13.441773-03:00
Pacheco apresenta projeto para regular inteligência artificial e punir uso indevido de dados pessoais,https://g1.globo.com/politica/noticia/2023/05/04/pacheco-apresenta-projeto-para-regular-inteligencia-artificial-e-punir-uso-indevido-de-dados-pessoais.ghtml,...milhões para cada violação cometida pelas empresas de tecnologia e as enquadra nas punições da Lei Geral de Proteção de Dados Pessoais (LGPD...,2023-05-04T19:15:38.497000-03:00,2023-05-04T19:48:40.283000-03:00,98,7,2026-09-17T20:47:13.441773-03:00
Congresso promulga PEC que torna proteção de dados pessoais direito fundamental,https://g1.globo.com/jornal-nacional/noticia/2022/02/10/congresso-promulga-pec-que-torna-protecao-de-dados-pessoais-direito-fundamental.ghtml,"...A LGPD estabeleceu punições para empresas que vazem informações ou se beneficiem do uso de dados pessoais do cidadão, como a venda...",2022-02-10T22:09:12.912000-03:00,2022-02-10T22:15:09.863000-03:00,98,8,2026-09-17T20:47:13.441773-03:00
TCE quer que Prefeitura de Cuiabá divulgue lista de pessoas vacinadas contra Covid-19,https://g1.globo.com/mt/mato-grosso/noticia/2021/02/03/tce-quer-que-prefeitura-de-cuiaba-divulgue-lista-de-pessoas-vacinadas-contra-covid-19.ghtml,"...acompanhamento das ações do poder público, sem que isso implique em violação da Lei nº 13.709/2018 (Lei Geral de Proteção de Dados – LGPD... — ...acompanhamento das ações do Poder Público, sem que isso implique em violação da Lei nº 13.709/2018 (Lei Geral de Proteção de Dados - LGPD...",2021-02-03T17:25:02.172000-03:00,2021-02-03T17:25:02.476000-03:00,98,9,2026-09-17T20:47:13.441773-03:00
Evento sobre transparência e dados abertos tem inscrições abertas em Mogi das Cruzes; programação será neste sábado,https://g1.globo.com/sp/mogi-das-cruzes-suzano/noticia/2022/03/03/evento-sobre-transparencia-e-dados-abertos-tem-inscricoes-abertas-em-mogi-das-cruzes-programacao-sera-neste-sabado.ghtml,"...março, mas em Mogi das Cruzes os servidores públicos da Prefeitura terão uma prévia no dia 4 de março, com a oficina LAI na Prática e LGPD...",2022-03-03T13:04:22.255000-03:00,2022-03-03T13:04:22.941000-03:00,98,10,2026-09-17T20:47:13.441773-03:00
Lei de Proteção de Dados deve impor mudança cultural nas empresas brasileiras,https://g1.globo.com/economia/tecnologia/blog/altieres-rohr/post/2018/08/16/lei-de-protecao-de-dados-deve-impor-mudanca-cultural-nas-empresas-brasileiras.ghtml,"...Não há regra no Brasil hoje -- a regra será nova com a LGPD... — ...De forma semelhante, a LGPD obriga a obtenção do consentimento dos pais...",2018-08-16T07:00:45.247000-03:00,2018-08-16T07:00:45.640000-03:00,99,1,2026-09-17T20:47:13.441773-03:00
Veterinária de São Carlos incluída em lista de 'fura-filas' da vacina contra Covid deve ser indenizada,https://g1.globo.com/sp/sao-carlos-regiao/noticia/2022/03/15/veterinaria-de-sao-carlos-incluida-em-lista-de-fura-filas-da-vacina-contra-covid-deve-ser-indenizada.ghtml,"...conterem dados sensíveis relativos às pessoas vacinadas foi decretado sigilo, em atenção à Lei Geral de Proteção de Dados Pessoais (LGPD...",2022-03-15T16:28:56.505000-03:00,2022-03-15T16:36:52.889000-03:00,99,2,2026-09-17T20:47:13.441773-03:00
"DREX: moeda digital facilitará comércio exterior e poderá ser solução para compra de imóveis, avalia BC",https://g1.globo.com/economia/noticia/2023/09/25/drex-moeda-digital-facilitara-comercio-exterior-e-podera-ser-solucao-para-compra-de-imoveis-avalia-bc.ghtml,...O técnico do BC também explicou que a privacidade desses ambientes tem de ser compatível com a LGPD (Lei Geral de Proteção de Dados...,2023-09-25T03:00:59.341000-03:00,2023-09-25T03:01:00.013000-03:00,99,3,2026-09-17T20:47:13.441773-03:00
OCDE pede que governo brasileiro garanta 'independência' de órgão de proteção de dados,https://g1.globo.com/politica/noticia/2020/10/26/ocde-pede-que-governo-brasileiro-garanta-independencia-de-orgao-de-protecao-de-dados.ghtml,"...A ANPD será responsável por fiscalizar e editar normas previstas na Lei Geral de Proteção de Dados (LGPD), que passou a vigorar em... — ...A LGPD é um importante passo adiante...",2020-10-26T14:05:16.054000-03:00,2020-10-26T14:14:29.600000-03:00,99,5,2026-09-17T20:47:13.441773-03:00
Carlos Bolsonaro confunde termo da lei de proteção de dados com 'identidade de gênero' durante sessão na Câmara do Rio,https://g1.globo.com/rj/rio-de-janeiro/noticia/2021/04/21/carlos-bolsonaro-confunde-termo-da-lei-de-protecao-de-dados-com-identidade-de-genero-durante-sessao-na-camara-do-rio.ghtml,"...com 'identidade de gênero' O vereador Carlos Bolsonaro (Republicanos) confundiu um termo da nova Lei Geral de Proteção de Dados (LGPD... — ...LGPD: cronograma da autoridade que regula a lei de proteção de dados ""Na autodeterminação, você vê por aí gente que, inclusive, se...",2021-04-21T14:12:22.154000-03:00,2021-04-21T16:43:47.981000-03:00,99,6,2026-09-17T20:47:13.441773-03:00
"Sem agência de proteção de dados, 'megavazamentos' evidenciam custo de atraso da lei no Brasil",https://g1.globo.com/economia/tecnologia/blog/altieres-rohr/post/2021/01/28/sem-agencia-de-protecao-de-dados-megavazamentos-evidenciam-custo-de-atraso-da-lei-no-brasil.ghtml,"...Embora a Lei Geral de Proteção de Dados (LGPD) esteja em vigor desde o ano passado, a Agência Nacional de Proteção de Dados (ANPD),... — ...O Brasil esperou até 2020 para colocar sua LGPD em vigor. Em 2021, vemos apenas a consequência...",2021-01-28T07:00:25.130000-03:00,2021-02-04T13:14:00.272000-03:00,99,7,2026-09-17T20:47:13.441773-03:00
Sebrae abre inscrições para cursos de capacitação em Juiz de Fora,https://g1.globo.com/mg/zona-da-mata/noticia/2022/01/06/sebrae-abre-inscricoes-para-cursos-de-capacitacao-em-juiz-de-fora.ghtml,"...Palestra: Conheça a LGPD. Às 18h do dia 28 de janeiro, gratuitamente. Oficina MEI: Como se formalizar...",2022-01-06T10:50:10.721000-03:00,2022-01-06T11:22:18.363000-03:00,99,8,2026-09-17T20:47:13.441773-03:00
Pessoa tatuada com rosto de menino sem autorização teme por sua integridade física; tatuador começou cobertura da imagem,https://g1.globo.com/rj/rio-de-janeiro/noticia/2022/12/23/pessoa-tatuada-com-rosto-de-menino-sem-autorizacao-teme-por-sua-integridade-fisica-tatuador-comecou-cobertura-da-imagem.ghtml,"...ameaças que foram feitas em diversos comentários nas redes sociais, teme seriamente por sua integridade física, acrescentando que a LGPD...",2022-12-23T11:53:21.124000-03:00,2022-12-23T13:14:41.593000-03:00,99,9,2026-09-17T20:47:13.441773-03:00
Sebrae organiza evento online e gratuito para empreendedores no AM,https://g1.globo.com/am/amazonas/noticia/2021/06/22/sebrae-organiza-evento-online-e-gratuito-para-empreendedores-no-am.ghtml,...- Inovação e Cidades Inteligentes geram oportunidades para empreendedores - Com André Gomyde Oficinas de Inovação 15h às 15h30 - LGPD...,2021-06-22T15:38:26.086000-03:00,2021-06-22T15:38:26.470000-03:00,99,10,2026-09-17T20:47:13.441773-03:00
Governo diz ao STF que sigilo de 100 anos sobre visita de pastores ao Planalto é 'medida corriqueira',https://g1.globo.com/politica/noticia/2022/06/16/governo-diz-ao-stf-que-sigilo-de-100-anos-sobre-visita-de-pastores-ao-planalto-e-medida-corriqueira.ghtml,"...corriqueira, usual, baseada na interpretação do GSI acerca dos dispositivos da Lei 13.709/2018 (Lei Geral da Proteção de Dados Pessoais - LGPD...",2022-06-16T13:10:58.156000-03:00,2022-06-16T13:13:06.557000-03:00,100,1,2026-09-17T20:47:13.441773-03:00
Câmara de Juiz de Fora promulga lei que defende a obrigatoriedade de publicação da lista de espera de inscritos para vagas em creches e escolas,https://g1.globo.com/mg/zona-da-mata/noticia/2021/08/21/camara-de-juiz-de-fora-promulga-lei-que-defende-a-obrigatoriedade-de-publicacao-da-lista-de-espera-de-inscritos-para-vagas-em-creches-e-escolas.ghtml,"...da vereadora e do também parlamentar Maurício Delgado (DEM), para adequar o PL original à recente Lei Geral de Proteção de Dados (LGPD...",2021-08-21T09:51:59.522000-03:00,2021-08-21T09:51:59.893000-03:00,100,2,2026-09-17T20:47:13.441773-03:00
Servidores do sistema de dados da Prefeitura de Patos de Minas são invadidos,https://g1.globo.com/mg/triangulo-mineiro/noticia/2021/07/26/servidores-do-sistema-de-dados-da-prefeitura-de-patos-de-minas-sao-invadidos.ghtml,...A administração municipal reforçou o compromisso com a Lei Geral de Proteção de Dados (LGPD)...,2021-07-26T18:10:57.334000-03:00,2021-07-26T20:44:42.911000-03:00,100,3,2026-09-17T20:47:13.441773-03:00
Fundação de Campinas abre 240 vagas para cursos da área de tecnologia e comunicação; veja como se inscrever,https://g1.globo.com/sp/campinas-regiao/noticia/2021/12/29/fundacao-de-campinas-abre-240-vagas-para-cursos-da-area-de-tecnologia-e-comunicacao-veja-como-se-inscrever.ghtml,...janeiro Horário das aulas ao vivo: 8h30 às 12h30 Segurança da Informação: “Técnicas de anonimização de bases de dados conforme a LGPD...,2021-12-29T10:18:02.277000-03:00,2021-12-29T10:18:02.579000-03:00,100,4,2026-09-17T20:47:13.441773-03:00
Entra em vigor lei que pune empresas que usarem dados pessoais de maneira indevida,https://g1.globo.com/jornal-nacional/noticia/2021/08/02/entra-em-vigor-lei-que-pune-empresas-que-usarem-dados-pessoais-de-maneira-indevida.ghtml,"...inclusive você pode denunciar se você achar que aquela solicitação é inadequada”, destacou Maria Júlia do Valle, advogada especialista em LGPD...",2021-08-02T20:58:43.699000-03:00,2021-08-02T20:58:44.015000-03:00,100,6,2026-09-17T20:47:13.441773-03:00
Vacinação de idosos contra Covid-19 está sendo usada para aplicar golpes em Patos de Minas,https://g1.globo.com/mg/triangulo-mineiro/noticia/2021/02/09/vacinacao-de-idosos-contra-covid-19-esta-sendo-usada-para-aplicar-golpes-em-patos-de-minas.ghtml,"...Os dados informados à Prefeitura no cadastro são protegidos pela Lei Geral de Proteção de Dados (LGPD), de modo que apenas oficias...",2021-02-09T20:45:11.800000-03:00,2021-02-09T20:45:12.185000-03:00,100,9,2026-09-17T20:47:13.441773-03:00
Comissão do Senado aprova indicados de Bolsonaro para diretoria da ANPD,https://g1.globo.com/politica/noticia/2020/10/19/comissao-do-senado-aprova-indicados-de-bolsonaro-para-conselho-diretor-da-anpd.ghtml,"...O órgão será responsável por fiscalizar e editar normas previstas na Lei Geral de Proteção de Dados (LGPD), que passou a vigorar em... — ...“A LGPD requer que a ANPD dê orientação sobre vários assuntos como: compartilhamentos de dados, portabilidade de dados, regras para...",2020-10-19T13:45:59.365000-03:00,2020-10-19T16:31:36.078000-03:00,101,1,2026-09-17T20:47:13.441773-03:00
Uber amplia pedido de foto de documento para pessoas que pagarem corridas em dinheiro,https://g1.globo.com/economia/tecnologia/noticia/2021/03/31/uber-amplia-pedido-de-foto-de-documento-para-pessoas-que-pagarem-corridas-em-dinheiro.ghtml,"...mantido em segurança e apenas será usada para verificar a sua identidade"", em conformidade com a Lei Geral de Proteção de Dados (LGPD...",2021-03-31T15:50:49.942000-03:00,2021-03-31T15:50:50.308000-03:00,101,2,2026-09-17T20:47:13.441773-03:00
Eleições 2020: MP de SP investiga suspeita de disparo em massa no WhatsApp e raspagem de dados de eleitores em redes sociais,https://g1.globo.com/sp/sao-paulo/eleicoes/2020/noticia/2020/10/07/eleicoes-2020-mp-de-sp-investiga-suspeita-de-disparo-em-massa-no-whatsapp-e-raspagem-de-dados-de-eleitores-em-redes-sociais.ghtml,"...Segundo Bechara, a prática fere tanto a Lei Geral de Proteção de Dados (LGPD), que entrou em vigor no mês passado, como a legislação... — ...empresas usaram dados de eleitores armazenados sem consentimento e, dessa forma, teriam violado a Lei Geral de Proteção de Dados (LGPD...",2020-10-07T11:44:29.448000-03:00,2020-10-07T15:58:16.413000-03:00,101,3,2026-09-17T20:47:13.441773-03:00
"Éder Balbino, o 'gênio de Uberlândia' suspeito de ajudar PL a questionar urnas, responde a todas as perguntas da PF em depoimento, diz defesa",https://g1.globo.com/mg/triangulo-mineiro/noticia/2024/02/23/eder-balbino-o-genio-de-uberlandia-que-ajudou-pl-a-questionar-urnas-responde-a-todas-as-perguntas-da-pf-em-depoimento-diz-defesa.ghtml,"...sempre com observância nos contratos celebrados, as leis contratuais e de segurança da informação, incluindo, mas não se limitando a LGPD...",2024-02-23T10:36:17.365000-03:00,2024-02-23T11:44:08.258000-03:00,101,5,2026-09-17T20:47:13.441773-03:00
Open banking: veja como aderir ao sistema e como cancelar a autorização para compartilhar os dados financeiros,https://g1.globo.com/economia/open-banking/noticia/2021/08/23/open-banking-veja-como-aderir-ao-sistema-e-como-cancelar-a-autorizacao-para-compartilhar-os-dados-financeiros.ghtml,"...As instituições precisam seguir as regras da Lei Geral de Proteção de Dados (LGPD), mas existem também uma regulamentação específica... — ...LEIA MAIS: Descumprir a LGPD pode gerar punições; entenda Entenda o que é Open Banking...",2021-08-23T07:00:45.820000-03:00,2021-08-23T07:00:46.239000-03:00,101,6,2026-09-17T20:47:13.441773-03:00
"Carga de gasolina atinge vegetação após acidente na BR-153, entre Prata e o Trevão; danos ambientais serão avaliados",https://g1.globo.com/mg/triangulo-mineiro/noticia/2021/12/28/carga-de-gasolina-atinge-vegetacao-apos-acidente-na-br-153-entre-prata-e-o-trevao-danos-ambientais-serao-avaliados.ghtml,"...Vale lembrar que a unidade não informa mais a situação do paciente, devido à Lei Geral de Proteção de Dados (LGPD)...",2021-12-28T11:31:46.308000-03:00,2021-12-28T11:35:11.001000-03:00,101,8,2026-09-17T20:47:13.441773-03:00
Lista de vacinados contra a Covid-19 em Uberaba é disponibilizada pela Prefeitura na internet,https://g1.globo.com/mg/triangulo-mineiro/noticia/2021/04/05/lista-de-vacinados-contra-a-covid-19-em-uberaba-e-disponibilizada-pela-prefeitura-na-internet.ghtml,...“Cumprimos a Lei Geral de Proteção de Dados (LGPD)...,2021-04-05T14:09:13.926000-03:00,2021-04-14T13:31:33.715000-03:00,101,9,2026-09-17T20:47:13.441773-03:00
Covid-19: segundo abrigo de idosos é monitorado em Uberaba devido a surto da doença,https://g1.globo.com/mg/triangulo-mineiro/noticia/2021/09/09/covid-19-segundo-abrigo-de-idosos-e-monitorado-em-uberaba-devido-a-surto-da-doenca.ghtml,"...Municipal à TV Integração nesta quinta-feira (9), a instituição – que não teve o nome divulgado devido à Lei Geral de Proteção de Dados (LGPD...",2021-09-09T11:58:54.363000-03:00,2021-09-09T12:20:19.956000-03:00,101,10,2026-09-17T20:47:13.441773-03:00
Veja quem são os donos de veículos do Paraná com ordem de apreensão por decisão de Alexandre de Moraes após ataques em Brasília,https://g1.globo.com/pr/parana/noticia/2023/01/09/veja-quem-sao-os-donos-de-veiculos-do-parana-apreendidos-por-ordem-do-stf-apos-ataques-em-brasilia.ghtml,"...autoridades competentes sendo que, em virtude de confidencialidade contratual e das diretrizes da Lei Geral de Proteção de Dados (LGDP... — ...à disposição dos órgãos competentes para qualquer esclarecimento e disse que não pode divulgar nomes dos passageiros por conta da LGPD...",2023-01-09T17:18:52.280000-03:00,2023-01-10T20:16:28.846000-03:00,102,2,2026-09-17T20:47:13.441773-03:00
"Com 52% das vagas de emprego da região, Americana vê dificuldade para preencher cargos na indústria e busca ampliar capacitação",https://g1.globo.com/sp/campinas-regiao/concursos-e-emprego/noticia/2022/01/20/com-52percent-das-vagas-de-emprego-da-regiao-americana-ve-dificuldade-para-preencher-cargos-na-industria-e-busca-ampliar-capacitacao.ghtml,...propriedade intelectual; Economia circular; Empreender Senai; Preparação para o mundo do trabalho; Privacidade e proteção de dados (LGPD...,2022-01-20T18:04:44.745000-03:00,2022-01-20T18:04:45.218000-03:00,102,3,2026-09-17T20:47:13.441773-03:00
Residente em pediatria relata mortes de crianças por Covid em CTI de hospital infantil de BH: 'Todas não vacinadas',https://g1.globo.com/mg/minas-gerais/noticia/2022/02/03/residente-em-pediatria-relata-mortes-de-criancas-por-covid-em-cti-de-hospital-infantil-de-bh-todas-nao-vacinadas.ghtml,"...criança, a rede não informou o número de mortes registradas no hospital e disse que ""em conformidade à Lei Geral de Proteção de Dados (LGPD...",2022-02-03T05:43:57.046000-03:00,2022-02-03T11:35:12.229000-03:00,102,4,2026-09-17T20:47:13.441773-03:00
Empresa chinesa vai usar reconhecimento facial para barrar menores jogando até tarde,https://g1.globo.com/economia/tecnologia/noticia/2021/07/08/empresa-chinesa-vai-usar-reconhecimento-facial-para-barrar-menores-jogando-ate-tarde.ghtml,"...polêmica No Brasil, as informações biométricas, como a imagem do rosto, são consideradas sensíveis pela Lei Geral de Proteção de Dados (LGPD...",2021-07-08T12:03:19.475000-03:00,2021-07-08T12:03:47.515000-03:00,102,5,2026-09-17T20:47:13.441773-03:00
China aprova lei sobre dados pessoais na internet,https://g1.globo.com/economia/tecnologia/noticia/2021/08/20/china-aprova-lei-sobre-dados-pessoais-na-internet.ghtml,"...O Brasil também conta com uma lei de proteção de dados, conhecida como LGPD...",2021-08-20T08:53:46.286000-03:00,2021-08-20T08:55:50.122000-03:00,102,6,2026-09-17T20:47:13.441773-03:00
Câmara rejeita veto a Projeto de lei que obriga publicação de lista com vacinados contra Covid-19 em Formiga,https://g1.globo.com/mg/centro-oeste/noticia/2021/05/13/camara-rejeita-veto-a-projeto-de-lei-que-obriga-publicacao-de-lista-com-vacinados-contra-covid-19-em-formiga.ghtml,"...Por fim, Eugênio também usou a Lei Geral de Proteção de Dados (LGPD) que trata sobre a divulgação de dados pessoais sensíveis somente...",2021-05-13T09:33:32.571000-03:00,2021-05-13T09:33:33.289000-03:00,102,7,2026-09-17T20:47:13.441773-03:00
"Técnico em informática, empacotador e mais: Sine em RR oferta 85 vagas de emprego nesta quinta-feira (9)",https://g1.globo.com/rr/roraima/noticia/2023/03/09/tecnico-em-informatica-empacotador-e-mais-sine-em-rr-oferta-85-vagas-de-emprego-nesta-quinta-feira-9.ghtml,"...hardware, identificação, manutenção e ampliação do sistema utilizado pela empresa, conhecimento em radio transmissão, conhecimento lgpd...",2023-03-09T09:26:39.614000-03:00,2023-03-09T09:26:39.979000-03:00,102,8,2026-09-17T20:47:13.441773-03:00
Legislativo aprova alteração em lei que obriga divulgação da lista de vacinados contra a Covid-19 em Uberaba,https://g1.globo.com/mg/triangulo-mineiro/noticia/2021/04/14/legislativo-aprova-alteracao-em-lei-que-obriga-divulgacao-da-lista-de-vacinados-contra-a-covid-19-em-uberaba.ghtml,...Municipal de Uberaba O vereador Caio Godoi explicou que a proposta busca adequar Lei Municipal à Lei Geral de Proteção de Dados (LGPD...,2021-04-14T13:39:36.806000-03:00,2021-04-14T13:39:37.321000-03:00,102,9,2026-09-17T20:47:13.441773-03:00
Sine Campina Grande oferta 170 vagas de emprego nesta segunda-feira (5); veja lista,https://g1.globo.com/pb/paraiba/noticia/2022/12/05/sine-campina-grande-oferta-170-vagas-de-emprego-nesta-segunda-feira-5-veja-lista.ghtml,...para quem possui experiência com vendas de produtos financeiros e\ou experiência prévia com ferramentas de CRM; Certificação ANEPS e LGPD...,2022-12-05T06:38:50.208000-03:00,2022-12-05T11:32:56.795000-03:00,102,10,2026-09-17T20:47:13.441773-03:00
Lei Geral de Proteção de Dados é tema de evento gratuito em Itajaí,https://g1.globo.com/sc/santa-catarina/noticia/2019/07/23/lei-geral-de-protecao-de-dados-e-tema-de-evento-gratuito-em-itajai.ghtml,"...A palestra tem como tema ""O impacto da Lei Geral de Proteção de Dados (LGPD) para a gestão da segurança da informação"" e será ministrada...",2019-07-23T10:17:03.883000-03:00,2019-07-23T10:17:04.363000-03:00,103,1,2026-09-17T20:47:13.441773-03:00
Amazon recebe multa recorde de US$ 887 milhões na União Europeia por questões de privacidade,https://g1.globo.com/economia/tecnologia/noticia/2021/07/30/amazon-recebe-multa-recorde-de-746-milhoes-de-euros-na-uniao-europeia-por-questoes-de-privacidade.ghtml,"...O Brasil também possui uma lei de proteção de dados, a LGPD, em vigor desde setembro passado...",2021-07-30T10:13:40.496000-03:00,2021-07-30T10:40:06.016000-03:00,103,2,2026-09-17T20:47:13.441773-03:00
Cremesp investiga morte de bebê de 11 meses após passar por duas cirurgias no coração em Rio Preto,https://g1.globo.com/sp/sao-jose-do-rio-preto-aracatuba/noticia/2021/09/22/cremesp-investiga-morte-de-bebe-11-meses-que-morreu-apos-passar-por-duas-cirurgias-no-coracao-em-rio-preto.ghtml,"...Maternidade disse que, em respeito à ética que rege a relação entre médico e paciente e em cumprimento à Lei Geral de Proteção de Dados (LGPD...",2021-09-22T06:27:26.331000-03:00,2021-09-22T11:02:48.560000-03:00,103,3,2026-09-17T20:47:13.441773-03:00
Metrô de SP inicia operação de sistema de reconhecimento facial; TJ chegou a impedir instalação,https://g1.globo.com/sp/sao-paulo/noticia/2022/11/21/metro-de-sp-inicia-operacao-de-novo-sistema-de-monitoramento-eletronico-por-meio-de-reconhecimento-facial-tj-chegou-a-impedir-instalacao.ghtml,...que o sistema implementado pelo Metrô de São Paulo não atendia aos requisitos legais previstos na Lei Geral de Proteção de Dados (LGPD...,2022-11-21T17:10:52.868000-03:00,2022-11-21T17:12:47.953000-03:00,103,5,2026-09-17T20:47:13.441773-03:00
Conheça detalhes da cobertura no Leblon vendida por R$ 42 milhões,https://g1.globo.com/rj/rio-de-janeiro/noticia/2022/06/27/conheca-detalhes-da-cobertura-no-leblon-vendida-por-r-42-milhoes.ghtml,"...confidencialidade, informações de seus clientes ou específicas das unidades comercializadas, seguindo a Lei Geral de Proteção de Dados Pessoais (LGPD...",2022-06-27T06:00:32.253000-03:00,2022-06-27T14:28:22.141000-03:00,103,6,2026-09-17T20:47:13.441773-03:00
Prefeitura de Mojuí dos Campos entrega tablets e fardamentos para agentes de saúde e endemias,https://g1.globo.com/pa/santarem-regiao/noticia/2022/09/27/prefeitura-de-mojui-dos-campos-entrega-tablets-e-fardamentos-para-agentes-de-saude-e-endemias.ghtml,"...ser ecologicamente correto, pois diminui o gasto excessivo com papel, garante o sigilo de dados, já que o sistema é norteado pela LGPD...",2022-09-27T15:48:25.663000-03:00,2022-09-27T16:15:45.246000-03:00,103,8,2026-09-17T20:47:13.441773-03:00
"Lei do Governo Digital quer acelerar serviços on-line, mas especialistas fazem ressalvas sobre privacidade",https://g1.globo.com/economia/tecnologia/noticia/2021/05/18/lei-do-governo-digital-quer-acelerar-servicos-on-line-mas-especialistas-fazem-ressalvas-sobre-privacidade.ghtml,"...A Lei do Governo Digital cita, em diversos trechos a Lei Geral de Proteção de Dados (LGPD), que começou a valer em setembro do ano... — ...'Bases frágeis' Apesar das menções à LGPD, José Renato, do Laboratório de Políticas Públicas e Internet (Lapin) apontou que a nova...",2021-05-18T07:00:40.342000-03:00,2021-05-18T07:00:40.743000-03:00,103,9,2026-09-17T20:47:13.441773-03:00
Instituto nacional aprova projeto do IHA de qualificação e inserção de pessoas com deficiência no mercado de trabalho em Divinópolis,https://g1.globo.com/mg/centro-oeste/noticia/2022/05/04/instituto-nacional-aprova-projeto-do-iha-de-qualificacao-e-insercao-de-pessoas-com-deficiencia-no-mercado-de-trabalho-em-divinopolis.ghtml,"...funcionários e iniciou o processo de digitalização dos prontuários, conforme as orientações da Lei Geral de Proteção de Dados Pessoais (LGPD...",2022-05-04T08:57:50.147000-03:00,2022-05-04T08:57:50.662000-03:00,103,10,2026-09-17T20:47:13.441773-03:00
Funcionária de escola estadual é demitida por empurrar aluno de 10 anos após discussão sobre uso de máscara em Campinas,https://g1.globo.com/sp/campinas-regiao/noticia/2021/10/20/funcionaria-de-escola-estadual-e-demitida-apos-empurrar-aluno-de-10-anos-em-campinas-policia-apura-maus-tratos.ghtml,"...A Seduc ainda ressalta que a escola conta com sistema de monitoramento por câmeras, mas de acordo com a LGPD, as imagens só são divulgadas...",2021-10-20T11:49:54.137000-03:00,2021-10-20T12:29:32.803000-03:00,104,1,2026-09-17T20:47:13.441773-03:00
"Renovação do cartão de ônibus para estudantes pode ser feita on-line em Ribeirão Preto, SP",https://g1.globo.com/sp/ribeirao-preto-franca/noticia/2021/01/11/renovacao-do-cartao-de-onibus-para-estudantes-pode-ser-feita-on-line-em-ribeirao-preto-sp.ghtml,"...Consentimento: seja para estudantes maiores ou menores de 18 anos, conforme a Lei nº 13.709/2018 Lei Geral de Proteção de dados Pessoais (LGPD...",2021-01-11T09:49:52.451000-03:00,2021-01-11T09:49:52.774000-03:00,104,2,2026-09-17T20:47:13.441773-03:00
Começa nesta terça (5) a 26ª edição da Fenics com programação online,https://g1.globo.com/mg/grande-minas/noticia/2021/10/05/comeca-nesta-terca-5-a-26a-edicao-da-fenics-com-programacao-online.ghtml,...18h15 às 18h30 - Apresentação do SICOOB CREDINOSSO 18h45h às 19h - Impactos da LGPD nos negócios 19h às 19h30 - Iaserway: Solução Óptica...,2021-10-05T11:51:47.216000-03:00,2021-10-05T11:55:22.269000-03:00,104,3,2026-09-17T20:47:13.441773-03:00
RPC: veja as informações adicionais das reportagens do dia 26/05/2022,https://g1.globo.com/pr/parana/informacoes-adicionais-dos-telejornais/noticia/2022/05/26/rpc-veja-as-informacoes-adicionais-das-reportagens-do-dia-26052022.ghtml,...11) Operador de Processos de Produção - Emprega + PCB Layout Auxiliar de Informática - Caminho da Profissão Mac OS Intermediário Lgpd...,2022-05-26T07:00:25.316000-03:00,2022-05-26T11:36:25.861000-03:00,104,4,2026-09-17T20:47:13.441773-03:00
Quais os riscos do open banking? Órgãos orientam consumidores sobre direitos e cuidados a serem tomados,https://g1.globo.com/economia/open-banking/noticia/2021/09/22/quais-os-riscos-do-open-banking-orgaos-orientam-consumidores-sobre-direitos-e-cuidados-a-serem-tomados.ghtml,"...mau uso que podem ocorrer, mas lembra que os dados dos consumidores também estão protegidos pela Lei Geral de Proteção de Dados (LGPD... — ...que a troca de informações no open banking também está protegida pela Lei do Sigilo Bancário e pela Lei Geral de Proteção de Dados (LGPD...",2021-09-22T07:00:41.061000-03:00,2021-09-22T07:00:41.473000-03:00,104,5,2026-09-17T20:47:13.441773-03:00
Ministério Público de MT impõe critérios para contato de promotores e procuradores com a imprensa,https://g1.globo.com/mt/mato-grosso/noticia/2021/07/01/ministerio-publico-de-mt-impoe-criterios-para-contato-de-promotores-e-procuradores-com-a-imprensa.ghtml,...O órgão informou que são medidas para atender às exigências da Lei Geral de Proteção de Dados Pessoais (LGPD) e Lei de Abuso de Autoridade...,2021-07-01T15:45:45.432000-03:00,2021-07-01T15:45:45.732000-03:00,104,6,2026-09-17T20:47:13.441773-03:00
"Após ataque com vírus de resgate, criminosos pressionam empresa enviando e-mail sobre vazamento de dados a clientes",https://g1.globo.com/economia/tecnologia/blog/altieres-rohr/post/2021/03/29/apos-ataque-com-virus-de-resgate-criminosos-pressionam-empresa-enviando-e-mail-sobre-vazamento-de-dados-a-clientes.ghtml,"...segurança Apura, já foram registrados casos em que os golpistas tentaram usar as punições previstas na Lei Geral de Proteção de Dados (LGPD...",2021-03-29T15:21:45.749000-03:00,2021-03-29T15:21:46.118000-03:00,104,7,2026-09-17T20:47:13.441773-03:00
Ana Pink: quem é a influencer e empresária presa por suspeita de lavagem de dinheiro em Ribeirão Preto,https://g1.globo.com/sp/ribeirao-preto-franca/noticia/2022/03/17/ana-pink-quem-e-a-influencer-e-empresaria-presa-por-suspeita-de-lavagem-de-dinheiro-em-ribeirao-preto.ghtml,"...especialista em direito bancário, direito contratual, assessoria jurídica para correspondente bancário, lei geral de proteção de dados (LGPD...",2022-03-17T15:23:00.168000-03:00,2022-03-17T17:11:22.059000-03:00,104,8,2026-09-17T20:47:13.441773-03:00
Ligações telefônicas 'spam': Brasil lidera disparado ranking mundial de chamadas indesejadas,https://g1.globo.com/economia/noticia/2021/12/17/ligacoes-telefonicas-spam-brasil-lidera-disparado-ranking-mundial-de-chamadas-indesejadas.ghtml,"...nacional específica referente ao telemarketing abusivo, mas que as normas existentes, como a Lei Geral de Proteção de Dados Pessoais (LGPD... — ...que usar prefixo 0303 Moyses defende que seja criada uma legislação específica sobre o telemarketing abusivo em consonância com a LGPD...",2021-12-17T07:24:30.359000-03:00,2021-12-17T07:24:30.619000-03:00,104,9,2026-09-17T20:47:13.441773-03:00
Justiça do DF suspende venda de dados pessoais pela Serasa Experian,https://g1.globo.com/df/distrito-federal/noticia/2020/11/24/justica-do-df-suspende-venda-de-dados-pessoais-pela-serasa-experian.ghtml,"...Para os promotores, a prática também fere a Lei Geral de Proteção de Dados (LGPD), que garante ao consumidor ""poder sobre o trânsito...",2020-11-24T13:13:09.873000-03:00,2020-11-24T13:13:10.549000-03:00,104,10,2026-09-17T20:47:13.441773-03:00
"Sites e aplicativos educacionais brasileiros coletaram e compartilharam dados de crianças, diz relatório da Humans Rights Watch",https://g1.globo.com/educacao/noticia/2022/05/25/sites-e-aplicativos-educacionais-brasileiros-coletaram-e-compartilharam-dados-de-criancas-diz-relatorio-da-humans-rights-watch.ghtml,"...Além disso, são utilizados mecanismos de segurança em conformidade com a LGPD para garantir a privacidade das informações pessoais...",2022-05-25T18:24:28.278000-03:00,2022-06-03T12:56:40.737000-03:00,105,2,2026-09-17T20:47:13.441773-03:00
Oito dos 10 candidatos ao governo de SC são milionários; veja patrimônio declarado ao TSE,https://g1.globo.com/sc/santa-catarina/eleicoes/2022/noticia/2022/08/17/oito-dos-10-candidatos-ao-governo-de-sc-sao-milionarios-veja-patrimonio-declarado-ao-tse.ghtml,...Isso ocorre porque a Justiça Eleitoral passou a adotar os efeitos da Lei Geral de Proteção de Dados (LGPD)...,2022-08-17T13:33:39.961000-03:00,2022-08-17T13:33:40.563000-03:00,105,3,2026-09-17T20:47:13.441773-03:00
Câmeras: Tarcísio defende que o acionamento remoto vai garantir mais controle sobre as gravações das ocorrências policiais,https://g1.globo.com/sp/sao-paulo/noticia/2024/05/23/cameras-corporais-tarcisio-defende-que-o-acionamento-remoto-vai-garantir-mais-controle-sobre-as-gravacoes-das-ocorrencias-policiais.ghtml,"...Ministério Público, o Poder Judiciário e demais órgãos de controle, seguindo as regras estabelecidas pela Lei Geral de Proteção de Dados (LGPD...",2024-05-23T15:36:00.804000-03:00,2024-05-23T16:21:38.577000-03:00,105,4,2026-09-17T20:47:13.441773-03:00
Edital das novas câmeras corporais da PM de SP: policial vai poder escolher se quer gravar ou não uma ocorrência,https://g1.globo.com/sp/sao-paulo/noticia/2024/05/23/edital-das-novas-cameras-corporais-da-pm-de-sp-policial-vai-poder-escolher-se-quer-gravar-ou-nao-uma-ocorrencia.ghtml,"...Ministério Público, o Poder Judiciário e demais órgãos de controle, seguindo as regras estabelecidas pela Lei Geral de Proteção de Dados (LGPD...",2024-05-23T05:03:35.621000-03:00,2024-05-24T11:32:32.426000-03:00,105,5,2026-09-17T20:47:13.441773-03:00
"Morre paciente que reencontrou filha no hospital após transplante de pulmão: 'Grande despedida', diz pai",https://g1.globo.com/sp/sao-jose-do-rio-preto-aracatuba/noticia/2021/07/13/morre-paciente-que-reencontrou-filha-no-hospital-dois-meses-apos-transplante-de-pulmao-grande-despedida-diz-pai.ghtml,"...O G1 entrou em contato com o Hospital de Base, que informou que segue as determinações da Lei Geral de Proteção de Dados, LGPD, e,...",2021-07-13T15:48:10.573000-03:00,2021-07-13T19:36:51.260000-03:00,105,7,2026-09-17T20:47:13.441773-03:00
"Após liminar, Unicamp divulga lista com nomes de profissionais vacinados contra a Covid-19",https://g1.globo.com/sp/campinas-regiao/noticia/2021/02/01/apos-liminar-unicamp-divulga-lista-com-nome-de-profissionais-vacinados-contra-a-covid-19.ghtml,"...têm confidencialidade e inviolabilidade asseguradas, como ocorre com outros sistemas de informação em saúde, conforme estipula a LGPD...",2021-02-01T18:08:10.573000-03:00,2021-02-02T08:45:50.234000-03:00,105,8,2026-09-17T20:47:13.441773-03:00
Procon-SP notifica Serasa por estudo que solicitou senha bancária; empresa nega risco a usuários,https://g1.globo.com/economia/tecnologia/blog/altieres-rohr/post/2021/03/04/procon-sp-notifica-serasa-por-estudo-que-solicitou-senha-bancaria-empresa-nega-risco-a-usuarios.ghtml,"...informações que foram colocadas e qual foi o tratamento desses dados, levando em conta a vigência da Lei Geral de Proteção de Dados (LGPD...",2021-03-04T16:23:52.791000-03:00,2021-03-04T16:23:53.239000-03:00,105,10,2026-09-17T20:47:13.441773-03:00
"WhatsApp é multado em R$ 1,3 bilhão na Europa por desrespeitar lei de proteção de dados",https://g1.globo.com/economia/tecnologia/noticia/2021/09/02/whatsapp-e-multado-na-europa-por-desrespeitar-lei-de-protecao-de-dados-pessoais.ghtml,"...O Brasil também possui uma lei de proteção de dados, a LGPD, em vigor desde setembro passado...",2021-09-02T09:16:38.265000-03:00,2021-09-02T09:54:24.876000-03:00,106,1,2026-09-17T20:47:13.441773-03:00
AP abre cadastro de público LGBT em base de dados para facilitar assistência e proteção à comunidade,https://g1.globo.com/ap/amapa/noticia/2020/07/08/ap-abre-cadastro-de-publico-lgbt-em-base-de-dados-para-facilitar-assistencia-e-protecao-a-comunidade.ghtml,"...Apenas órgãos responsáveis poderão ter acesso, seguindo o que prevê a Lei Geral de Proteção de Dados Pessoais (LGPD)...",2020-07-08T17:18:18.839000-03:00,2020-07-08T18:56:06.774000-03:00,106,2,2026-09-17T20:47:13.441773-03:00
"Jovem que viveu 10 anos em hospital no RS segue tratamento em casa, e família luta na Justiça pelo custeio",https://g1.globo.com/rs/rio-grande-do-sul/noticia/2022/06/23/jovem-que-viveu-10-anos-em-hospital-no-rs-segue-tratamento-em-casa-e-familia-luta-na-justica-pelo-custeio.ghtml,"...vista que as informações solicitadas são específicas sobre um cidadão, de acordo com a Lei Geral de Proteção dos Dados Pessoais (LGPD...",2022-06-23T11:25:23.195000-03:00,2022-06-23T11:25:24.030000-03:00,106,3,2026-09-17T20:47:13.441773-03:00
"VÍDEO: com ajuda de adolescente, criança de 2 anos é resgatada de buraco de 4 metros em Uberlândia",https://g1.globo.com/mg/triangulo-mineiro/noticia/2021/08/16/video-com-ajuda-de-adolescente-crianca-de-2-anos-e-resgatada-de-buraco-de-4-metros-em-uberlandia.ghtml,"...Procurada pelo G1 para saber o estado de saúde da paciente, a unidade informou que, devido à Lei Geral de Proteção de Dados (LGPD),...",2021-08-16T10:14:31.373000-03:00,2021-08-16T15:02:10.974000-03:00,106,4,2026-09-17T20:47:13.441773-03:00
Índia e Argentina pedem para WhatsApp suspender nova política de privacidade,https://g1.globo.com/economia/tecnologia/noticia/2021/05/20/india-e-argentina-pedem-para-whatsapp-suspender-nova-politica-de-privacidade.ghtml,"...Em comunicado, elas indicaram que as novas regras do WhatsApp podem representar violações à Lei Geral de Proteção de Dados (LGPD)...",2021-05-20T14:50:10.486000-03:00,2021-05-20T15:20:03.511000-03:00,106,5,2026-09-17T20:47:13.441773-03:00
Balcão do BDMG: veja as vagas de emprego para BH e região,https://g1.globo.com/mg/minas-gerais/noticia/2021/11/01/balcao-do-bdmg-veja-as-vagas-de-emprego-para-bh-e-regiao.ghtml,"...Os temas em destaque são: contabilidade, normas técnicas (NBR), LGPD e gestão em reformas...",2021-11-01T06:00:27.508000-03:00,2021-11-01T12:03:38.453000-03:00,106,8,2026-09-17T20:47:13.441773-03:00
Coronavírus: Senado aprova projeto que proíbe despejo de inquilino durante pandemia,https://g1.globo.com/politica/noticia/2020/05/19/coronavirus-senado-aprova-projeto-que-proibe-despejo-de-inquilino-durante-pandemia.ghtml,"...Com isso, a Lei Geral de Proteção de Dados (LGPD) começará a valer em 14 de agosto deste ano... — ...A LGPD regula o tratamento de dados pessoais e altera o Marco Civil da Internet, determinando que empresas privadas e órgãos públicos...",2020-05-19T21:52:28.951000-03:00,2020-05-19T23:53:36.756000-03:00,106,9,2026-09-17T20:47:13.441773-03:00
Golpe em hospital: polícia e advogada indicam o que as vítimas devem fazer para evitar prejuízos,https://g1.globo.com/sp/campinas-regiao/noticia/2022/03/28/golpe-em-hospital-policia-e-advogada-indicam-o-que-as-vitimas-devem-fazer-para-evitar-prejuizos.ghtml,"...Não está sendo aplicado a lei do LGPD, que é o tratamento da proteção dos dados do paciente, que está sendo exposto aos golpistas""...",2022-03-28T14:57:21.789000-03:00,2022-03-28T14:57:23.449000-03:00,106,10,2026-09-17T20:47:13.441773-03:00
"Adolescente com 'barriga gigante' faz apelo para conseguir cirurgia no fígado e remédios para tratamento, em Aragoiânia",https://g1.globo.com/go/goias/noticia/2022/02/24/adolescente-com-barriga-gigante-faz-apelo-para-conseguir-cirurgia-no-figado-e-remedios-para-tratamento-em-aragoiania.ghtml,"...Informamos ainda que, em razão do Código de Ética Médica, e agora também por conta da LGPD (Lei Geral de Proteção de Dados), o HC-UFG...",2022-02-24T12:47:50.908000-03:00,2022-02-24T17:09:55.882000-03:00,107,1,2026-09-17T20:47:13.441773-03:00
"Cozinheiro geral, embalador e mais: Sine em RR oferta 91 vagas de emprego nesta sexta-feira (10)",https://g1.globo.com/rr/roraima/noticia/2023/03/10/cozinheiro-geral-embalador-e-mais-sine-em-rr-oferta-91-vagas-de-emprego-nesta-sexta-feira-10.ghtml,"...hardware, identificação, manutenção e ampliação do sistema utilizado pela empresa, conhecimento em radio transmissão, conhecimento lgpd...",2023-03-10T10:38:21.604000-03:00,2023-03-10T10:38:22.015000-03:00,107,4,2026-09-17T20:47:13.441773-03:00
"Vazamentos de dados em empresas expõem senhas de funcionários do governo, diz relatório",https://g1.globo.com/economia/tecnologia/noticia/2021/08/24/vazamentos-de-dados-em-empresas-expoem-senhas-de-funcionarios-do-governo-diz-relatorio.ghtml,"...empresas, falhas no tratamento de dados dos usuários podem causar sanções caso as determinações da Lei Geral de Proteção de Dados (LGPD...",2021-08-24T10:18:10.125000-03:00,2021-08-27T18:45:27.877000-03:00,107,5,2026-09-17T20:47:13.441773-03:00
Faculdade oferece palestras gratuitas com tema jurídico em Sorocaba,https://g1.globo.com/sp/sorocaba-jundiai/noticia/2019/05/20/faculdade-oferece-palestras-com-tema-juridico-em-sorocaba.ghtml,"...Na quarta-feira (22), o convidado Marcelo Crespo apresentará o assunto “Proteção de Dados Pessoais e Compliance com a LGPD”...",2019-05-20T12:54:51.071000-03:00,2019-05-20T12:59:42.530000-03:00,107,6,2026-09-17T20:47:13.441773-03:00
Entidades de segurança pública e direitos humanos dizem que novo edital precariza programa de câmeras da PM em SP,https://g1.globo.com/sp/sao-paulo/noticia/2024/05/24/entidades-de-seguranca-publica-e-direitos-humanos-dizem-que-novo-edital-precariza-programa-de-cameras-da-pm-em-sp.ghtml,"...Ministério Público, o Poder Judiciário e demais órgãos de controle, seguindo as regras estabelecidas pela Lei Geral de Proteção de Dados (LGPD...",2024-05-24T05:03:01.715000-03:00,2024-05-24T11:36:30.987000-03:00,107,7,2026-09-17T20:47:13.441773-03:00
"Depois de Americanas e Submarino, Shoptime também fica fora do ar",https://g1.globo.com/tecnologia/noticia/2022/02/21/americanas-e-submarino-seguem-fora-do-ar-mas-empresa-coloca-mensagem-sobre-indisponibilidade.ghtml,"...A Lei Geral de Proteção de Dados (LGPD), que impôs regras sobre o uso de dados pessoais dos brasileiros, diz que elas devem notificar...",2022-02-21T13:51:43.523000-03:00,2022-02-21T17:19:04.997000-03:00,107,8,2026-09-17T20:47:13.441773-03:00
"Após sofrer ataque de hackers, GoDaddy anula senhas vazadas e notifica clientes",https://g1.globo.com/economia/tecnologia/blog/altieres-rohr/post/2020/05/08/apos-sofrer-ataque-de-hackers-godaddy-anula-senhas-vazadas-e-notifica-clientes.ghtml,"...No Brasil, a Lei Geral de Proteção de Dados (LGPD) deve impor regras semelhantes...",2020-05-08T16:37:34.946000-03:00,2020-05-08T16:37:35.286000-03:00,108,1,2026-09-17T20:47:13.441773-03:00
"Erros em materiais, falta de psicólogos e saída do PNLD: 10 momentos de Feder na Educação de SP que foram alvos de críticas",https://g1.globo.com/sp/sao-paulo/noticia/2023/09/06/erros-em-materiais-falta-de-psicologos-e-saida-do-pnld-10-momentos-de-feder-na-educacao-de-sp-que-foram-alvos-de-criticas.ghtml,"...celulares pessoais de professores e responsáveis por alunos da rede estadual, o que infringe a Lei Geral de Proteção de Dados Pessoais (LGPD...",2023-09-06T18:55:52.218000-03:00,2023-09-06T19:03:01.047000-03:00,108,2,2026-09-17T20:47:13.441773-03:00
Pesquisa mostra cargos em alta e média salarial em oito áreas em 2023,https://g1.globo.com/trabalho-e-carreira/noticia/2022/09/27/pesquisa-mostra-cargos-em-alta-e-media-salarial-em-oito-areas-em-2023.ghtml,"...Para empresas - Advogados generalistas (pleno a diretor), Advogados especializados em contratos (pleno), Advogados de compliance/LGPD... — .../ Para Segurança da Informação: preventivo e gestão pós-ataque, antivírus, análise de vulnerabilidade, conhecimento e adequação à LGPD...",2022-09-27T06:02:02.361000-03:00,2022-09-27T06:02:04.211000-03:00,108,3,2026-09-17T20:47:13.441773-03:00
"Prefeitura de Ponta de Pedras é a mais transparente do Marajó; Gurupá tem pior índice, aponta estudo",https://g1.globo.com/pa/para/noticia/2022/07/05/prefeitura-de-ponta-de-pedras-e-a-mais-transparente-do-marajo-gurupa-e-a-menos-transparente-aponta-estudo.ghtml,...de proteção ao denunciante (Ponta de Pedras e Santa Cruz do Arari) Apenas 4 prefeituras já concluíram o processo de adequação da LGPD...,2022-07-05T10:00:12.724000-03:00,2022-07-11T16:00:03.244000-03:00,108,4,2026-09-17T20:47:13.441773-03:00
Busca por cursos on-line dispara na pandemia; veja dicas para empreender no universo digital,https://g1.globo.com/economia/pme/noticia/2021/08/03/busca-por-cursos-on-line-dispara-na-pandemia-veja-dicas-para-empreender-no-universo-digital.ghtml,"...LGPD: é importante levar em consideração a proteção dos dados dos alunos que a plataforma oferece, principalmente com a implantação... — ...da Lei Geral de Proteção de Dados (LGPD)...",2021-08-03T07:03:20.830000-03:00,2021-08-03T11:14:24.508000-03:00,108,5,2026-09-17T20:47:13.441773-03:00
"Google, Facebook, Twitter e entidades civis afirmam que projeto de lei das fake news traz riscos a privacidade e segurança",https://g1.globo.com/economia/tecnologia/noticia/2020/06/25/google-facebook-twitter-e-entidades-civis-afirmam-que-projeito-de-lei-das-fake-news-traz-riscos-a-privacidade-e-seguranca.ghtml,"...A coleta dessas informações, segundo advogados e empresas, também entraria em conflito com outras leis, como a própria LGPD, que determina... — ...Adiamento da LGPD gera incerteza jurídica e mantém problema da falta de órgão regulador ""Sem tempo hábil para debate e amadurecimento...",2020-06-25T15:41:32.476000-03:00,2020-06-25T20:57:48.905000-03:00,108,6,2026-09-17T20:47:13.441773-03:00
É normal receber mensagens SMS que alertam que sua conta bancária será bloqueada?,https://g1.globo.com/economia/tecnologia/blog/altieres-rohr/post/2020/09/10/e-normal-receber-mensagens-sms-que-alertam-que-sua-conta-bancaria-sera-bloqueada.ghtml,"...A Lei Geral de Proteção de Dados (LGPD) define algumas multas em caso de erro ou negligência no tratamento de dados... — ...Quanto aos novos aspectos da LGPD, o Judiciário ainda terá de se manifestar em casos concretos para entendermos como a lei valerá na...",2020-09-10T08:00:49.112000-03:00,2020-09-10T08:00:49.525000-03:00,108,7,2026-09-17T20:47:13.441773-03:00
Governo do RS usa dados de celulares para localizar aglomeração de pessoas,https://g1.globo.com/rs/rio-grande-do-sul/noticia/2020/05/06/governo-do-rs-usa-dados-de-celulares-para-localizar-aglomeracao-de-pessoas.ghtml,"...pública (Data Lake) e organizados de forma agregada, estatística e anônima, de acordo com as normas da Lei Geral de Proteção de Dados (LGPD...",2020-05-06T18:01:12.524000-03:00,2020-05-06T22:16:10.297000-03:00,108,9,2026-09-17T20:47:13.441773-03:00
WhatsApp vai limitar funções de contas que não aceitarem novas regras 'em algumas semanas',https://g1.globo.com/economia/tecnologia/noticia/2021/05/07/whatsapp-vai-limitar-funcoes-do-app-de-quem-nao-aceitar-novas-regras-em-algumas-semanas.ghtml,"...foi combinado com autoridades brasileiras, que investigam se as mudanças estão em desacordo com a Lei Geral de Proteção de Dados (LGPD...",2021-05-07T14:28:06.269000-03:00,2021-05-14T16:10:26.444000-03:00,108,10,2026-09-17T20:47:13.441773-03:00
Open banking e pequenas empresas: como o serviço pode ajudar seu negócio,https://g1.globo.com/economia/open-banking/noticia/2021/09/16/open-banking-e-pequenas-empresas-como-o-servico-pode-ajudar-seu-negocio.ghtml,...Todas as novidades propostas pelo Open Banking estão amparadas pela Lei Geral de Proteção de Dados (LGPD)...,2021-09-16T06:00:57.436000-03:00,2021-09-16T06:00:57.865000-03:00,109,1,2026-09-17T20:47:13.441773-03:00
"Open banking é iniciativa para criar o 'sistema financeiro do futuro', diz presidente do BC",https://g1.globo.com/economia/noticia/2021/02/01/open-banking-e-uma-das-iniciativas-para-criar-o-sistema-financeiro-do-futuro-diz-presidente-do-bc.ghtml,"...Financeiro do Banco Central, João Andre Marques Pereira, o open banking representará a implementação da Lei Geral de Proteção de Dados (LGPD...",2021-02-01T11:35:27.816000-03:00,2021-07-26T10:11:02.294000-03:00,109,2,2026-09-17T20:47:13.441773-03:00
"Operador de caixa, vendedor e mais: Sine em RR oferta 109 vagas de emprego nesta sexta-feira (17)",https://g1.globo.com/rr/roraima/noticia/2023/03/17/operador-de-caixa-vendedor-e-mais-sine-em-rr-oferta-109-vagas-de-emprego-nesta-sexta-feira-17.ghtml,"...hardwer, identificação, manutenção e ampliação do sistema utilizado pela empresa, conhecimento em radio transmissão, conhecimento lgpd...",2023-03-17T10:12:03.735000-03:00,2023-03-17T10:12:04.057000-03:00,109,4,2026-09-17T20:47:13.441773-03:00
Bolsonaristas vazam ilegalmente dados pessoais de médicos que defendem a vacinação infantil,https://g1.globo.com/politica/noticia/2022/01/06/bolsonaristas-vazam-ilegalmente-dados-pessoais-de-medicos-que-defendem-a-vacinacao-infantil.ghtml,"...transparência, serão tornadas públicas após o tratamento de dados pessoais previstos na Lei Geral de Proteção de Dados Pessoais (LGPD...",2022-01-06T20:32:56.188000-03:00,2022-01-07T09:17:13.389000-03:00,109,5,2026-09-17T20:47:13.441773-03:00
Senac AM abre 38 cursos online gratuitos para empreendedores durante pandemia,https://g1.globo.com/am/amazonas/noticia/2020/06/08/senac-am-abre-38-cursos-online-gratuitos-para-empreendedores-durante-pandemia.ghtml,...e formação do preço de venda (30h) Boas práticas em saúde e segurança no trabalho (20h) Lei Geral de Proteção de Dados Pessoais - LGPD...,2020-06-08T17:23:31.676000-03:00,2020-06-08T17:23:31.950000-03:00,109,6,2026-09-17T20:47:13.441773-03:00
Operadoras dizem que não detectaram vazamentos de dados de clientes,https://g1.globo.com/economia/noticia/2021/02/18/operadoras-dizem-que-nao-detectaram-vazamentos-de-dados-de-clientes.ghtml,"...pela Autoridade Nacional de Proteção de Dados (ANPD), criada no fim de setembro para regulamentar a Lei Geral de Proteção de Dados (LGPD...",2021-02-18T09:13:43.684000-03:00,2021-02-19T10:55:59.020000-03:00,109,7,2026-09-17T20:47:13.441773-03:00
Assistente administrativo e mais: Sine em RR oferta 86 vagas de emprego nesta segunda-feira (13),https://g1.globo.com/rr/roraima/noticia/2023/03/13/assistente-administrativo-e-mais-sine-em-rr-oferta-86-vagas-de-emprego-nesta-segunda-feira-13.ghtml,"...hardware, identificação, manutenção e ampliação do sistema utilizado pela empresa, conhecimento em radio transmissão, conhecimento lgpd...",2023-03-13T10:00:26.803000-03:00,2023-03-13T10:00:27.282000-03:00,109,9,2026-09-17T20:47:13.441773-03:00
Santos disponibiliza aplicativo gratuito que informa situação da Covid-19 na cidade,https://g1.globo.com/sp/santos-regiao/mais-saude/noticia/2021/04/05/santos-disponibiliza-aplicativo-gratuito-que-informa-situacao-da-covid-19-na-cidade.ghtml,"...As informações são anônimas, respeitando o sigilo dos usuários e de acordo com a Lei Geral de Proteção de Dados (LGPD), conforme explica...",2021-04-05T19:06:35.196000-03:00,2021-04-05T19:06:35.709000-03:00,109,10,2026-09-17T20:47:13.441773-03:00
"Último dia da Feira do Polo Digital acontece neste sábado com premiação, palestras e atividades gratuitas",https://g1.globo.com/am/amazonas/noticia/2021/12/11/ultimo-dia-da-feira-do-polo-digital-acontece-neste-sabado-com-premiacao-palestras-e-atividades-gratuitas.ghtml,...Os painéis serão “A LGPD se aplica as GOVTech?”...,2021-12-11T13:00:05.460000-03:00,2021-12-11T13:00:05.802000-03:00,110,1,2026-09-17T20:47:13.441773-03:00
Câmara aprova projeto que flexibiliza relações jurídicas durante a pandemia,https://g1.globo.com/politica/noticia/2020/05/14/camara-aprova-texto-base-de-projeto-que-flexibiliza-relacoes-juridicas-durante-a-pandemia.ghtml,"...dispositivos de leis como o Código de Defesa do Consumidor, as regras de defesa da concorrência e a Lei Geral de Proteção de Dados (LGPD... — ...Lei Geral de Proteção de Dados O texto aprovado no Senado prorrogava a entrada em vigor da Lei Geral de Proteção de Dados (LGPD) para...",2020-05-14T18:14:54.849000-03:00,2020-05-14T22:47:16.557000-03:00,110,2,2026-09-17T20:47:13.441773-03:00
"Americanas e Submarino fora do ar: se usar a mesma senha dessas lojas em outros serviços, é melhor trocar, diz especialista",https://g1.globo.com/tecnologia/noticia/2022/02/21/americanas-e-submarino-fora-do-ar-se-usar-a-mesma-senha-dessas-lojas-em-outros-servicos-e-melhor-trocar-diz-especialista.ghtml,"...A Lei Geral de Proteção de Dados (LGPD), que impôs regras sobre o uso de dados pessoais dos brasileiros, diz que elas devem notificar...",2022-02-21T13:33:06.867000-03:00,2022-02-21T17:20:05.194000-03:00,110,3,2026-09-17T20:47:13.441773-03:00
Justiça multa concessionária em R$ 100 mil por coleta de dados de passageiros na Linha 4-Amarela do Metrô de SP,https://g1.globo.com/sp/sao-paulo/noticia/2021/05/11/justica-multa-concessionaria-em-r-100-mil-por-coleta-de-dados-de-passageiros-na-linha-4-amarela-do-metro-de-sp.ghtml,"...atendimento à legislação vigente, inclusive ao que concerne à legislação superveniente específica relativa à proteção de dados, a LGPD...",2021-05-11T17:42:18.547000-03:00,2021-05-12T14:33:51.921000-03:00,110,4,2026-09-17T20:47:13.441773-03:00
Deputados têm ganhos milionários em 4 anos; parlamentar do Novo tem perda de R$ 18 milhões; veja ranking,https://g1.globo.com/politica/eleicoes/2022/eleicao-em-numeros/noticia/2022/09/23/deputados-tem-ganhos-milionarios-em-4-anos-parlamentar-do-novo-tem-perda-de-r-18-milhoes-veja-ranking.ghtml,"...que, neste ano, a Justiça Eleitoral diminuiu o detalhamento que os bens precisam ter, com base na Lei Geral de Proteção de Dados (LGPD...",2022-09-23T04:00:50.657000-03:00,2022-09-23T14:19:49.632000-03:00,110,6,2026-09-17T20:47:13.441773-03:00
Coronel é investigado por uso de cadastro de alistamento para disparar propaganda eleitoral em Belém,https://g1.globo.com/pa/para/eleicoes/2020/noticia/2020/11/06/coronel-do-exercito-e-alvo-de-denuncia-por-uso-de-cadastro-de-alistamento-para-disparar-propaganda-eleitoral-em-belem.ghtml,...de WhatsApp e SMS sem autorização explícita dos usuários é irregularidade eleitoral prevista pela Lei Geral de Proteção de Dados (LGPD...,2020-11-06T19:59:05.909000-03:00,2020-11-06T23:49:11.070000-03:00,110,7,2026-09-17T20:47:13.441773-03:00
"Vídeo: salário, gastos no cartão... Entenda quais dados podem ser compartilhados no sistema de open banking",https://g1.globo.com/economia/open-banking/noticia/2021/09/23/video-salario-gastos-no-cartao-entenda-quais-dados-podem-ser-compartilhados-no-sistema-de-open-banking.ghtml,"...O BC exige que, com base na Lei Geral de Proteção de Dados (LGPD), que os dados e seu tratamento deve estar limitado unicamente às...",2021-09-23T12:14:06.785000-03:00,2021-09-23T13:24:52.485000-03:00,110,8,2026-09-17T20:47:13.441773-03:00
"Engenheiro civil, balconista e mais: Sine em RR oferta 229 vagas de emprego nesta quarta-feira (15)",https://g1.globo.com/rr/roraima/noticia/2023/03/15/engenheiro-civil-balconista-e-mais-sine-em-rr-oferta-229-vagas-de-emprego-nesta-quarta-feira-15.ghtml,"...hardware, identificação, manutenção e ampliação do sistema utilizado pela empresa, conhecimento em radio transmissão, conhecimento lgpd...",2023-03-15T10:42:52.709000-03:00,2023-03-15T10:42:53.077000-03:00,110,9,2026-09-17T20:47:13.441773-03:00
Órgãos públicos recomendam que WhatsApp adie nova política de privacidade,https://g1.globo.com/economia/tecnologia/noticia/2021/05/07/orgaos-do-governo-recomendam-que-whatsapp-adie-novamente-a-politica-de-privacidade.ghtml,"...podem representar violações aos direitos dos titulares de dados pessoais, que foram definidos pela Lei Geral de Proteção de Dados (LGPD...",2021-05-07T15:05:23.765000-03:00,2021-05-10T10:38:16.583000-03:00,110,10,2026-09-17T20:47:13.441773-03:00
Saiba como consultar quem já foi vacinado contra Covid-19 no Recife,https://g1.globo.com/pe/pernambuco/noticia/2021/03/04/saiba-como-consultar-quem-ja-foi-vacinado-contra-covid-19-no-recife.ghtml,"...Segundo o MPPE, um dos pontos discutidos foi uma eventual violação da Lei Geral de Proteção de Dados (LGPD) com a divulgação desses...",2021-03-04T12:08:46.850000-03:00,2021-03-04T12:13:12.346000-03:00,111,1,2026-09-17T20:47:13.441773-03:00
Site brasileiro de classificados de empregos revela que invasores tiveram acesso indevido a banco de dados,https://g1.globo.com/economia/tecnologia/blog/altieres-rohr/post/2020/06/10/site-brasileiro-de-classificados-de-empregos-revela-que-invasores-tiveram-acesso-indevido-a-banco-de-dados.ghtml,"...A Lei Geral de Proteção de Dados (LGPD) prevê a obrigatoriedade de comunicar ""incidentes de segurança"" quando houver ""risco relevante...",2020-06-10T17:52:14.236000-03:00,2020-06-10T17:52:14.429000-03:00,111,3,2026-09-17T20:47:13.441773-03:00
"Candidatos à Prefeitura de Mogi, Caio Cunha e Marcus Melo assinam carta-compromisso pela transparência de dados públicos",https://g1.globo.com/sp/mogi-das-cruzes-suzano/eleicoes/2020/noticia/2020/11/28/candidatos-a-prefeitura-de-mogi-caio-cunha-e-marcus-melo-assinam-carta-compromisso-pela-transparencia-de-dados-publicos.ghtml,"...formato aberto e acessível, acatando as determinações e restrições estabelecidas pela LAI e pela Lei Geral de Proteção de Dados (LGPD...",2020-11-28T18:30:55.880000-03:00,2020-11-28T18:38:06.252000-03:00,111,4,2026-09-17T20:47:13.441773-03:00
Entenda como uma boa estratégia de pós-venda pode evoluir o seu negócio online,https://g1.globo.com/especial-publicitario/vae/noticia/2021/12/22/entenda-como-uma-boa-estrategia-de-pos-venda-pode-evoluir-o-seu-negocio-online.ghtml,"...banco de dados de forma responsável, ou seja, com o consentimento do cliente e de acordo com a lei vigente de proteção de dados (LGPD...",2021-12-22T11:33:51.740000-03:00,2021-12-22T11:59:32.170000-03:00,111,5,2026-09-17T20:47:13.441773-03:00
Acesso a dados do Facebook por empresas: veja perguntas e respostas,https://g1.globo.com/economia/tecnologia/noticia/2018/12/19/acesso-a-dados-do-facebook-por-empresas-veja-perguntas-e-respostas.ghtml,"...No Brasil, a Lei Geral de Proteção de Dados (LGPD) foi sancionada em agosto e passa a valer em fevereiro de 2020, quando termina o... — ...A LGPD se inspirou na regulação europeia e uniu projetos que já tramitavam no Congresso...",2018-12-19T14:51:42.970000-02:00,2018-12-19T22:20:39.081000-02:00,111,6,2026-09-17T20:47:13.441773-03:00
Empresa expõe dados atribuídos a 190 milhões de brasileiros e 35 milhões de empresas na web,https://g1.globo.com/economia/tecnologia/blog/altieres-rohr/post/2019/01/29/empresa-expoe-dados-atribuidos-a-190-milhoes-de-brasileiros-e-35-milhoes-de-empresas-na-web.ghtml,"...A Lei de Proteção de Dados (LGPD), aprovada no ano passado, só vai entrar em vigor em 2020... — ...consumidores terão à disposição mecanismos melhores para compreender o impacto de vazamentos e serem compensados por esses danos quando a LGPD...",2019-01-29T07:00:50.981000-02:00,2019-01-29T07:00:51.565000-02:00,111,7,2026-09-17T20:47:13.441773-03:00
"Tim Cook, presidente da Apple, ataca 'complexo industrial de dados' em conferência",https://g1.globo.com/economia/tecnologia/noticia/2018/10/24/tim-cook-presidente-da-apple-ataca-complexo-industrial-de-dados-em-conferencia.ghtml,"...Ele, inclusive, mencionou o Brasil em sua fala, que em agosto teve sancionada a Lei Geral de Proteção de Dados (LGPD), bastante inspirada...",2018-10-24T12:55:28.327000-03:00,2018-10-24T19:18:43.336000-03:00,111,8,2026-09-17T20:47:13.441773-03:00
Apple começa a perguntar quais apps podem compartilhar seus dados; entenda como funciona,https://g1.globo.com/economia/tecnologia/noticia/2021/04/26/apple-vai-comecar-a-perguntar-quais-apps-podem-compartilhar-seus-dados-entenda-como-funciona.ghtml,...SAIBA MAIS: O que é a LGPD?...,2021-04-26T15:36:05.341000-03:00,2021-04-26T17:05:14.746000-03:00,111,9,2026-09-17T20:47:13.441773-03:00
"Pedreiro, vidraceiro e mais: Sine em RR oferta 220 vagas de emprego nesta quinta-feira (16)",https://g1.globo.com/rr/roraima/noticia/2023/03/16/pedreiro-vidraceiro-e-mais-sine-em-rr-oferta-220-vagas-de-emprego-nesta-quinta-feira-16.ghtml,"...hardwer, identificação, manutenção e ampliação do sistema utilizado pela empresa, conhecimento em radio transmissão, conhecimento lgpd...",2023-03-16T09:46:26.243000-03:00,2023-03-16T09:46:26.533000-03:00,111,10,2026-09-17T20:47:13.441773-03:00
Google diz que deixará de vender anúncios com base no histórico individual de navegação,https://g1.globo.com/economia/tecnologia/noticia/2021/03/03/google-diz-que-deixara-de-vender-anuncios-com-base-no-historico-individual-de-navegacao.ghtml,"...O tema também aparece em leis que regulamentam a proteção de dados, como a Lei Geral de Proteção de Dados (LGPD)...",2021-03-03T11:50:54.911000-03:00,2021-03-18T13:07:10.426000-03:00,112,1,2026-09-17T20:47:13.441773-03:00
"Open banking: 2ª fase entra na etapa de troca de informações de contas, extratos e limites",https://g1.globo.com/economia/open-banking/noticia/2021/09/15/open-banking-2a-fase-entra-na-etapa-de-troca-de-informacoes-de-contas-extratos-e-limites.ghtml,"...regulamentação específica do open banking, as instituições participantes também precisarão seguir as regras da Lei Geral de Proteção de Dados (LGPD...",2021-09-15T06:00:50.342000-03:00,2021-09-15T06:00:50.655000-03:00,112,2,2026-09-17T20:47:13.441773-03:00
Open banking: o que pode mudar na hora de buscar e contratar um empréstimo,https://g1.globo.com/economia/open-banking/noticia/2021/09/13/open-banking-o-que-pode-mudar-na-hora-de-buscar-e-contratar-um-emprestimo.ghtml,"...regulamentação específica do open banking, as instituições participantes também precisarão seguir as regras da Lei Geral de Proteção de Dados (LGPD...",2021-09-13T07:00:44.094000-03:00,2021-09-14T13:57:25.986000-03:00,112,4,2026-09-17T20:47:13.441773-03:00
"Fila de espera por leitos Covid-19 em Campinas diminui 56% em uma semana, mas Dário faz alerta: 'não podemos comemorar'",https://g1.globo.com/sp/campinas-regiao/noticia/2021/04/06/fila-de-espera-por-leitos-covid-19-em-campinas-diminui-56percent-em-uma-semana-mas-dario-faz-alerta-nao-podemos-comemorar.ghtml,"...dos dados de forma transparência, respeitando todas as prerrogativas éticas e legais, em especial a Lei Geral de Proteção de Dados [LGPD...",2021-04-06T18:14:59.687000-03:00,2021-04-07T17:48:54.417000-03:00,112,5,2026-09-17T20:47:13.441773-03:00
Aumento do uso de reconhecimento facial pelo poder público no Brasil levanta debate sobre limites da tecnologia,https://g1.globo.com/economia/tecnologia/noticia/2020/02/21/aumento-do-uso-de-reconhecimento-facial-pelo-poder-publico-no-brasil-levanta-debate-sobre-limites-da-tecnologia.ghtml,"...De acordo com a Lei Geral de Proteção de Dados (LGPD), que deve entrar em vigor no país em agosto deste ano, informações usadas e coletadas... — ...Segundo Ivo Corrêa, sócio do XVV Advogados e professor do Insper, a implementação da lei está atrasada — a LGPD só entra em vigor em...",2020-02-21T06:00:31.352000-03:00,2020-02-21T09:46:06.422000-03:00,112,6,2026-09-17T20:47:13.441773-03:00
MP investiga suspeita de 'fura-fila' na vacinação contra Covid em São Carlos,https://g1.globo.com/sp/sao-carlos-regiao/noticia/2021/02/26/mp-apura-suspeita-de-fura-fila-na-vacinacao-contra-covid-em-sao-carlos-apos-divulgacao-de-lista.ghtml,"...práticas de segurança da informação com uso de tecnologia de ponta, e em conformidade com a Lei Geral de Proteção de Dados Pessoais (LGPD...",2021-02-26T14:20:36.135000-03:00,2021-02-26T21:11:18.317000-03:00,112,7,2026-09-17T20:47:13.441773-03:00
Programação da 9ª ExpoCigra em Uberaba conta com mais de 20 atividades presenciais e on-line,https://g1.globo.com/mg/triangulo-mineiro/noticia/2021/09/28/programacao-da-9a-expocigra-em-uberaba-conta-com-mais-de-20-atividades-presenciais-e-on-line.ghtml,"...palestras e apresentações sobre diversos assuntos, como customer experience, exportação e importação, Lei Geral de Proteção de Dados (LGPD...",2021-09-28T11:31:59.872000-03:00,2021-09-28T11:32:00.236000-03:00,112,8,2026-09-17T20:47:13.441773-03:00
"4 empresas abrem 1,6 mil vagas de emprego",https://g1.globo.com/economia/concursos-e-emprego/noticia/2020/02/13/4-empresas-abrem-16-mil-vagas-de-emprego.ghtml,"...desenvolvedor ServiceNow, analista de backup, DBA Oracle, analista de suporte sênior, analista de suporte pós-implementação, consultor de LGPD...",2020-02-13T07:00:41.237000-03:00,2020-02-13T07:00:41.667000-03:00,112,9,2026-09-17T20:47:13.441773-03:00
"Sites educacionais dos governos de MG e SP coletaram dados de estudantes para empresas de publicidade, diz Human Rights Watch",https://g1.globo.com/mg/minas-gerais/noticia/2023/04/03/sites-educacionais-de-mg-e-sp-coletaram-e-enviaram-dados-de-estudantes-para-empresas-de-publicidade-diz-human-rights-watch.ghtml,"...Além disso, a Seduc informou que ""são utilizados mecanismos de segurança em conformidade com a LGPD para garantir a privacidade das...",2023-04-03T00:01:41.518000-03:00,2023-04-04T11:06:38.920000-03:00,113,1,2026-09-17T20:47:13.441773-03:00
"Ataques a fornecedores, internet das coisas, 5G e páginas falsas: o que esperar da segurança digital em 2021?",https://g1.globo.com/economia/tecnologia/blog/altieres-rohr/post/2021/01/01/ataques-a-fornecedores-internet-das-coisas-5g-e-paginas-falsas-o-que-esperar-da-seguranca-digital-em-2021.ghtml,...Outra incógnita é a Lei Geral de Proteção de Dados (LGPD)...,2021-01-01T10:00:11.851000-03:00,2021-01-02T10:29:28.985000-03:00,113,2,2026-09-17T20:47:13.441773-03:00
Empresas e governos têm até 6 meses para se adequar à lei que regulamenta o uso de dados,https://g1.globo.com/globonews/noticia/2020/01/28/empresas-e-governos-tem-ate-6-meses-para-se-adequar-a-lei-que-regulamenta-o-uso-de-dados.ghtml,"...""Existe uma série de dificuldades das empresas para se adequarem à LGPD...",2020-01-28T21:29:17.350000-03:00,2020-01-28T22:10:47.175000-03:00,113,3,2026-09-17T20:47:13.441773-03:00
O provedor de internet pode rastrear os sites que você visita?,https://g1.globo.com/economia/tecnologia/blog/altieres-rohr/post/2020/11/19/o-provedor-de-internet-pode-rastrear-os-sites-que-voce-visita.ghtml,"...Agora que a Lei Geral de Proteção de Dados (LGPD) também está em vigor, é obrigatório obter o consentimento do consumidor antes de...",2020-11-19T07:00:48.526000-03:00,2020-11-19T07:00:48.828000-03:00,113,4,2026-09-17T20:47:13.441773-03:00
Black Friday: 6 dicas para o pequeno e médio negócio vender mais,https://g1.globo.com/especial-publicitario/vae/bradesco/noticia/2021/11/10/black-friday-6-dicas-para-o-pequeno-e-medio-negocio-vender-mais.ghtml,"...Afinal, a Lei Geral de Proteção de Dados (LGPD) está de olho justamente nisso. E você, está preparado para mais esta Black Friday?...",2021-11-10T16:03:22.257000-03:00,2021-11-10T16:09:30.886000-03:00,113,5,2026-09-17T20:47:13.441773-03:00
O que é o 'pixel espião' usado em e-mails para obter informações pessoais,https://g1.globo.com/economia/tecnologia/noticia/2021/02/25/o-que-e-o-pixel-espiao-usado-em-e-mails-para-obter-informacoes-pessoais.ghtml,"...SAIBA MAIS: O Brasil possui uma lei similar, a LGPD Esse consenso deve ser ""inequívoco"" e um ""claro ato de afirmação""...",2021-02-25T08:33:27.865000-03:00,2021-02-25T08:42:09.966000-03:00,113,6,2026-09-17T20:47:13.441773-03:00
"7 de 10 empregos mais difíceis de preencher estão no setor de tecnologia, mostra levantamento",https://g1.globo.com/economia/concursos-e-emprego/noticia/2019/11/19/7-de-10-empregos-mais-dificeis-de-preencher-estao-no-setor-de-tecnologia-mostra-levantamento.ghtml,"...preencher, segundo o Indeed, por vários fatores, entre eles, pela proximidade da entrada em vigor da Lei Geral de Proteção de Dados (LGPD...",2019-11-19T06:00:26.573000-03:00,2019-11-19T06:00:27.123000-03:00,113,7,2026-09-17T20:47:13.441773-03:00
Raquel Lyra anuncia mais 21 nomes de novos secretários de governo e gestores de Pernambuco,https://g1.globo.com/pe/pernambuco/noticia/2022/12/30/raquel-lyra-anuncia-mais-nomes-de-novos-secretarios-de-governo-de-pernambuco.ghtml,"...Lacet é bacharela em Direito, pós-graduada em Direito Tributário e tem MBA em Gestão de Projetos, certificada em Implementação da LGPD...",2022-12-30T15:36:42.228000-03:00,2022-12-31T11:04:53.602000-03:00,113,8,2026-09-17T20:47:13.441773-03:00
Megavazamentos de dados expõem informações de 223 milhões de números de CPF,https://g1.globo.com/economia/tecnologia/blog/altieres-rohr/post/2021/01/25/vazamentos-de-dados-expoem-informacoes-de-223-milhoes-de-numeros-de-cpf.ghtml,"...do Ministério da Saúde expõe dados de 243 milhões de brasileiros na internet, diz jornal Apenas a Lei Geral de Proteção de Dados (LGPD...",2021-01-25T15:58:57.510000-03:00,2021-02-04T13:15:54.591000-03:00,113,9,2026-09-17T20:47:13.441773-03:00
"Dados pessoais de vacinados contra a Covid-19 são expostos em site da Prefeitura de Guarapari, ES",https://g1.globo.com/es/espirito-santo/noticia/2021/02/03/dados-pessoais-de-vacinados-contra-a-covid-19-sao-expostos-em-site-da-prefeitura-de-guarapari-es.ghtml,"...direitos digitais do Instituto Brasileiro de Defesa do Consumidor (Idec) Bárbara Simão, fere a Lei de Proteção de Dados Pessoais (LGPD...",2021-02-03T12:22:54.022000-03:00,2021-02-03T19:45:58.743000-03:00,114,1,2026-09-17T20:47:13.441773-03:00
Procon-SP aplica multas milionárias em Google a Apple por aplicativo que envelhece rostos,https://g1.globo.com/sp/sao-paulo/noticia/2019/08/30/procon-sp-aplica-multas-milionarias-em-google-a-apple-por-aplicativo-que-envelhece-rostos.ghtml,"...Blum, especialista em Direito Digital, questões como o uso de dados de usuários estão reguladas pela Lei Geral de Proteção de Dados (LGPD... — ...da Lei de Proteção de Dados, cláusulas em inglês, como ocorre, segundo o Procon, no caso do FaceApp, serão proibidas com base na LGDP...",2019-08-30T09:45:26.959000-03:00,2019-08-30T12:40:02.397000-03:00,114,2,2026-09-17T20:47:13.441773-03:00
Banco Central implementa segunda fase do open banking nesta sexta,https://g1.globo.com/economia/open-banking/noticia/2021/08/13/banco-central-implementa-segunda-fase-do-open-banking-nesta-sexta.ghtml,"...A estrutura do open banking também está sob a proteção da Lei Geral de Proteção de Dados (LGPD), que entrou em vigor no ano passado...",2021-08-13T05:01:55.707000-03:00,2021-08-13T08:00:44.347000-03:00,114,3,2026-09-17T20:47:13.441773-03:00
"Senhas do Ministério da Saúde para sistema de notificação de Covid-19 também ficaram expostas em junho, diz ONG",https://g1.globo.com/economia/tecnologia/noticia/2020/11/27/senhas-do-ministerio-da-saude-para-sistema-de-notificacao-de-covid-19-tambem-ficaram-expostas-em-junho-diz-ong.ghtml,"...Questionado pela ONG sobre os critérios e protocolo de segurança de dados pessoais, o ministério afirmou que ""o sistema atende a LGPD...",2020-11-27T12:22:46.008000-03:00,2020-11-27T12:32:54.543000-03:00,114,4,2026-09-17T20:47:13.441773-03:00
2ª edição do 'Eu Profissional em Casa' começa nesta segunda-feira,https://g1.globo.com/sp/sorocaba-jundiai/noticia/2020/12/07/2a-edicao-do-eu-profissional-em-casa-comeca-nesta-segunda-feira.ghtml,"...Campos e sócio da Senefonte Silva, com atuação especial na implantação dos sistemas de gestão de privacidade de dados baseadas na LGPD... — ...Consultor em LGPS, infraestrutura, segurança e auditoria e passou por empresas como gestor nessas áreas...",2020-12-07T11:21:27.918000-03:00,2020-12-07T11:21:28.300000-03:00,114,6,2026-09-17T20:47:13.441773-03:00
Femec 2022 em Uberlândia apresenta programação com evento para convidados; confira o cronograma de atividades,https://g1.globo.com/mg/triangulo-mineiro/noticia/2022/03/17/femec-2022-em-uberlandia-apresenta-programacao-com-evento-para-convidados-confira-o-cronograma-de-atividades.ghtml,"...Guilherme Rodegheri Gonçalves - Advogado do escritório Corrêa Ferreira Advogados (CFA), especialista em Direito Digital e LGPD com...",2022-03-17T10:09:02.277000-03:00,2022-03-17T10:09:03.863000-03:00,114,7,2026-09-17T20:47:13.441773-03:00
É possível um celular ser espionado sem nenhum aplicativo?,https://g1.globo.com/economia/tecnologia/blog/altieres-rohr/post/2020/08/27/e-possivel-um-celular-ser-espionado-sem-nenhum-aplicativo.ghtml,...mensagem aos brasileiros por conta de alterações na política de privacidade que atendem às exigências da Lei Geral de Proteção de Dados (LGPD...,2020-08-27T07:00:33.463000-03:00,2020-08-27T17:40:34.749000-03:00,114,8,2026-09-17T20:47:13.441773-03:00
Redes sociais e privacidade: amigos ou conhecidos podem ver anúncios com base na nossa navegação?,https://g1.globo.com/economia/tecnologia/blog/altieres-rohr/post/2020/10/29/redes-sociais-e-privacidade-amigos-ou-conhecidos-podem-ver-anuncios-com-base-na-nossa-navegacao.ghtml,...Saiba mais: O que a LGPD muda para os cidadãos?...,2020-10-29T07:00:41.877000-03:00,2020-10-29T07:00:42.425000-03:00,114,9,2026-09-17T20:47:13.441773-03:00
'Tentativa de entrega sem sucesso': como funciona a fraude que usa e-mail falso dos Correios?,https://g1.globo.com/economia/tecnologia/blog/altieres-rohr/post/2020/05/21/tentativa-de-entrega-sem-sucesso-como-funciona-a-fraude-que-usa-e-mail-falso-dos-correios.ghtml,"...Além disso, a LGPD também não vai mudar esse cenário...",2020-05-21T07:00:06.291000-03:00,2020-05-21T07:00:06.597000-03:00,114,10,2026-09-17T20:47:13.441773-03:00
TV TEM e Senac abrem inscrições para a 2ª edição do 'Eu Profissional em Casa',https://g1.globo.com/sp/sorocaba-jundiai/noticia/2020/11/27/tv-tem-e-senac-abrem-inscricoes-para-a-2a-edicao-do-eu-profissional-em-casa.ghtml,"...Campos e sócio da Senefonte Silva, com atuação especial na implantação dos sistemas de gestão de privacidade de dados baseadas na LGPD... — ...Consultor em LGPS, infraestrutura, segurança e auditoria e passou por empresas como gestor nessas áreas...",2020-11-27T17:21:33.941000-03:00,2020-12-07T11:20:44.712000-03:00,115,1,2026-09-17T20:47:13.441773-03:00
13 empresas abrem vagas de emprego e estágio; veja lista,https://g1.globo.com/economia/concursos-e-emprego/noticia/2021/06/30/13-empresas-abrem-vagas-de-emprego-e-estagio-veja-lista.ghtml,"...para Desenvolvedores BackEnd / Java, react native, .Net, .Net core, React/Node, web analytics, QA, Desenvolvedor Android, analista LGPD...",2021-06-30T08:00:48.894000-03:00,2021-06-30T08:00:49.282000-03:00,115,2,2026-09-17T20:47:13.441773-03:00
Classificados do Edimilson: veja as vagas de emprego da semana de 23 a 27 de maio,https://g1.globo.com/rj/rio-de-janeiro/blog/edimilson-avila/post/2022/05/23/classificados-do-edimilson-veja-as-vagas-de-emprego-da-semana-de-23-a-27-de-maio.ghtml,...Os cursos ofertados são: Iniciação em Seguros Lei Geral de Proteção de Dados (LGPD) Perito Rural Variação dos Custos Médico Hospitalares...,2022-05-23T12:08:54.487000-03:00,2022-05-25T12:27:58.898000-03:00,115,3,2026-09-17T20:47:13.441773-03:00
Disparos de mensagens em massa se aproveitam de bancos de dados e informações públicas em redes sociais; entenda,https://g1.globo.com/economia/tecnologia/noticia/2020/10/07/disparos-de-mensagens-em-massa-se-aproveitam-de-bancos-de-dados-e-informacoes-publicas-em-redes-sociais-entenda.ghtml,"...Editoria de Arte/G1 O que diz a Lei Geral de Proteção de Dados A Lei Geral de Proteção de Dados (LGPD), que entrou em vigor no mês...",2020-10-07T11:39:39.123000-03:00,2020-10-08T19:07:25.955000-03:00,115,4,2026-09-17T20:47:13.441773-03:00
"Sexta-feira, 18 de setembro",https://g1.globo.com/resumo-do-dia/noticia/2020/09/18/sexta-feira-18-de-setembro.ghtml,"...Mesmo com a vigência da LGPD, as penalidades pelo descumprimento só passarão a ser aplicadas em agosto de 2021...",2020-09-18T21:29:48.263000-03:00,2020-09-18T21:29:48.715000-03:00,115,5,2026-09-17T20:47:13.441773-03:00
Como STF pode regular plataformas digitais após impasse no PL das Fake News,https://g1.globo.com/tecnologia/noticia/2023/05/15/como-stf-pode-regular-plataformas-digitais-apos-impasse-no-pl-das-fake-news.ghtml,"...Já Ricardo Campos, professor na Universidade Goethe, em Frankfurt, e diretor do LGPD (Legal Grounds for Privacy Design), instituto...",2023-05-15T09:42:26.613000-03:00,2023-05-15T15:54:14.974000-03:00,115,6,2026-09-17T20:47:13.441773-03:00
"Você viu? Mais de 600 mortos em um dia, autoteste de Covid, dinheiro esquecido, diferença entre travesti e mulher trans e carro voador",https://g1.globo.com/mundo/noticia/2022/01/29/voce-viu-mais-de-600-mortos-em-um-dia-autoteste-de-covid-dinheiro-esquecido-diferenca-entre-travesti-e-mulher-trans-e-carro-voador.ghtml,"...Esses avisos ficaram mais frequentes no Brasil desde o ano passado por conta da Lei Geral de Proteção de Dados (LGPD), que prevê a...",2022-01-29T05:00:46.219000-03:00,2022-01-29T05:00:46.839000-03:00,115,7,2026-09-17T20:47:13.441773-03:00
24 empresas abrem mais de 700 vagas de emprego no país; veja lista,https://g1.globo.com/economia/concursos-e-emprego/noticia/2020/08/14/24-empresas-abrem-mais-de-700-vagas-de-emprego-no-pais-veja-lista.ghtml,"...publicação de políticas, processos e procedimentos de segurança; ter conhecimentos relacionados a nova lei de privacidade de dados (LGPD... — ...de Segurança da Informação Sênior (Privacidade) Requisitos e qualificações: Experiência profissional com programas de adequação a LGPD...",2020-08-14T06:01:19.359000-03:00,2020-08-14T06:01:19.737000-03:00,115,8,2026-09-17T20:47:13.441773-03:00
Possível vazamento de dados da Boa Vista mostra importância da Lei de Proteção de Dados,https://g1.globo.com/economia/tecnologia/blog/altieres-rohr/post/2018/09/05/possivel-vazamento-de-dados-da-boa-vista-mostra-importancia-da-lei-de-protecao-de-dados.ghtml,"...A Lei Geral de Proteção de Dados (LGPD) do Brasil, recentemente sancionada, muda esse quadro...",2018-09-05T11:18:32.824000-03:00,2018-09-05T11:18:33.252000-03:00,115,9,2026-09-17T20:47:13.441773-03:00
Covid-19 provoca onda de contratações de profissionais de tecnologia; veja cargos em alta,https://g1.globo.com/economia/concursos-e-emprego/noticia/2020/04/15/covid-19-provoca-onda-de-contratacoes-de-profissionais-de-tecnologia-veja-cargos-em-alta.ghtml,...: R$ 7 mil a R$ 11 mil Motivo da alta: o movimento de contratação desses profissionais já estava em alta diante da implantação da LGPD...,2020-04-15T06:01:22.386000-03:00,2020-04-15T06:01:22.699000-03:00,115,10,2026-09-17T20:47:13.441773-03:00
Justiça determina que RJ pare de pagar 'cargos secretos' na boca do caixa após gastar R$ 288 milhões,https://g1.globo.com/rj/rio-de-janeiro/noticia/2022/08/03/justica-determina-que-rj-pare-de-pagar-cargos-secretos-na-boca-do-caixa-apos-gastar-r-288-milhoes.ghtml,"...em mais de 60 cursos realizados, cobrindo temas que estão em alta no mercado de TIC, como programação em Python, Banco de Dados e LGPD...",2022-08-03T13:58:03.099000-03:00,2022-08-03T19:29:22.874000-03:00,116,1,2026-09-17T20:47:13.441773-03:00
"Santo Antônio de Pádua, 1º ano de governo: prefeito Paulinho da Refrigeração fala em entrevista do que já foi feito e próximas ações",https://g1.globo.com/rj/norte-fluminense/noticia/2022/01/22/santo-antonio-de-padua-1o-ano-de-governo-prefeito-paulinho-da-refrigeracao-fala-em-entrevista-do-que-ja-foi-feito-e-proximas-acoes.ghtml,"...Entre outros aperfeiçoamentos, podemos destacar também a reativação do sistema de monitoramento da guarda municipal, adequação a LGPD...",2022-01-22T16:28:10.742000-03:00,2022-01-22T16:28:11.156000-03:00,116,2,2026-09-17T20:47:13.441773-03:00
Pesquisa mostra cargos em alta e média salarial em oito áreas em 2022,https://g1.globo.com/trabalho-e-carreira/noticia/2021/10/15/pesquisa-mostra-cargos-em-alta-e-media-salarial-em-oito-areas-em-2022.ghtml,"...active directory, Windows server, VPN / Para Segurança da Informação: preventivo e gestão pós-ataque, conhecimento e adequação à LGPD...",2021-10-15T06:01:24.010000-03:00,2021-10-15T06:01:24.483000-03:00,116,3,2026-09-17T20:47:13.441773-03:00
Veja mais de cem cursos online grátis para turbinar o currículo e ampliar o conhecimento na pandemia,https://g1.globo.com/economia/concursos-e-emprego/noticia/2021/04/01/veja-mais-de-cem-cursos-online-gratis-para-turbinar-o-curriculo-e-ampliar-o-conhecimento-na-pandemia.ghtml,...Veja algumas das opções: Lei Geral de Proteção de Dados Pessoais (LGPD) Desvendando o BIM Desvendado a Indústria 4.0 Desvendado a Blockchain...,2021-04-01T06:00:56.593000-03:00,2021-04-05T13:18:04.285000-03:00,116,4,2026-09-17T20:47:13.441773-03:00
Compartilhamento de dados entre o WhatsApp e o Facebook: entenda o que se sabe e o que falta esclarecer,https://g1.globo.com/economia/tecnologia/noticia/2021/01/16/compartilhamento-de-dados-entre-o-whatsapp-e-o-facebook-entenda-o-que-se-sabe-e-o-que-falta-esclarecer.ghtml,"...combinado com autoridades brasileiras, que investigam se as mudanças nos termos estão em desacordo com a Lei Geral de Proteção de Dados (LGPD...",2021-01-16T07:00:33.909000-03:00,2021-05-14T15:45:31.385000-03:00,116,5,2026-09-17T20:47:13.441773-03:00
"Em migração para a nuvem, empresas cometem erros que podem expor informações, diz estudo",https://g1.globo.com/economia/tecnologia/blog/altieres-rohr/post/2018/12/12/em-migracao-para-a-nuvem-empresas-cometem-erros-que-podem-expor-informacoes-diz-estudo.ghtml,"...Em alguns meses mais, será obrigatório com a LGPD [Lei Geração de Proteção de Dados] e a GDPR [lei de proteção de dados da Europa]...",2018-12-12T21:51:08.785000-02:00,2018-12-12T21:51:09.214000-02:00,116,7,2026-09-17T20:47:13.441773-03:00
Ministério da Saúde não retorna dados do CEP de internados por Covid-19 e estudo que estima localização geográfica é suspenso,https://g1.globo.com/sp/sao-paulo/noticia/2020/06/11/ministerio-da-saude-nao-retorna-dados-do-cep-de-internados-por-covid-19-e-estudo-que-estima-localizacao-geografica-e-suspenso.ghtml,"...Por isso, respeitando a Lei Geral de Proteção aos dados – LGPD (Lei nº 13.709/2018), foi retirada...",2020-06-11T19:06:08.271000-03:00,2020-06-12T16:14:16.328000-03:00,116,8,2026-09-17T20:47:13.441773-03:00
Intérprete de Libras do Amapá leva músicas de São João às redes sociais: ‘nossa identidade cultural’,https://g1.globo.com/ap/amapa/noticia/2026/07/04/interprete-de-libras-do-amapa-leva-musicas-de-sao-joao-para-redes-sociais-nossa-identidade-cultural.ghtml,...libras) Estados Unidos: língua americana de sinais (ASL) França: língua de sinais francesa (LSF) Portugal: língua gestual portuguesa (LGP...,2026-07-04T16:45:21.251000-03:00,2026-07-04T17:02:53.728000-03:00,116,9,2026-09-17T20:47:13.441773-03:00
Quatro municípios do Alto Tietê estão inscritos em ferramenta da Unicef para combate à evasão escolar,https://g1.globo.com/sp/mogi-das-cruzes-suzano/noticia/2021/11/08/quatro-municipios-do-alto-tiete-estao-inscritos-em-ferramenta-da-unicef-para-combate-a-evasao-escolar.ghtml,"...que ainda não fizeram o aceite do novo termo de compromisso de privacidade, atualizado com base na Lei Geral de Proteção de Dados (LGPD...",2021-11-08T09:37:04.470000-03:00,2021-11-08T09:37:04.997000-03:00,116,10,2026-09-17T20:47:13.441773-03:00
"Você viu? Desconfiança sobre discurso de Bolsonaro na Cúpula do Clima, Salles vs. Anitta, cremação em massa na Índia e bolão do Oscar",https://g1.globo.com/mundo/noticia/2021/04/24/voce-viu-desconfianca-sobre-discurso-de-bolsonaro-na-cupula-do-clima-salles-vs-anitta-cremacao-em-massa-na-india-e-bolao-do-oscar.ghtml,"...Segundo filho do presidente, o vereador Carlos Bolsonaro confundiu um termo da nova Lei Geral de Proteção de Dados (LGPD) com ""identidade...",2021-04-24T05:05:35.199000-03:00,2021-04-24T05:05:35.640000-03:00,117,1,2026-09-17T20:47:13.441773-03:00
"Quinta-feira, 11 de fevereiro",https://g1.globo.com/resumo-do-dia/noticia/2021/02/11/quinta-feira-11-de-fevereiro.ghtml,...descobrir se seus dados foram vazados na internet Responsável por fiscalizar e editar normas previstas na Lei Geral de Proteção de Dados (LGPD...,2021-02-11T22:01:45.694000-03:00,2021-02-11T22:01:46.293000-03:00,117,2,2026-09-17T20:47:13.441773-03:00
Pesquisa mostra cargos em alta e média salarial em oito áreas em 2021,https://g1.globo.com/economia/concursos-e-emprego/noticia/2020/10/22/pesquisa-mostra-cargos-em-alta-e-media-salarial-em-oito-areas-em-2021.ghtml,"...auditoria, Analista de crédito e risco e Analista de investimentos Carreiras do futuro: Data protection officer e Analista de compliance LGPD...",2020-10-22T06:00:25.675000-03:00,2020-10-22T06:00:26.129000-03:00,117,3,2026-09-17T20:47:13.441773-03:00
Raquel Lyra divulga nomes de todos os novos secretários de governo de Pernambuco; veja quem são,https://g1.globo.com/pe/pernambuco/noticia/2022/12/31/raquel-lyra-divulga-nomes-de-todos-os-novos-secretarios-de-governo-de-pernambuco-veja-quem-sao.ghtml,"...Lacet é bacharela em Direito, pós-graduada em Direito Tributário e tem MBA em Gestão de Projetos, certificada em Implementação da LGPD...",2022-12-31T19:31:48.708000-03:00,2023-01-02T10:55:29.284000-03:00,117,4,2026-09-17T20:47:13.441773-03:00
"12 de fevereiro, sexta-feira",https://g1.globo.com/agenda-do-dia/noticia/2021/02/12/12-de-fevereiro-sexta-feira.ghtml,...O ANPD é responsável por fiscalizar e editar normas previstas na Lei Geral de Proteção de Dados (LGPD)...,2021-02-12T01:30:33.373000-03:00,2021-02-12T06:28:41.226000-03:00,117,5,2026-09-17T20:47:13.441773-03:00
Como apps de entrega estão levando pequenos restaurantes à falência,https://g1.globo.com/economia/tecnologia/noticia/2020/02/08/como-apps-de-entrega-estao-levando-pequenos-restaurantes-a-falencia.ghtml,"...poderia pedir o aval do cliente para compartilhar as suas informações com o restaurante, seguindo a Lei Geral de Proteção de Dados (LGPD... — ...legais necessários estabelecidos pelo poder público, responsável pela fiscalização' Getty Images via BBC Segundo ela, com a nova LGPD...",2020-02-08T09:07:30.019000-03:00,2020-02-08T09:07:30.271000-03:00,117,6,2026-09-17T20:47:13.441773-03:00
Consultoria divulga profissões em alta em 2023; veja lista,https://g1.globo.com/trabalho-e-carreira/noticia/2023/01/10/consultoria-divulga-profissoes-em-alta-em-2023-veja-lista.ghtml,"...R$ 16 mil a R$ 28 mil Motivo da alta em 2023: tem um papel fundamental na gestão de dados, principalmente neste momento em que a LGPD...",2023-01-10T06:00:43.241000-03:00,2023-01-10T08:36:49.258000-03:00,117,7,2026-09-17T20:47:13.441773-03:00
Veja lista de cargos que deverão estar em alta em 2021,https://g1.globo.com/economia/concursos-e-emprego/noticia/2020/12/23/veja-lista-de-cargos-que-deverao-estar-em-alta-em-2021.ghtml,...Salário: a partir de R$ 10 mil Motivo para a alta: junto ao decreto da LGPD e consequente necessidade de as empresas se adaptarem em...,2020-12-23T06:00:52.462000-03:00,2020-12-23T06:00:52.879000-03:00,117,8,2026-09-17T20:47:13.441773-03:00
Levantamento do PageGroup mostra 39 cargos em alta em 2022,https://g1.globo.com/trabalho-e-carreira/noticia/2021/12/17/levantamento-do-pagegroup-mostra-39-cargos-em-alta-em-2022.ghtml,"...Salário: R$ 20 mil a R$ 30 mil Motivo para a alta: considerando a vigência da lei geral de proteção de dados (LGPD), as companhias...",2021-12-17T06:00:29.591000-03:00,2021-12-17T06:00:30.015000-03:00,117,9,2026-09-17T20:47:13.441773-03:00
"Prefeitura e governo de SP vão instalar câmeras em motos de GCMs e PMs, diz Nunes",https://g1.globo.com/sp/sao-paulo/noticia/2025/06/18/prefeitura-e-governo-de-sp-vao-instalar-cameras-em-motos-de-gcms-e-pms-diz-nunes.ghtml,"...Então, a gente não tem dos últimos 30 dias até porque por uma questão de LGDP, essas imagens não ficam armazenadas"", justificou...",2025-06-18T12:52:55.121000-03:00,2025-06-18T12:52:55.772000-03:00,117,10,2026-09-17T20:47:13.441773-03:00
Classificados do Edimilson: veja as vagas de emprego da semana de 1 a 5 de novembro,https://g1.globo.com/rj/rio-de-janeiro/blog/edimilson-avila/post/2021/11/01/classificados-do-edimilson-veja-as-vagas-de-emprego.ghtml,"...+ Comissão – Campos dos Goytacazes – 3 vagas Fiscal de Prevenção de Perdas – Empresa Privada – R$ 1318,00 – Guadalupe Advogado(a) LGPD...",2021-11-01T12:16:27.427000-03:00,2021-11-03T12:51:51.853000-03:00,118,1,2026-09-17T20:47:13.441773-03:00
"'Guará Fest' começa em Cubatão, SP, com programação de arte e cultura; confira",https://g1.globo.com/sp/santos-regiao/o-que-fazer-em-santos/noticia/2025/09/05/guara-fest-comeca-em-cubatao-sp-com-programacao-de-arte-e-cultura-confira.ghtml,...Popular Brasileira – Joelson de França 21h às 21h40 – Show: Canções para Recordar – Matheus de Jesus – Bidu. 19 de setembro 15h – LGP...,2025-09-05T20:53:01.449000-03:00,2025-12-13T12:53:57.366000-03:00,118,2,2026-09-17T20:47:13.441773-03:00
Dia do Surdo: libras é universal? Entenda como funciona língua de sinais pelo mundo,https://g1.globo.com/df/distrito-federal/noticia/2024/09/26/dia-do-surdo-libras-e-universal-entenda-como-funciona-lingua-de-sinais-pelo-mundo.ghtml,...libras) Estados Unidos: língua americana de sinais (ASL) França: língua de sinais francesa (LSF) Portugal: língua gestual portuguesa (LGP...,2024-09-26T07:04:40.909000-03:00,2024-09-26T07:04:41.574000-03:00,118,3,2026-09-17T20:47:13.441773-03:00
"Homem morre após cair de andaime em galpão em obras em Ribeirão Preto, SP",https://g1.globo.com/sp/ribeirao-preto-franca/noticia/2023/05/18/homem-morre-apos-cair-de-andaime-em-galpao-em-obras-em-ribeirao-preto-sp.ghtml,"...Em nota, a LGP Produções lamentou a morte e disse que está prestando apoio à família de Lemos...",2023-05-18T13:36:54.937000-03:00,2023-05-18T13:36:55.308000-03:00,118,5,2026-09-17T20:47:13.441773-03:00
Escola do Legislativo oferta mais de 7 mil vagas em cursos de educação a distância em Roraima,https://g1.globo.com/rr/roraima/noticia/2024/08/01/escola-do-legislativo-oferta-mais-de-7-mil-vagas-em-cursos-de-educacao-a-distancia-em-roraima.ghtml,...constitucional - 40h Introdução ao mapeamento de processos - 40h Introdução ao orçamento público - 40h Lei de Responsabilidade Fiscal - 40h LGDP...,2024-08-01T06:01:07.866000-03:00,2024-08-01T06:01:09.264000-03:00,118,6,2026-09-17T20:47:13.441773-03:00
"Jovem morre após moto e carro de passeio colidirem de frente no acostamento da BR-010, no MA",https://g1.globo.com/ma/maranhao/noticia/2024/02/12/jovem-morre-apos-moto-e-carro-de-passeio-colidirem-de-frente-no-acostamento-da-br-010-no-ma.ghtml,"...Segundo informações da Polícia Rodoviária Federal (PRF), a colisão frontal foi entre um Jeep/Renegade Lgtd T270 prata, com placa de...",2024-02-12T16:01:36.890000-03:00,2024-02-12T19:45:18.825000-03:00,118,7,2026-09-17T20:47:13.441773-03:00
Ministério dos Transportes abre consulta popular para recolher sugestões para o plano de 100 dias de governo,https://g1.globo.com/politica/noticia/2023/01/10/ministerio-dos-transportes-abre-consulta-popular-para-recolher-sugestoes-para-o-plano-de-100-dias-de-governo.ghtml,"...Segundo o Ministério dos Transportes, as informações serão colhidas com base na Lei Geral de Proteção de Dados Pessoais (LGDP)...",2023-01-10T14:51:46.805000-03:00,2023-01-10T15:07:15.484000-03:00,118,9,2026-09-17T20:47:13.441773-03:00
Setor cultural de São Carlos faz reunião para discutir uso de R$ 2 milhões da Lei Paulo Gustavo,https://g1.globo.com/sp/sao-carlos-regiao/noticia/2023/01/30/setor-cultural-de-sao-carlos-faz-reuniao-para-discutir-uso-de-r-2-milhoes-da-lei-paulo-gustavo.ghtml,"...desfilo como dona Hermínia, na São Clemente, no carnaval de 2013 Marcos Serra Lima/G1 A Lei Complementar 195, a Lei Paulo Gustavo (LGP...",2023-01-30T10:58:52.554000-03:00,2023-01-30T13:46:00.586000-03:00,118,10,2026-09-17T20:47:13.441773-03:00
Varíola dos macacos: SES-MG investiga caso suspeito em Bom Despacho,https://g1.globo.com/mg/centro-oeste/noticia/2022/07/29/variola-dos-macacos-ses-mg-investiga-caso-suspeito-em-bom-despacho.ghtml,"...serão divulgados para preservar a privacidade e individualidade dos pacientes, conforme a Lei Geral de Proteção de Dados Pessoais (LGDP...",2022-07-29T10:15:38.446000-03:00,2022-07-29T11:17:24.456000-03:00,119,1,2026-09-17T20:47:13.441773-03:00
Varíola dos macacos: caso é descartado e novas suspeitas são investigadas no Centro-Oeste de Minas,https://g1.globo.com/mg/centro-oeste/noticia/2022/08/09/variola-dos-macacos-caso-e-descartado-e-novas-suspeitas-sao-investigadas-no-centro-oeste-de-minas.ghtml,"...serão divulgados para preservar a privacidade e individualidade dos pacientes, conforme a Lei Geral de Proteção de Dados Pessoais (LGDP...",2022-08-09T17:33:01.696000-03:00,2022-08-09T17:34:21.427000-03:00,119,2,2026-09-17T20:47:13.441773-03:00
Varíola dos macacos: oito casos suspeitos da doença são investigados no Centro-Oeste de Minas,https://g1.globo.com/mg/centro-oeste/noticia/2022/08/05/variola-dos-macacos-oito-casos-suspeitos-da-doenca-sao-investigados-no-centro-oeste-de-minas.ghtml,"...serão divulgados para preservar a privacidade e individualidade dos pacientes, conforme a Lei Geral de Proteção de Dados Pessoais (LGDP...",2022-08-05T18:02:52.601000-03:00,2022-08-05T18:02:53.097000-03:00,119,3,2026-09-17T20:47:13.441773-03:00
Varíola dos macacos: cidades do Centro-Oeste têm 13 casos suspeitos,https://g1.globo.com/mg/centro-oeste/noticia/2022/08/08/variola-dos-macacos-cidades-do-centro-oeste-tem-13-casos-suspeitos.ghtml,"...serão divulgados para preservar a privacidade e individualidade dos pacientes, conforme a Lei Geral de Proteção de Dados Pessoais (LGDP...",2022-08-08T20:08:19.788000-03:00,2022-08-09T17:28:05.328000-03:00,119,4,2026-09-17T20:47:13.441773-03:00
Franquia lança sistema de rede de câmeras de vigilância para aumentar segurança nas ruas e bairros,https://g1.globo.com/empreendedorismo/pegn/noticia/2022/10/02/franquia-lanca-sistema-de-rede-de-cameras-de-vigilancia-para-aumentar-seguranca-nas-ruas-e-bairros.ghtml,"...A rede segue a Lei Geral de Proteção de Dados, a LGDP...",2022-10-02T07:50:31.729000-03:00,2022-10-02T07:50:32.250000-03:00,119,5,2026-09-17T20:47:13.441773-03:00
Varíola dos macacos: primeiro caso suspeito da doença no Centro-Oeste de Minas é investigado em Pará de Minas,https://g1.globo.com/mg/centro-oeste/noticia/2022/06/25/variola-dos-macacos-primeiro-caso-suspeito-da-doenca-no-centro-oeste-de-minas-e-investigado-em-para-de-minas.ghtml,"...serão divulgados para preservar a privacidade e individualidade dos pacientes, conforme a Lei Geral de Proteção de Dados Pessoais (LGDP...",2022-06-25T16:51:35.508000-03:00,2022-08-05T18:10:32.338000-03:00,119,6,2026-09-17T20:47:13.441773-03:00
Varíola dos macacos: Bom Despacho tem o primeiro caso confirmado,https://g1.globo.com/mg/centro-oeste/noticia/2022/08/03/primeiro-caso-positivo-de-variola-dos-macacos-e-confirmado-em-bom-despacho-diz-prefeitura.ghtml,"...serão divulgados para preservar a privacidade e individualidade dos pacientes, conforme a Lei Geral de Proteção de Dados Pessoais (LGDP...",2022-08-03T12:13:11.254000-03:00,2022-08-03T18:39:32.966000-03:00,119,7,2026-09-17T20:47:13.441773-03:00
Varíola dos macacos: SES-MG investiga novos casos suspeitos em Pará de Minas e Nova Serrana,https://g1.globo.com/mg/centro-oeste/noticia/2022/08/02/variola-dos-macacos-ses-mg-investiga-novos-casos-suspeitos-em-para-de-minas-e-nova-serrana.ghtml,"...serão divulgados para preservar a privacidade e individualidade dos pacientes, conforme a Lei Geral de Proteção de Dados Pessoais (LGDP...",2022-08-02T11:00:59.694000-03:00,2022-08-02T15:46:42.372000-03:00,119,8,2026-09-17T20:47:13.441773-03:00
Varíola dos macacos: Prefeitura de Divinópolis diz ter atendido caso suspeito da doença,https://g1.globo.com/mg/centro-oeste/noticia/2022/08/03/variola-dos-macacos-prefeitura-de-divinopolis-diz-ter-atendido-caso-suspeito-da-doenca.ghtml,"...serão divulgados para preservar a privacidade e individualidade dos pacientes, conforme a Lei Geral de Proteção de Dados Pessoais (LGDP...",2022-08-03T17:56:53.801000-03:00,2022-08-03T20:57:26.481000-03:00,119,9,2026-09-17T20:47:13.441773-03:00
Varíola dos macacos: caso suspeito em Pará de Minas segue em investigação pela SES-MG; Prefeitura diz que já foi descartado,https://g1.globo.com/mg/centro-oeste/noticia/2022/07/06/variola-dos-macacos-caso-suspeito-em-para-de-minas-segue-em-investigacao-pela-ses-mg-prefeitura-diz-que-ja-foi-descartado.ghtml,"...serão divulgados para preservar a privacidade e individualidade dos pacientes, conforme a Lei Geral de Proteção de Dados Pessoais [LGDP...",2022-07-06T16:21:08.286000-03:00,2022-07-06T18:29:08.578000-03:00,119,10,2026-09-17T20:47:13.441773-03:00
Varíola dos macacos: SES-MG divulga novo boletim e descarta suspeita em Pará de Minas,https://g1.globo.com/mg/centro-oeste/noticia/2022/07/06/variola-dos-macacos-ses-mg-divulga-novo-boletim-e-descarta-suspeita-em-para-de-minas.ghtml,"...serão divulgados para preservar a privacidade e individualidade dos pacientes, conforme a Lei Geral de Proteção de Dados Pessoais [LGDP...",2022-07-06T18:33:39.035000-03:00,2022-07-06T18:33:39.989000-03:00,120,1,2026-09-17T20:47:13.441773-03:00
Varíola dos macacos: caso suspeito em Pará de Minas segue em investigação na SES-MG; Prefeitura diz que já foi descartado,https://g1.globo.com/mg/centro-oeste/noticia/2022/07/01/variola-dos-macacos-caso-suspeito-em-para-de-minas-segue-em-investigacao-na-ses-mg-prefeitura-diz-que-ja-foi-descartado.ghtml,"...serão divulgados para preservar a privacidade e individualidade dos pacientes, conforme a Lei Geral de Proteção de Dados Pessoais (LGDP...",2022-07-01T19:29:35.701000-03:00,2022-07-01T19:29:36.200000-03:00,120,2,2026-09-17T20:47:13.441773-03:00
"Caso suspeito de varíola dos macacos é descartado em Pará de Minas, diz Secretaria Municipal de Saúde",https://g1.globo.com/mg/centro-oeste/noticia/2022/06/30/caso-suspeito-de-variola-dos-macacos-e-descartado-em-para-de-minas-diz-secretaria-municipal-de-saude.ghtml,"...serão divulgados para preservar a privacidade e individualidade dos pacientes, conforme a Lei Geral de Proteção de Dados Pessoais (LGDP...",2022-06-30T18:00:46.327000-03:00,2022-06-30T19:33:36.006000-03:00,120,3,2026-09-17T20:47:13.441773-03:00
Estudantes da UFJF criam app que analisa qualidade do leite instantaneamente,https://g1.globo.com/mg/zona-da-mata/noticia/2019/07/30/estudantes-da-ufjf-criam-app-que-analisa-qualidade-do-leite-instantaneamente.ghtml,...de “Smart Milk IoT” – também é uma inovação desenvolvida na UFJF: os sensores de fibra ótica conhecidos como Long Period Grating (LGP...,2019-07-30T18:03:55.787000-03:00,2019-07-30T18:03:56.087000-03:00,120,4,2026-09-17T20:47:13.441773-03:00
"Lei Paulo Gustavo: artistas pedem revogação de editais em SP por prazos restritos, burocracia 'excessiva' e concentração de recursos",https://g1.globo.com/sp/piracicaba-regiao/noticia/2023/09/18/lei-paulo-gustavo-artistas-pedem-revogacao-de-editais-em-sp-por-prazos-restritos-burocracia-excessiva-e-concentracao-de-recursos.ghtml,"...Globo Artistas e produtores culturais do interior e do litoral pedem, em manifesto, a revogação dos editais da Lei Paulo Gustavo (LGP...",2023-09-18T07:33:47.937000-03:00,2023-09-18T10:52:55.197000-03:00,120,5,2026-09-17T20:47:13.441773-03:00
"Monomotor faz pouso de emergência em pista de garimpo, no Pará",https://g1.globo.com/pa/para/noticia/2015/07/monomotor-faz-pouso-de-emergencia-em-pista-de-garimpo-no-para.html,"...A aeronave, de matrícula PR-LGP, decolou de Jacareacanga e pousou em área de garimpo após um dos passageiros passar mal...",2015-07-15T16:25:01-03:00,2015-07-15T16:25:01-03:00,120,6,2026-09-17T20:47:13.441773-03:00
Coronavírus: uso de dados de geolocalização contra a pandemia põe em risco sua privacidade?,https://g1.globo.com/economia/tecnologia/noticia/2020/04/21/coronavirus-uso-de-dados-de-geolocalizacao-contra-a-pandemia-e-o-risco-da-sua-privacidade.ghtml,"...Essa permissão também está prevista na Lei Geral de Proteção de Dados (LGDP), aprovada em 2018, mas que ainda não entrou em vigor... — ...Mas é exatamente por isso que a LGDP foi criada...",2020-04-21T15:51:44.664000-03:00,2020-04-21T16:10:53.728000-03:00,120,7,2026-09-17T20:47:13.441773-03:00
Suspeito de ordenar morte da ex na BA já havia compartilhado ameaça com munições: 'Todas pra você',https://g1.globo.com/ba/bahia/noticia/suspeito-de-ordenar-morte-da-ex-na-ba-ja-havia-compartilhado-ameaca-com-municoes-todas-pra-voce.ghtml,"...Na legenda, o jovem escreveu: ""Kkk#ta lgda#""...",2018-04-23T13:18:01.970000-03:00,2018-04-23T13:53:10.363000-03:00,120,8,2026-09-17T20:47:13.441773-03:00
Uberaba recebe projeto 'Livro de Graça na Praça' neste domingo,https://g1.globo.com/minas-gerais/triangulo-mineiro/noticia/2013/10/uberaba-recebe-projeto-livro-de-graca-na-praca-neste-domingo.html,"...Livro será distribuído gratuitamente (Foto: Divulgação/LGP) Uberaba recebe neste domingo (6), o projeto ‘Livro de Graça na Praça... — ...Mais informações pelo site LGP...",2013-10-05T17:25:54-03:00,2013-10-05T17:26:40-03:00,120,9,2026-09-17T20:47:13.441773-03:00
Corregedoria do Detran-RJ investiga vazamento de dados para empresas que prometem solucionar multas de trânsito,https://g1.globo.com/rj/rio-de-janeiro/noticia/2019/10/31/corregedoria-do-detran-rj-investiga-vazamento-de-dados-para-empresas-que-prometem-solucionar-multas-de-transito.ghtml,"...do site do Detran.RJ para uso comercial, lembramos que a Lei 13.709 de 14 de agosto de 2018, chamada Lei Geral de Dados Pessoais (LGDP...",2019-10-31T12:27:13.309000-03:00,2019-11-08T13:10:47.978000-03:00,120,10,2026-09-17T20:47:13.441773-03:00
Curso de Libras da Udesc está com inscrições abertas até 9 de agosto,https://g1.globo.com/sc/santa-catarina/noticia/2013/08/curso-de-libras-da-udesc-esta-com-inscricoes-abertas-ate-9-de-agosto.html,"...Nos Estados Unidos, por exemplo, a língua utilizada é a ASL - American Sign Language ou língua de sinais americana e em Portugal a LGP...",2013-08-01T12:35:51-03:00,2013-08-01T12:35:51-03:00,121,1,2026-09-17T20:47:13.441773-03:00
Desempregados na Espanha superam de novo 4 milhões de pessoas em setembro,https://g1.globo.com/mundo/noticia/2010/10/desempregados-na-espanha-superam-de-novo-4-milhoes-de-pessoas-em-setembro.html,...EFE lgp/ma...,2010-10-04T04:20:03-03:00,2010-10-04T04:20:03-03:00,121,2,2026-09-17T20:47:13.441773-03:00
Captação líquida da poupança da Caixa cresce 189% no semestre,https://g1.globo.com/economia/noticia/2012/07/captacao-liquida-da-poupanca-da-caixa-cresce-189-no-semestre.html,"...Para o vice-presidente de Pessoa Física da CAIXA, Fábio Lenza, o resultado está lgado à rentabilidade do investimento...",2012-07-03T18:47:55-03:00,2012-07-03T18:47:55-03:00,121,3,2026-09-17T20:47:13.441773-03:00
Startup brasileira de educação para surdos é finalista de prêmio internacional de tecnologia para ensino,https://g1.globo.com/educacao/noticia/2019/03/08/startup-brasileira-de-educacao-para-surdos-e-finalista-de-premio-internacional-de-tecnologia-para-ensino.ghtml,"...Por isso, a língua de sinais utilizada em Portugal (LGP) é um sistema completamente diferente do nosso - assim como a usada nos Estados...",2019-03-08T13:46:35.502000-03:00,2019-03-08T14:44:17.091000-03:00,121,4,2026-09-17T20:47:13.441773-03:00
"Inflação na Espanha cai 2 décimos, para 2,9%",https://g1.globo.com/mundo/noticia/2011/08/inflacao-na-espanha-cai-2-decimos-para-29.html,...EFE lgp/pa...,2011-08-30T07:12:21-03:00,2011-08-30T07:12:21-03:00,121,5,2026-09-17T20:47:13.441773-03:00
"'League of Legends': Brasil pega EUA, Taiwan e Coreia do Sul no mundial",https://g1.globo.com/tecnologia/games/noticia/2015/09/league-legends-brasil-pega-eua-taiwan-e-coreia-do-sul-no-mundial.html,"...bicho-papões do cenário internacional de ""LoL"", como as ex-campeãs SK Telecom T1 (2013) e Fnatic (2011) e as perigosíssimas Cloud 9 e LGD...",2015-09-14T17:34:37-03:00,2015-09-14T17:55:44-03:00,121,6,2026-09-17T20:47:13.441773-03:00
Bolsa de Nova York terá três aberturas de capital na próxima semana,https://g1.globo.com/economia/noticia/2012/10/bolsa-de-nova-york-tera-tres-aberturas-de-capital-na-proxima-semana.html,...A empresa será listada sob o código LGP...,2012-10-19T21:06:03-03:00,2012-10-19T21:06:04-03:00,121,7,2026-09-17T20:47:13.441773-03:00
Sindicatos espanhóis convocam manifestações para meados de dezembro,https://g1.globo.com/mundo/noticia/2010/10/sindicatos-espanhois-convocam-manifestacoes-para-meados-de-dezembro.html,...EFE lgp/mm...,2010-10-27T10:20:03-02:00,2010-10-27T10:20:03-02:00,121,8,2026-09-17T20:47:13.441773-03:00
Região de Ribeirão Preto tem cursos para empresários e quem deseja abrir o próprio negócio,https://g1.globo.com/sp/ribeirao-preto-franca/noticia/2019/11/22/regiao-de-ribeirao-preto-tem-cursos-para-empresarios-e-quem-deseja-abrir-o-proprio-negocio.ghtml,"...O LGP também promove palestras sempre na primeira quarta-feira de cada mês, das 19h às 21h, abordando temas relacionados à gestão,...",2019-11-22T11:32:40.172000-03:00,2019-11-22T11:59:21.805000-03:00,121,9,2026-09-17T20:47:13.441773-03:00
